t,x_a,y_a,z_a,x_b,y_b,z_b,separation
0.00000,-4.902696,-3.743865,24.690890,-4.902696,-3.743865,24.690890,0.0000000100
0.00500,-4.847750,-3.808514,24.455282,-4.847750,-3.808514,24.455282,0.0000000095
0.01000,-4.798746,-3.877576,24.223422,-4.798746,-3.877576,24.223422,0.0000000091
0.01500,-4.755607,-3.950930,23.995443,-4.755607,-3.950930,23.995443,0.0000000087
0.02000,-4.718252,-4.028477,23.771478,-4.718252,-4.028477,23.771478,0.0000000083
0.02500,-4.686603,-4.110133,23.551654,-4.686603,-4.110133,23.551654,0.0000000080
0.03000,-4.660579,-4.195832,23.336102,-4.660579,-4.195832,23.336102,0.0000000077
0.03500,-4.640102,-4.285525,23.124952,-4.640102,-4.285525,23.124952,0.0000000074
0.04000,-4.625096,-4.379175,22.918334,-4.625096,-4.379175,22.918334,0.0000000072
0.04500,-4.615486,-4.476760,22.716382,-4.615486,-4.476760,22.716382,0.0000000070
0.05000,-4.611200,-4.578271,22.519234,-4.611200,-4.578271,22.519234,0.0000000068
0.05500,-4.612171,-4.683709,22.327030,-4.612171,-4.683709,22.327030,0.0000000066
0.06000,-4.618333,-4.793086,22.139917,-4.618333,-4.793086,22.139917,0.0000000065
0.06500,-4.629626,-4.906424,21.958044,-4.629626,-4.906424,21.958044,0.0000000064
0.07000,-4.645995,-5.023753,21.781571,-4.645995,-5.023753,21.781571,0.0000000063
0.07500,-4.667386,-5.145108,21.610662,-4.667386,-5.145108,21.610662,0.0000000063
0.08000,-4.693752,-5.270532,21.445488,-4.693752,-5.270532,21.445488,0.0000000062
0.08500,-4.725050,-5.400071,21.286229,-4.725050,-5.400071,21.286229,0.0000000062
0.09000,-4.761242,-5.533777,21.133076,-4.761242,-5.533777,21.133076,0.0000000062
0.09500,-4.802293,-5.671702,20.986225,-4.802293,-5.671702,20.986225,0.0000000062
0.10000,-4.848174,-5.813900,20.845886,-4.848174,-5.813900,20.845886,0.0000000063
0.10500,-4.898858,-5.960425,20.712278,-4.898858,-5.960425,20.712278,0.0000000063
0.11000,-4.954324,-6.111328,20.585630,-4.954324,-6.111328,20.585630,0.0000000063
0.11500,-5.014553,-6.266659,20.466185,-5.014553,-6.266659,20.466185,0.0000000064
0.12000,-5.079530,-6.426463,20.354197,-5.079530,-6.426463,20.354197,0.0000000064
0.12500,-5.149242,-6.590777,20.249932,-5.149242,-6.590777,20.249931,0.0000000065
0.13000,-5.223680,-6.759634,20.153669,-5.223680,-6.759634,20.153669,0.0000000066
0.13500,-5.302835,-6.933054,20.065702,-5.302835,-6.933054,20.065702,0.0000000067
0.14000,-5.386700,-7.111047,19.986336,-5.386700,-7.111047,19.986336,0.0000000068
0.14500,-5.475268,-7.293612,19.915893,-5.475268,-7.293612,19.915893,0.0000000068
0.15000,-5.568532,-7.480729,19.854704,-5.568532,-7.480729,19.854704,0.0000000069
0.15500,-5.666484,-7.672363,19.803119,-5.666484,-7.672363,19.803119,0.0000000070
0.16000,-5.769116,-7.868458,19.761497,-5.769116,-7.868458,19.761497,0.0000000071
0.16500,-5.876414,-8.068937,19.730213,-5.876414,-8.068937,19.730213,0.0000000072
0.17000,-5.988362,-8.273697,19.709653,-5.988362,-8.273697,19.709653,0.0000000073
0.17500,-6.104939,-8.482608,19.700215,-6.104939,-8.482608,19.700215,0.0000000074
0.18000,-6.226119,-8.695509,19.702310,-6.226119,-8.695509,19.702310,0.0000000075
0.18500,-6.351866,-8.912206,19.716354,-6.351866,-8.912206,19.716354,0.0000000076
0.19000,-6.482137,-9.132470,19.742775,-6.482137,-9.132470,19.742775,0.0000000077
0.19500,-6.616879,-9.356029,19.782004,-6.616879,-9.356029,19.782004,0.0000000078
0.20000,-6.756028,-9.582573,19.834478,-6.756028,-9.582573,19.834478,0.0000000079
0.20500,-6.899505,-9.811741,19.900631,-6.899505,-9.811741,19.900631,0.0000000080
0.21000,-7.047218,-10.043127,19.980899,-7.047218,-10.043127,19.980899,0.0000000081
0.21500,-7.199057,-10.276271,20.075710,-7.199057,-10.276271,20.075710,0.0000000082
0.22000,-7.354894,-10.510658,20.185479,-7.354894,-10.510657,20.185479,0.0000000083
0.22500,-7.514580,-10.745713,20.310609,-7.514580,-10.745713,20.310609,0.0000000083
0.23000,-7.677946,-10.980804,20.451481,-7.677946,-10.980804,20.451481,0.0000000084
0.23500,-7.844797,-11.215233,20.608449,-7.844797,-11.215233,20.608449,0.0000000085
0.24000,-8.014912,-11.448239,20.781835,-8.014912,-11.448239,20.781835,0.0000000085
0.24500,-8.188042,-11.678993,20.971919,-8.188042,-11.678993,20.971919,0.0000000086
0.25000,-8.363909,-11.906602,21.178933,-8.363909,-11.906602,21.178933,0.0000000086
0.25500,-8.542202,-12.130104,21.403053,-8.542202,-12.130104,21.403053,0.0000000086
0.26000,-8.722579,-12.348473,21.644388,-8.722579,-12.348473,21.644388,0.0000000087
0.26500,-8.904660,-12.560619,21.902973,-8.904660,-12.560619,21.902973,0.0000000087
0.27000,-9.088030,-12.765393,22.178757,-9.088030,-12.765393,22.178757,0.0000000087
0.27500,-9.272239,-12.961591,22.471597,-9.272239,-12.961591,22.471597,0.0000000087
0.28000,-9.456796,-13.147959,22.781243,-9.456796,-13.147959,22.781243,0.0000000087
0.28500,-9.641173,-13.323201,23.107332,-9.641173,-13.323201,23.107332,0.0000000087
0.29000,-9.824804,-13.485991,23.449376,-9.824804,-13.485991,23.449376,0.0000000087
0.29500,-10.007084,-13.634979,23.806758,-10.007084,-13.634979,23.806758,0.0000000086
0.30000,-10.187374,-13.768810,24.178716,-10.187374,-13.768810,24.178716,0.0000000086
0.30500,-10.364997,-13.886132,24.564345,-10.364997,-13.886132,24.564345,0.0000000085
0.31000,-10.539246,-13.985617,24.962585,-10.539246,-13.985617,24.962585,0.0000000085
0.31500,-10.709384,-14.065975,25.372223,-10.709384,-14.065975,25.372223,0.0000000084
0.32000,-10.874647,-14.125977,25.791889,-10.874647,-14.125977,25.791889,0.0000000083
0.32500,-11.034252,-14.164471,26.220056,-11.034252,-14.164471,26.220056,0.0000000083
0.33000,-11.187400,-14.180404,26.655047,-11.187400,-14.180404,26.655047,0.0000000082
0.33500,-11.333282,-14.172843,27.095043,-11.333282,-14.172843,27.095043,0.0000000081
0.34000,-11.471086,-14.140998,27.538089,-11.471086,-14.140998,27.538089,0.0000000080
0.34500,-11.600006,-14.084238,27.982110,-11.600006,-14.084238,27.982110,0.0000000079
0.35000,-11.719248,-14.002113,28.424930,-11.719248,-14.002113,28.424930,0.0000000078
0.35500,-11.828040,-13.894369,28.864289,-11.828040,-13.894369,28.864289,0.0000000078
0.36000,-11.925639,-13.760963,29.297866,-11.925639,-13.760963,29.297866,0.0000000077
0.36500,-12.011345,-13.602079,29.723308,-12.011345,-13.602079,29.723308,0.0000000076
0.37000,-12.084504,-13.418127,30.138252,-12.084504,-13.418127,30.138252,0.0000000076
0.37500,-12.144520,-13.209756,30.540362,-12.144520,-13.209756,30.540362,0.0000000075
0.38000,-12.190863,-12.977848,30.927354,-12.190863,-12.977848,30.927354,0.0000000075
0.38500,-12.223080,-12.723516,31.297028,-12.223080,-12.723516,31.297028,0.0000000074
0.39000,-12.240797,-12.448094,31.647299,-12.240797,-12.448094,31.647299,0.0000000074
0.39500,-12.243730,-12.153123,31.976226,-12.243730,-12.153123,31.976226,0.0000000074
0.40000,-12.231689,-11.840330,32.282036,-12.231689,-11.840330,32.282036,0.0000000074
0.40500,-12.204580,-11.511611,32.563152,-12.204580,-11.511611,32.563152,0.0000000074
0.41000,-12.162411,-11.169000,32.818212,-12.162411,-11.169000,32.818212,0.0000000074
0.41500,-12.105292,-10.814641,33.046081,-12.105292,-10.814641,33.046081,0.0000000074
0.42000,-12.033433,-10.450763,33.245871,-12.033433,-10.450763,33.245871,0.0000000074
0.42500,-11.947145,-10.079639,33.416938,-11.947145,-10.079639,33.416938,0.0000000074
0.43000,-11.846834,-9.703560,33.558893,-11.846834,-9.703560,33.558893,0.0000000074
0.43500,-11.732998,-9.324803,33.671592,-11.732998,-9.324803,33.671592,0.0000000074
0.44000,-11.606223,-8.945597,33.755135,-11.606223,-8.945597,33.755135,0.0000000074
0.44500,-11.467169,-8.568097,33.809847,-11.467169,-8.568097,33.809847,0.0000000074
0.45000,-11.316571,-8.194357,33.836271,-11.316571,-8.194357,33.836271,0.0000000074
0.45500,-11.155222,-7.826309,33.835143,-11.155222,-7.826309,33.835143,0.0000000074
0.46000,-10.983969,-7.465742,33.807373,-10.983969,-7.465742,33.807373,0.0000000074
0.46500,-10.803701,-7.114288,33.754025,-10.803701,-7.114288,33.754025,0.0000000073
0.47000,-10.615339,-6.773410,33.676288,-10.615339,-6.773410,33.676288,0.0000000073
0.47500,-10.419826,-6.444396,33.575457,-10.419826,-6.444396,33.575457,0.0000000073
0.48000,-10.218116,-6.128353,33.452906,-10.218116,-6.128353,33.452906,0.0000000072
0.48500,-10.011168,-5.826208,33.310066,-10.011168,-5.826208,33.310066,0.0000000072
0.49000,-9.799936,-5.538712,33.148401,-9.799936,-5.538712,33.148401,0.0000000071
0.49500,-9.585356,-5.266446,32.969393,-9.585356,-5.266446,32.969393,0.0000000070
0.50000,-9.368346,-5.009827,32.774515,-9.368346,-5.009827,32.774515,0.0000000070
0.50500,-9.149795,-4.769119,32.565224,-9.149795,-4.769119,32.565224,0.0000000069
0.51000,-8.930557,-4.544446,32.342940,-8.930557,-4.544446,32.342940,0.0000000068
0.51500,-8.711449,-4.335804,32.109039,-8.711449,-4.335804,32.109039,0.0000000067
0.52000,-8.493243,-4.143074,31.864840,-8.493243,-4.143074,31.864840,0.0000000066
0.52500,-8.276666,-3.966034,31.611599,-8.276666,-3.966034,31.611599,0.0000000065
0.53000,-8.062398,-3.804377,31.350504,-8.062398,-3.804377,31.350504,0.0000000064
0.53500,-7.851065,-3.657721,31.082669,-7.851065,-3.657721,31.082669,0.0000000064
0.54000,-7.643247,-3.525621,30.809137,-7.643247,-3.525621,30.809137,0.0000000063
0.54500,-7.439470,-3.407584,30.530874,-7.439470,-3.407584,30.530874,0.0000000062
0.55000,-7.240209,-3.303079,30.248772,-7.240209,-3.303079,30.248772,0.0000000061
0.55500,-7.045891,-3.211548,29.963651,-7.045891,-3.211548,29.963651,0.0000000060
0.56000,-6.856893,-3.132413,29.676262,-6.856893,-3.132413,29.676262,0.0000000060
0.56500,-6.673545,-3.065088,29.387288,-6.673545,-3.065088,29.387288,0.0000000059
0.57000,-6.496135,-3.008985,29.097348,-6.496135,-3.008985,29.097348,0.0000000058
0.57500,-6.324905,-2.963519,28.807004,-6.324905,-2.963519,28.807004,0.0000000058
0.58000,-6.160058,-2.928118,28.516761,-6.160058,-2.928118,28.516761,0.0000000057
0.58500,-6.001760,-2.902222,28.227074,-6.001760,-2.902222,28.227074,0.0000000057
0.59000,-5.850142,-2.885291,27.938352,-5.850142,-2.885291,27.938352,0.0000000056
0.59500,-5.705303,-2.876807,27.650960,-5.705303,-2.876807,27.650960,0.0000000056
0.60000,-5.567311,-2.876276,27.365227,-5.567311,-2.876276,27.365227,0.0000000056
0.60500,-5.436209,-2.883233,27.081444,-5.436209,-2.883233,27.081444,0.0000000055
0.61000,-5.312015,-2.897237,26.799876,-5.312015,-2.897237,26.799876,0.0000000055
0.61500,-5.194727,-2.917880,26.520757,-5.194727,-2.917880,26.520757,0.0000000055
0.62000,-5.084320,-2.944779,26.244299,-5.084320,-2.944779,26.244299,0.0000000055
0.62500,-4.980757,-2.977585,25.970691,-4.980757,-2.977585,25.970691,0.0000000055
0.63000,-4.883983,-3.015976,25.700108,-4.883983,-3.015976,25.700108,0.0000000056
0.63500,-4.793932,-3.059659,25.432705,-4.793932,-3.059659,25.432705,0.0000000056
0.64000,-4.710529,-3.108370,25.168626,-4.710529,-3.108370,25.168626,0.0000000056
0.64500,-4.633687,-3.161874,24.908005,-4.633687,-3.161874,24.908005,0.0000000056
0.65000,-4.563316,-3.219960,24.650964,-4.563316,-3.219960,24.650964,0.0000000057
0.65500,-4.499318,-3.282444,24.397620,-4.499318,-3.282444,24.397620,0.0000000057
0.66000,-4.441595,-3.349169,24.148085,-4.441595,-3.349169,24.148085,0.0000000058
0.66500,-4.390041,-3.419998,23.902463,-4.390041,-3.419998,23.902463,0.0000000059
0.67000,-4.344556,-3.494818,23.660859,-4.344556,-3.494818,23.660859,0.0000000059
0.67500,-4.305033,-3.573539,23.423375,-4.305033,-3.573539,23.423375,0.0000000060
0.68000,-4.271372,-3.656087,23.190112,-4.271372,-3.656087,23.190112,0.0000000061
0.68500,-4.243472,-3.742411,22.961171,-4.243472,-3.742411,22.961171,0.0000000062
0.69000,-4.221234,-3.832476,22.736657,-4.221234,-3.832476,22.736657,0.0000000063
0.69500,-4.204565,-3.926261,22.516674,-4.204565,-3.926261,22.516674,0.0000000064
0.70000,-4.193374,-4.023764,22.301331,-4.193374,-4.023764,22.301331,0.0000000065
0.70500,-4.187576,-4.124996,22.090741,-4.187576,-4.124996,22.090741,0.0000000066
0.71000,-4.187090,-4.229979,21.885022,-4.187090,-4.229979,21.885022,0.0000000068
0.71500,-4.191841,-4.338749,21.684296,-4.191841,-4.338749,21.684296,0.0000000069
0.72000,-4.201759,-4.451353,21.488692,-4.201759,-4.451353,21.488692,0.0000000070
0.72500,-4.216780,-4.567845,21.298345,-4.216780,-4.567845,21.298345,0.0000000072
0.73000,-4.236847,-4.688291,21.113401,-4.236847,-4.688291,21.113401,0.0000000073
0.73500,-4.261908,-4.812762,20.934009,-4.261908,-4.812762,20.934009,0.0000000075
0.74000,-4.291919,-4.941337,20.760331,-4.291919,-4.941337,20.760331,0.0000000076
0.74500,-4.326838,-5.074098,20.592537,-4.326838,-5.074098,20.592537,0.0000000078
0.75000,-4.366634,-5.211134,20.430807,-4.366634,-5.211134,20.430807,0.0000000080
0.75500,-4.411280,-5.352536,20.275332,-4.411280,-5.352536,20.275332,0.0000000082
0.76000,-4.460754,-5.498397,20.126316,-4.460754,-5.498397,20.126316,0.0000000084
0.76500,-4.515040,-5.648809,19.983974,-4.515040,-5.648809,19.983974,0.0000000086
0.77000,-4.574128,-5.803866,19.848535,-4.574128,-5.803866,19.848535,0.0000000088
0.77500,-4.638013,-5.963659,19.720239,-4.638013,-5.963659,19.720239,0.0000000090
0.78000,-4.706693,-6.128274,19.599345,-4.706693,-6.128274,19.599345,0.0000000092
0.78500,-4.780173,-6.297796,19.486122,-4.780173,-6.297796,19.486122,0.0000000094
0.79000,-4.858459,-6.472299,19.380859,-4.858459,-6.472299,19.380859,0.0000000097
0.79500,-4.941561,-6.651851,19.283857,-4.941561,-6.651851,19.283857,0.0000000099
0.80000,-5.029492,-6.836511,19.195437,-5.029492,-6.836511,19.195437,0.0000000102
0.80500,-5.122268,-7.026324,19.115936,-5.122268,-7.026324,19.115936,0.0000000104
0.81000,-5.219903,-7.221321,19.045707,-5.219903,-7.221321,19.045707,0.0000000107
0.81500,-5.322415,-7.421518,18.985123,-5.322415,-7.421518,18.985123,0.0000000109
0.82000,-5.429819,-7.626911,18.934574,-5.429819,-7.626911,18.934574,0.0000000112
0.82500,-5.542129,-7.837473,18.894468,-5.542129,-7.837473,18.894468,0.0000000115
0.83000,-5.659356,-8.053155,18.865229,-5.659356,-8.053155,18.865229,0.0000000117
0.83500,-5.781510,-8.273880,18.847302,-5.781510,-8.273880,18.847302,0.0000000120
0.84000,-5.908593,-8.499539,18.841146,-5.908593,-8.499539,18.841146,0.0000000123
0.84500,-6.040603,-8.729991,18.847236,-6.040603,-8.729990,18.847236,0.0000000126
0.85000,-6.177527,-8.965055,18.866062,-6.177527,-8.965055,18.866062,0.0000000129
0.85500,-6.319347,-9.204510,18.898129,-6.319347,-9.204510,18.898129,0.0000000132
0.86000,-6.466031,-9.448092,18.943950,-6.466031,-9.448092,18.943950,0.0000000135
0.86500,-6.617536,-9.695483,19.004049,-6.617536,-9.695483,19.004049,0.0000000137
0.87000,-6.773804,-9.946315,19.078955,-6.773804,-9.946315,19.078955,0.0000000140
0.87500,-6.934760,-10.200162,19.169198,-6.934760,-10.200162,19.169198,0.0000000143
0.88000,-7.100310,-10.456535,19.275309,-7.100310,-10.456535,19.275309,0.0000000146
0.88500,-7.270340,-10.714880,19.397809,-7.270340,-10.714880,19.397809,0.0000000149
0.89000,-7.444714,-10.974574,19.537210,-7.444714,-10.974574,19.537210,0.0000000152
0.89500,-7.623268,-11.234920,19.694003,-7.623268,-11.234920,19.694003,0.0000000155
0.90000,-7.805811,-11.495142,19.868655,-7.805811,-11.495142,19.868655,0.0000000157
0.90500,-7.992122,-11.754388,20.061599,-7.992122,-11.754388,20.061599,0.0000000160
0.91000,-8.181947,-12.011719,20.273226,-8.181947,-12.011719,20.273226,0.0000000162
0.91500,-8.374996,-12.266117,20.503875,-8.374996,-12.266117,20.503875,0.0000000165
0.92000,-8.570943,-12.516476,20.753824,-8.570943,-12.516476,20.753824,0.0000000167
0.92500,-8.769420,-12.761608,21.023274,-8.769420,-12.761608,21.023274,0.0000000169
0.93000,-8.970018,-13.000241,21.312346,-8.970018,-13.000241,21.312346,0.0000000171
0.93500,-9.172284,-13.231026,21.621058,-9.172284,-13.231026,21.621058,0.0000000173
0.94000,-9.375718,-13.452539,21.949322,-9.375718,-13.452539,21.949322,0.0000000175
0.94500,-9.579776,-13.663288,22.296922,-9.579776,-13.663288,22.296922,0.0000000176
0.95000,-9.783864,-13.861723,22.663509,-9.783864,-13.861723,22.663509,0.0000000178
0.95500,-9.987340,-14.046247,23.048581,-9.987340,-14.046247,23.048581,0.0000000179
0.96000,-10.189517,-14.215227,23.451477,-10.189517,-14.215227,23.451477,0.0000000180
0.96500,-10.389659,-14.367015,23.871363,-10.389659,-14.367015,23.871363,0.0000000180
0.97000,-10.586986,-14.499960,24.307221,-10.586986,-14.499960,24.307221,0.0000000181
0.97500,-10.780676,-14.612432,24.757844,-10.780676,-14.612432,24.757844,0.0000000181
0.98000,-10.969868,-14.702843,25.221830,-10.969868,-14.702843,25.221830,0.0000000181
0.98500,-11.153670,-14.769672,25.697578,-11.153670,-14.769672,25.697578,0.0000000180
0.99000,-11.331157,-14.811493,26.183290,-11.331157,-14.811493,26.183290,0.0000000180
0.99500,-11.501385,-14.826999,26.676975,-11.501385,-14.826999,26.676975,0.0000000179
1.00000,-11.663397,-14.815030,27.176460,-11.663397,-14.815030,27.176460,0.0000000178
1.00500,-11.816227,-14.774605,27.679396,-11.816227,-14.774605,27.679396,0.0000000177
1.01000,-11.958916,-14.704944,28.183286,-11.958916,-14.704944,28.183286,0.0000000175
1.01500,-12.090518,-14.605493,28.685497,-12.090518,-14.605493,28.685497,0.0000000174
1.02000,-12.210112,-14.475952,29.183292,-12.210112,-14.475952,29.183292,0.0000000172
1.02500,-12.316815,-14.316289,29.673859,-12.316815,-14.316289,29.673859,0.0000000171
1.03000,-12.409790,-14.126756,30.154346,-12.409790,-14.126756,30.154346,0.0000000169
1.03500,-12.488264,-13.907904,30.621895,-12.488264,-13.907904,30.621895,0.0000000167
1.04000,-12.551533,-13.660581,31.073687,-12.551533,-13.660581,31.073687,0.0000000165
1.04500,-12.598977,-13.385936,31.506978,-12.598977,-13.385936,31.506978,0.0000000164
1.05000,-12.630070,-13.085406,31.919140,-12.630070,-13.085406,31.919140,0.0000000162
1.05500,-12.644387,-12.760708,32.307703,-12.644387,-12.760708,32.307703,0.0000000161
1.06000,-12.641617,-12.413814,32.670392,-12.641617,-12.413814,32.670392,0.0000000159
1.06500,-12.621562,-12.046926,33.005158,-12.621562,-12.046926,33.005158,0.0000000158
1.07000,-12.584149,-11.662445,33.310214,-12.584149,-11.662445,33.310214,0.0000000157
1.07500,-12.529430,-11.262934,33.584052,-12.529430,-11.262934,33.584052,0.0000000156
1.08000,-12.457580,-10.851078,33.825471,-12.457580,-10.851078,33.825471,0.0000000155
1.08500,-12.368900,-10.429642,34.033578,-12.368900,-10.429642,34.033578,0.0000000154
1.09000,-12.263814,-10.001431,34.207803,-12.263814,-10.001431,34.207803,0.0000000154
1.09500,-12.142860,-9.569242,34.347895,-12.142860,-9.569242,34.347895,0.0000000153
1.10000,-12.006686,-9.135828,34.453909,-12.006686,-9.135828,34.453909,0.0000000153
1.10500,-11.856040,-8.703854,34.526199,-11.856040,-8.703854,34.526199,0.0000000152
1.11000,-11.691761,-8.275866,34.565397,-11.691761,-8.275866,34.565397,0.0000000152
1.11500,-11.514769,-7.854254,34.572384,-11.514769,-7.854254,34.572384,0.0000000151
1.12000,-11.326049,-7.441234,34.548270,-11.326049,-7.441234,34.548270,0.0000000151
1.12500,-11.126642,-7.038818,34.494358,-11.126642,-7.038818,34.494358,0.0000000150
1.13000,-10.917633,-6.648804,34.412118,-10.917633,-6.648804,34.412118,0.0000000149
1.13500,-10.700134,-6.272764,34.303146,-10.700134,-6.272764,34.303146,0.0000000149
1.14000,-10.475274,-5.912040,34.169140,-10.475274,-5.912040,34.169140,0.0000000148
1.14500,-10.244188,-5.567742,34.011868,-10.244188,-5.567742,34.011868,0.0000000147
1.15000,-10.008003,-5.240753,33.833132,-10.008003,-5.240753,33.833133,0.0000000146
1.15500,-9.767830,-4.931741,33.634751,-9.767830,-4.931741,33.634751,0.0000000144
1.16000,-9.524750,-4.641163,33.418527,-9.524750,-4.641163,33.418527,0.0000000143
1.16500,-9.279814,-4.369286,33.186232,-9.279814,-4.369286,33.186232,0.0000000142
1.17000,-9.034025,-4.116199,32.939585,-9.034025,-4.116199,32.939586,0.0000000140
1.17500,-8.788341,-3.881832,32.680240,-8.788341,-3.881832,32.680240,0.0000000138
1.18000,-8.543666,-3.665973,32.409772,-8.543666,-3.665973,32.409772,0.0000000137
1.18500,-8.300844,-3.468286,32.129669,-8.300844,-3.468286,32.129669,0.0000000135
1.19000,-8.060662,-3.288330,31.841327,-8.060662,-3.288330,31.841327,0.0000000133
1.19500,-7.823842,-3.125577,31.546045,-7.823842,-3.125577,31.546045,0.0000000131
1.20000,-7.591045,-2.979427,31.245024,-7.591045,-2.979427,31.245024,0.0000000129
1.20500,-7.362869,-2.849226,30.939366,-7.362869,-2.849226,30.939366,0.0000000127
1.21000,-7.139849,-2.734276,30.630079,-7.139849,-2.734276,30.630079,0.0000000125
1.21500,-6.922460,-2.633855,30.318077,-6.922460,-2.633855,30.318077,0.0000000123
1.22000,-6.711117,-2.547221,30.004185,-6.711117,-2.547221,30.004185,0.0000000121
1.22500,-6.506181,-2.473631,29.689146,-6.506181,-2.473631,29.689146,0.0000000119
1.23000,-6.307955,-2.412340,29.373622,-6.307955,-2.412340,29.373622,0.0000000117
1.23500,-6.116696,-2.362619,29.058204,-6.116696,-2.362619,29.058204,0.0000000115
1.24000,-5.932609,-2.323752,28.743414,-5.932609,-2.323752,28.743414,0.0000000113
1.24500,-5.755857,-2.295051,28.429716,-5.755857,-2.295051,28.429716,0.0000000111
1.25000,-5.586562,-2.275852,28.117515,-5.586562,-2.275852,28.117515,0.0000000110
1.25500,-5.424808,-2.265522,27.807169,-5.424808,-2.265522,27.807169,0.0000000108
1.26000,-5.270645,-2.263464,27.498988,-5.270645,-2.263464,27.498988,0.0000000106
1.26500,-5.124092,-2.269113,27.193246,-5.124092,-2.269113,27.193246,0.0000000105
1.27000,-4.985140,-2.281942,26.890180,-4.985140,-2.281942,26.890180,0.0000000104
1.27500,-4.853757,-2.301462,26.589997,-4.853757,-2.301462,26.589997,0.0000000103
1.28000,-4.729889,-2.327221,26.292877,-4.729889,-2.327221,26.292877,0.0000000101
1.28500,-4.613464,-2.358803,25.998978,-4.613464,-2.358803,25.998978,0.0000000100
1.29000,-4.504391,-2.395829,25.708436,-4.504391,-2.395829,25.708436,0.0000000100
1.29500,-4.402571,-2.437957,25.421375,-4.402571,-2.437957,25.421375,0.0000000099
1.30000,-4.307891,-2.484878,25.137900,-4.307891,-2.484878,25.137900,0.0000000098
1.30500,-4.220228,-2.536318,24.858107,-4.220228,-2.536318,24.858107,0.0000000098
1.31000,-4.139456,-2.592035,24.582083,-4.139456,-2.592035,24.582083,0.0000000097
1.31500,-4.065441,-2.651816,24.309906,-4.065441,-2.651816,24.309906,0.0000000097
1.32000,-3.998048,-2.715479,24.041650,-3.998048,-2.715479,24.041650,0.0000000097
1.32500,-3.937139,-2.782870,23.777384,-3.937139,-2.782870,23.777384,0.0000000097
1.33000,-3.882575,-2.853862,23.517174,-3.882575,-2.853862,23.517174,0.0000000097
1.33500,-3.834222,-2.928351,23.261084,-3.834222,-2.928351,23.261084,0.0000000097
1.34000,-3.791944,-3.006256,23.009179,-3.791944,-3.006256,23.009179,0.0000000097
1.34500,-3.755610,-3.087521,22.761523,-3.755610,-3.087521,22.761523,0.0000000098
1.35000,-3.725094,-3.172109,22.518183,-3.725094,-3.172109,22.518183,0.0000000099
1.35500,-3.700272,-3.260000,22.279225,-3.700272,-3.260000,22.279225,0.0000000099
1.36000,-3.681028,-3.351196,22.044723,-3.681028,-3.351196,22.044723,0.0000000100
1.36500,-3.667253,-3.445712,21.814750,-3.667253,-3.445712,21.814750,0.0000000101
1.37000,-3.658841,-3.543580,21.589387,-3.658841,-3.543580,21.589387,0.0000000103
1.37500,-3.655696,-3.644848,21.368716,-3.655696,-3.644848,21.368716,0.0000000104
1.38000,-3.657727,-3.749573,21.152830,-3.657727,-3.749573,21.152830,0.0000000106
1.38500,-3.664854,-3.857829,20.941823,-3.664854,-3.857829,20.941823,0.0000000107
1.39000,-3.677001,-3.969696,20.735801,-3.677001,-3.969696,20.735801,0.0000000109
1.39500,-3.694103,-4.085269,20.534873,-3.694103,-4.085269,20.534873,0.0000000111
1.40000,-3.716100,-4.204648,20.339159,-3.716100,-4.204648,20.339159,0.0000000113
1.40500,-3.742942,-4.327945,20.148789,-3.742942,-4.327945,20.148789,0.0000000116
1.41000,-3.774587,-4.455275,19.963899,-3.774587,-4.455275,19.963899,0.0000000118
1.41500,-3.811001,-4.586764,19.784637,-3.811001,-4.586764,19.784637,0.0000000121
1.42000,-3.852156,-4.722539,19.611165,-3.852156,-4.722539,19.611165,0.0000000124
1.42500,-3.898034,-4.862735,19.443652,-3.898034,-4.862735,19.443652,0.0000000127
1.43000,-3.948624,-5.007487,19.282282,-3.948624,-5.007487,19.282282,0.0000000130
1.43500,-4.003920,-5.156936,19.127252,-4.003920,-5.156936,19.127252,0.0000000133
1.44000,-4.063927,-5.311223,18.978774,-4.063927,-5.311223,18.978774,0.0000000136
1.44500,-4.128654,-5.470487,18.837074,-4.128654,-5.470487,18.837074,0.0000000140
1.45000,-4.198117,-5.634870,18.702393,-4.198117,-5.634870,18.702393,0.0000000144
1.45500,-4.272338,-5.804508,18.574991,-4.272338,-5.804508,18.574991,0.0000000148
1.46000,-4.351344,-5.979537,18.455143,-4.351344,-5.979537,18.455143,0.0000000152
1.46500,-4.435169,-6.160084,18.343145,-4.435169,-6.160084,18.343145,0.0000000156
1.47000,-4.523849,-6.346273,18.239311,-4.523849,-6.346273,18.239311,0.0000000161
1.47500,-4.617425,-6.538217,18.143975,-4.617425,-6.538217,18.143975,0.0000000166
1.48000,-4.715943,-6.736018,18.057491,-4.715943,-6.736018,18.057491,0.0000000170
1.48500,-4.819449,-6.939767,17.980238,-4.819449,-6.939767,17.980238,0.0000000175
1.49000,-4.927991,-7.149540,17.912614,-4.927991,-7.149540,17.912614,0.0000000181
1.49500,-5.041620,-7.365394,17.855041,-5.041620,-7.365393,17.855041,0.0000000186
1.50000,-5.160385,-7.587365,17.807967,-5.160385,-7.587365,17.807967,0.0000000191
1.50500,-5.284334,-7.815468,17.771860,-5.284334,-7.815468,17.771860,0.0000000197
1.51000,-5.413513,-8.049690,17.747215,-5.413513,-8.049690,17.747215,0.0000000203
1.51500,-5.547965,-8.289987,17.734549,-5.547965,-8.289987,17.734549,0.0000000209
1.52000,-5.687727,-8.536282,17.734403,-5.687727,-8.536282,17.734403,0.0000000215
1.52500,-5.832830,-8.788458,17.747344,-5.832830,-8.788458,17.747344,0.0000000221
1.53000,-5.983296,-9.046357,17.773956,-5.983296,-9.046357,17.773956,0.0000000227
1.53500,-6.139138,-9.309772,17.814848,-6.139138,-9.309772,17.814848,0.0000000234
1.54000,-6.300357,-9.578444,17.870645,-6.300357,-9.578444,17.870645,0.0000000241
1.54500,-6.466940,-9.852057,17.941990,-6.466940,-9.852057,17.941990,0.0000000247
1.55000,-6.638856,-10.130231,18.029539,-6.638856,-10.130231,18.029539,0.0000000254
1.55500,-6.816058,-10.412518,18.133957,-6.816058,-10.412518,18.133957,0.0000000261
1.56000,-6.998475,-10.698394,18.255913,-6.998475,-10.698394,18.255913,0.0000000268
1.56500,-7.186014,-10.987257,18.396079,-7.186014,-10.987257,18.396079,0.0000000274
1.57000,-7.378554,-11.278416,18.555116,-7.378554,-11.278416,18.555116,0.0000000281
1.57500,-7.575945,-11.571092,18.733673,-7.575945,-11.571092,18.733673,0.0000000288
1.58000,-7.778002,-11.864408,18.932375,-7.778002,-11.864408,18.932375,0.0000000295
1.58500,-7.984506,-12.157385,19.151815,-7.984506,-12.157385,19.151815,0.0000000302
1.59000,-8.195197,-12.448939,19.392542,-8.195197,-12.448939,19.392542,0.0000000308
1.59500,-8.409772,-12.737878,19.655049,-8.409772,-12.737878,19.655049,0.0000000315
1.60000,-8.627883,-13.022899,19.939762,-8.627883,-13.022899,19.939762,0.0000000321
1.60500,-8.849132,-13.302587,20.247021,-8.849132,-13.302587,20.247021,0.0000000327
1.61000,-9.073069,-13.575418,20.577067,-9.073069,-13.575418,20.577067,0.0000000333
1.61500,-9.299189,-13.839759,20.930027,-9.299189,-13.839759,20.930027,0.0000000338
1.62000,-9.526929,-14.093875,21.305892,-9.526929,-14.093875,21.305892,0.0000000344
1.62500,-9.755666,-14.335938,21.704503,-9.755666,-14.335938,21.704503,0.0000000348
1.63000,-9.984718,-14.564033,22.125532,-9.984718,-14.564033,22.125532,0.0000000353
1.63500,-10.213339,-14.776175,22.568461,-10.213339,-14.776175,22.568461,0.0000000357
1.64000,-10.440722,-14.970326,23.032571,-10.440722,-14.970326,23.032570,0.0000000361
1.64500,-10.666000,-15.144413,23.516917,-10.666000,-15.144413,23.516917,0.0000000364
1.65000,-10.888245,-15.296354,24.020323,-10.888245,-15.296354,24.020323,0.0000000367
1.65500,-11.106474,-15.424084,24.541362,-11.106474,-15.424084,24.541362,0.0000000369
1.66000,-11.319653,-15.525585,25.078354,-11.319653,-15.525585,25.078354,0.0000000370
1.66500,-11.526700,-15.598920,25.629357,-11.526700,-15.598920,25.629357,0.0000000371
1.67000,-11.726496,-15.642269,26.192168,-11.726496,-15.642269,26.192168,0.0000000372
1.67500,-11.917890,-15.653967,26.764328,-11.917890,-15.653967,26.764328,0.0000000372
1.68000,-12.099711,-15.632541,27.343135,-12.099711,-15.632541,27.343134,0.0000000371
1.68500,-12.270779,-15.576749,27.925657,-12.270779,-15.576749,27.925657,0.0000000370
1.69000,-12.429917,-15.485620,28.508763,-12.429917,-15.485620,28.508763,0.0000000368
1.69500,-12.575967,-15.358485,29.089146,-12.575967,-15.358485,29.089146,0.0000000366
1.70000,-12.707800,-15.195012,29.663365,-12.707800,-15.195012,29.663365,0.0000000363
1.70500,-12.824338,-14.995231,30.227886,-12.824338,-14.995231,30.227886,0.0000000361
1.71000,-12.924563,-14.759551,30.779132,-12.924563,-14.759551,30.779132,0.0000000358
1.71500,-13.007539,-14.488780,31.313533,-13.007539,-14.488780,31.313533,0.0000000354
1.72000,-13.072423,-14.184122,31.827585,-13.072423,-14.184122,31.827585,0.0000000351
1.72500,-13.118484,-13.847179,32.317904,-13.118484,-13.847179,32.317904,0.0000000347
1.73000,-13.145111,-13.479929,32.781280,-13.145111,-13.479929,32.781280,0.0000000343
1.73500,-13.151831,-13.084711,33.214739,-13.151831,-13.084711,33.214739,0.0000000340
1.74000,-13.138315,-12.664186,33.615586,-13.138315,-12.664186,33.615586,0.0000000337
1.74500,-13.104386,-12.221300,33.981453,-13.104386,-12.221300,33.981453,0.0000000333
1.75000,-13.050027,-11.759235,34.310336,-13.050027,-11.759235,34.310336,0.0000000330
1.75500,-12.975381,-11.281353,34.600625,-12.975381,-11.281353,34.600625,0.0000000327
1.76000,-12.880752,-10.791143,34.851122,-12.880752,-10.791143,34.851122,0.0000000325
1.76500,-12.766600,-10.292155,35.061055,-12.766600,-10.292155,35.061055,0.0000000322
1.77000,-12.633536,-9.787945,35.230072,-12.633536,-9.787945,35.230072,0.0000000320
1.77500,-12.482315,-9.282014,35.358238,-12.482315,-9.282014,35.358238,0.0000000318
1.78000,-12.313822,-8.777753,35.446012,-12.313822,-8.777753,35.446012,0.0000000316
1.78500,-12.129061,-8.278393,35.494222,-12.129061,-8.278393,35.494222,0.0000000314
1.79000,-11.929140,-7.786961,35.504031,-11.929140,-7.786961,35.504031,0.0000000312
1.79500,-11.715255,-7.306243,35.476897,-11.715255,-7.306243,35.476897,0.0000000310
1.80000,-11.488671,-6.838753,35.414534,-11.488671,-6.838753,35.414534,0.0000000308
1.80500,-11.250710,-6.386715,35.318862,-11.250710,-6.386715,35.318862,0.0000000307
1.81000,-11.002729,-5.952050,35.191966,-11.002729,-5.952050,35.191966,0.0000000304
1.81500,-10.746103,-5.536367,35.036047,-10.746103,-5.536367,35.036047,0.0000000302
1.82000,-10.482214,-5.140969,34.853382,-10.482214,-5.140969,34.853382,0.0000000300
1.82500,-10.212432,-4.766857,34.646283,-10.212432,-4.766857,34.646283,0.0000000297
1.83000,-9.938100,-4.414746,34.417060,-9.938100,-4.414746,34.417060,0.0000000294
1.83500,-9.660525,-4.085081,34.167987,-9.660525,-4.085081,34.167987,0.0000000291
1.84000,-9.380966,-3.778062,33.901279,-9.380966,-3.778062,33.901279,0.0000000288
1.84500,-9.100625,-3.493660,33.619065,-9.100625,-3.493660,33.619065,0.0000000285
1.85000,-8.820637,-3.231649,33.323372,-8.820637,-3.231649,33.323372,0.0000000281
1.85500,-8.542069,-2.991628,33.016110,-8.542069,-2.991628,33.016110,0.0000000277
1.86000,-8.265910,-2.773048,32.699062,-8.265910,-2.773048,32.699062,0.0000000273
1.86500,-7.993073,-2.575235,32.373881,-7.993073,-2.575235,32.373881,0.0000000269
1.87000,-7.724390,-2.397416,32.042082,-7.724390,-2.397416,32.042082,0.0000000265
1.87500,-7.460613,-2.238740,31.705050,-7.460613,-2.238740,31.705050,0.0000000261
1.88000,-7.202414,-2.098298,31.364034,-7.202414,-2.098298,31.364034,0.0000000256
1.88500,-6.950387,-1.975145,31.020158,-6.950387,-1.975145,31.020158,0.0000000252
1.89000,-6.705050,-1.868309,30.674424,-6.705050,-1.868309,30.674424,0.0000000247
1.89500,-6.466849,-1.776814,30.327722,-6.466849,-1.776814,30.327722,0.0000000243
1.90000,-6.236161,-1.699688,29.980833,-6.236161,-1.699688,29.980833,0.0000000238
1.90500,-6.013295,-1.635974,29.634441,-6.013295,-1.635974,29.634441,0.0000000234
1.91000,-5.798502,-1.584739,29.289141,-5.798502,-1.584739,29.289141,0.0000000230
1.91500,-5.591974,-1.545081,28.945447,-5.591974,-1.545081,28.945447,0.0000000225
1.92000,-5.393851,-1.516138,28.603799,-5.393851,-1.516138,28.603799,0.0000000221
1.92500,-5.204226,-1.497085,28.264572,-5.204226,-1.497085,28.264572,0.0000000217
1.93000,-5.023147,-1.487146,27.928085,-5.023147,-1.487146,27.928085,0.0000000213
1.93500,-4.850623,-1.485590,27.594606,-4.850623,-1.485590,27.594606,0.0000000210
1.94000,-4.686629,-1.491735,27.264357,-4.686629,-1.491735,27.264357,0.0000000206
1.94500,-4.531110,-1.504947,26.937525,-4.531110,-1.504947,26.937525,0.0000000203
1.95000,-4.383981,-1.524641,26.614260,-4.383981,-1.524641,26.614260,0.0000000199
1.95500,-4.245137,-1.550280,26.294688,-4.245137,-1.550280,26.294688,0.0000000196
1.96000,-4.114451,-1.581375,25.978910,-4.114451,-1.581375,25.978910,0.0000000193
1.96500,-3.991779,-1.617483,25.667006,-3.991779,-1.617483,25.667006,0.0000000190
1.97000,-3.876967,-1.658202,25.359042,-3.876967,-1.658202,25.359042,0.0000000188
1.97500,-3.769846,-1.703177,25.055068,-3.769846,-1.703177,25.055068,0.0000000185
1.98000,-3.670240,-1.752091,24.755126,-3.670240,-1.752091,24.755126,0.0000000183
1.98500,-3.577969,-1.804665,24.459247,-3.577969,-1.804665,24.459247,0.0000000181
1.99000,-3.492848,-1.860657,24.167457,-3.492848,-1.860657,24.167457,0.0000000179
1.99500,-3.414688,-1.919859,23.879778,-3.414688,-1.919859,23.879778,0.0000000178
2.00000,-3.343302,-1.982098,23.596226,-3.343302,-1.982098,23.596226,0.0000000176
2.00500,-3.278506,-2.047226,23.316818,-3.278506,-2.047226,23.316818,0.0000000175
2.01000,-3.220114,-2.115129,23.041568,-3.220114,-2.115129,23.041568,0.0000000174
2.01500,-3.167948,-2.185716,22.770490,-3.167948,-2.185716,22.770490,0.0000000173
2.02000,-3.121834,-2.258923,22.503602,-3.121834,-2.258923,22.503602,0.0000000173
2.02500,-3.081602,-2.334705,22.240920,-3.081602,-2.334705,22.240920,0.0000000173
2.03000,-3.047091,-2.413044,21.982464,-3.047091,-2.413044,21.982464,0.0000000172
2.03500,-3.018147,-2.493937,21.728257,-3.018147,-2.493937,21.728257,0.0000000172
2.04000,-2.994623,-2.577404,21.478324,-2.994623,-2.577404,21.478324,0.0000000173
2.04500,-2.976381,-2.663477,21.232696,-2.976381,-2.663477,21.232696,0.0000000173
2.05000,-2.963291,-2.752209,20.991406,-2.963291,-2.752209,20.991406,0.0000000174
2.05500,-2.955234,-2.843664,20.754495,-2.955234,-2.843664,20.754495,0.0000000175
2.06000,-2.952099,-2.937923,20.522006,-2.952099,-2.937923,20.522006,0.0000000177
2.06500,-2.953784,-3.035076,20.293990,-2.953784,-3.035076,20.293990,0.0000000178
2.07000,-2.960199,-3.135227,20.070502,-2.960199,-3.135227,20.070502,0.0000000180
2.07500,-2.971261,-3.238492,19.851607,-2.971261,-3.238492,19.851607,0.0000000182
2.08000,-2.986900,-3.344996,19.637375,-2.986900,-3.344996,19.637375,0.0000000185
2.08500,-3.007052,-3.454872,19.427883,-3.007052,-3.454872,19.427883,0.0000000188
2.09000,-3.031666,-3.568264,19.223218,-3.031666,-3.568264,19.223218,0.0000000191
2.09500,-3.060699,-3.685324,19.023475,-3.060699,-3.685324,19.023475,0.0000000194
2.10000,-3.094119,-3.806209,18.828759,-3.094119,-3.806209,18.828759,0.0000000198
2.10500,-3.131902,-3.931087,18.639183,-3.131902,-3.931087,18.639183,0.0000000202
2.11000,-3.174035,-4.060128,18.454875,-3.174035,-4.060128,18.454875,0.0000000206
2.11500,-3.220512,-4.193511,18.275971,-3.220512,-4.193511,18.275971,0.0000000211
2.12000,-3.271337,-4.331419,18.102620,-3.271337,-4.331419,18.102620,0.0000000216
2.12500,-3.326525,-4.474037,17.934986,-3.326525,-4.474037,17.934986,0.0000000221
2.13000,-3.386097,-4.621558,17.773246,-3.386097,-4.621558,17.773246,0.0000000227
2.13500,-3.450083,-4.774174,17.617590,-3.450083,-4.774174,17.617590,0.0000000233
2.14000,-3.518520,-4.932083,17.468228,-3.518520,-4.932083,17.468228,0.0000000239
2.14500,-3.591456,-5.095482,17.325385,-3.591456,-5.095482,17.325385,0.0000000246
2.15000,-3.668942,-5.264568,17.189304,-3.668942,-5.264568,17.189304,0.0000000253
2.15500,-3.751040,-5.439540,17.060249,-3.751040,-5.439540,17.060249,0.0000000261
2.16000,-3.837815,-5.620592,16.938502,-3.837815,-5.620592,16.938502,0.0000000269
2.16500,-3.929343,-5.807917,16.824369,-3.929343,-5.807917,16.824369,0.0000000277
2.17000,-4.025700,-6.001704,16.718178,-4.025700,-6.001704,16.718178,0.0000000286
2.17500,-4.126972,-6.202132,16.620283,-4.126972,-6.202132,16.620283,0.0000000295
2.18000,-4.233246,-6.409376,16.531062,-4.233246,-6.409376,16.531062,0.0000000305
2.18500,-4.344616,-6.623599,16.450919,-4.344616,-6.623599,16.450919,0.0000000315
2.19000,-4.461177,-6.844951,16.380290,-4.461177,-6.844951,16.380290,0.0000000326
2.19500,-4.583027,-7.073568,16.319636,-4.583026,-7.073568,16.319636,0.0000000336
2.20000,-4.710264,-7.309565,16.269453,-4.710264,-7.309565,16.269453,0.0000000348
2.20500,-4.842990,-7.553040,16.230265,-4.842990,-7.553040,16.230265,0.0000000359
2.21000,-4.981302,-7.804061,16.202630,-4.981302,-7.804061,16.202630,0.0000000371
2.21500,-5.125297,-8.062670,16.187141,-5.125297,-8.062670,16.187141,0.0000000384
2.22000,-5.275070,-8.328875,16.184423,-5.275069,-8.328875,16.184423,0.0000000397
2.22500,-5.430706,-8.602644,16.195136,-5.430706,-8.602644,16.195136,0.0000000410
2.23000,-5.592289,-8.883903,16.219974,-5.592289,-8.883903,16.219974,0.0000000424
2.23500,-5.759890,-9.172528,16.259665,-5.759890,-9.172528,16.259665,0.0000000438
2.24000,-5.933571,-9.468338,16.314970,-5.933571,-9.468338,16.314970,0.0000000452
2.24500,-6.113380,-9.771092,16.386679,-6.113380,-9.771092,16.386679,0.0000000467
2.25000,-6.299350,-10.080477,16.475614,-6.299350,-10.080477,16.475614,0.0000000482
2.25500,-6.491494,-10.396105,16.582620,-6.491494,-10.396105,16.582620,0.0000000497
2.26000,-6.689805,-10.717502,16.708565,-6.689805,-10.717502,16.708565,0.0000000513
2.26500,-6.894249,-11.044100,16.854335,-6.894249,-11.044100,16.854335,0.0000000529
2.27000,-7.104764,-11.375230,17.020824,-7.104764,-11.375230,17.020823,0.0000000545
2.27500,-7.321258,-11.710113,17.208929,-7.321258,-11.710113,17.208929,0.0000000561
2.28000,-7.543600,-12.047851,17.419541,-7.543600,-12.047851,17.419541,0.0000000577
2.28500,-7.771619,-12.387418,17.653537,-7.771619,-12.387418,17.653537,0.0000000593
2.29000,-8.005100,-12.727654,17.911759,-8.005100,-12.727654,17.911759,0.0000000609
2.29500,-8.243777,-13.067257,18.195009,-8.243777,-13.067257,18.195009,0.0000000626
2.30000,-8.487332,-13.404774,18.504029,-8.487332,-13.404774,18.504029,0.0000000641
2.30500,-8.735385,-13.738603,18.839482,-8.735385,-13.738603,18.839482,0.0000000657
2.31000,-8.987495,-14.066982,19.201933,-8.987495,-14.066982,19.201933,0.0000000673
2.31500,-9.243152,-14.387994,19.591826,-9.243152,-14.387994,19.591826,0.0000000688
2.32000,-9.501773,-14.699566,20.009462,-9.501773,-14.699566,20.009462,0.0000000702
2.32500,-9.762699,-14.999476,20.454973,-9.762699,-14.999476,20.454973,0.0000000716
2.33000,-10.025191,-15.285359,20.928293,-10.025191,-15.285359,20.928293,0.0000000730
2.33500,-10.288428,-15.554724,21.429135,-10.288428,-15.554724,21.429135,0.0000000742
2.34000,-10.551504,-15.804966,21.956962,-10.551504,-15.804966,21.956962,0.0000000754
2.34500,-10.813430,-16.033396,22.510957,-10.813430,-16.033396,22.510957,0.0000000765
2.35000,-11.073129,-16.237262,23.090004,-11.073129,-16.237262,23.090004,0.0000000774
2.35500,-11.329444,-16.413787,23.692659,-11.329444,-16.413787,23.692659,0.0000000783
2.36000,-11.581138,-16.560207,24.317136,-11.581138,-16.560207,24.317136,0.0000000790
2.36500,-11.826902,-16.673815,24.961286,-11.826902,-16.673815,24.961286,0.0000000796
2.37000,-12.065361,-16.752011,25.622597,-12.065361,-16.752011,25.622597,0.0000000801
2.37500,-12.295082,-16.792356,26.298185,-12.295082,-16.792356,26.298185,0.0000000804
2.38000,-12.514590,-16.792629,26.984805,-12.514590,-16.792629,26.984805,0.0000000806
2.38500,-12.722380,-16.750881,27.678867,-12.722380,-16.750881,27.678867,0.0000000807
2.39000,-12.916933,-16.665499,28.376459,-12.916933,-16.665499,28.376459,0.0000000807
2.39500,-13.096735,-16.535261,29.073392,-13.096735,-16.535261,29.073392,0.0000000805
2.40000,-13.260296,-16.359386,29.765239,-13.260295,-16.359386,29.765239,0.0000000802
2.40500,-13.406173,-16.137579,30.447398,-13.406173,-16.137580,30.447398,0.0000000797
2.41000,-13.532992,-15.870076,31.115159,-13.532992,-15.870076,31.115159,0.0000000792
2.41500,-13.639471,-15.557661,31.763777,-13.639471,-15.557661,31.763777,0.0000000786
2.42000,-13.724443,-15.201686,32.388558,-13.724443,-15.201686,32.388558,0.0000000779
2.42500,-13.786877,-14.804072,32.984939,-13.786877,-14.804073,32.984939,0.0000000772
2.43000,-13.825900,-14.367292,33.548576,-13.825900,-14.367292,33.548576,0.0000000765
2.43500,-13.840815,-13.894341,34.075429,-13.840815,-13.894341,34.075429,0.0000000757
2.44000,-13.831117,-13.388692,34.561839,-13.831117,-13.388693,34.561839,0.0000000749
2.44500,-13.796507,-12.854240,35.004598,-13.796507,-12.854240,35.004598,0.0000000741
2.45000,-13.736898,-12.295225,35.401010,-13.736898,-12.295225,35.401010,0.0000000733
2.45500,-13.652420,-11.716158,35.748937,-13.652420,-11.716158,35.748937,0.0000000725
2.46000,-13.543424,-11.121731,36.046828,-13.543424,-11.121731,36.046827,0.0000000718
2.46500,-13.410474,-10.516725,36.293737,-13.410474,-10.516725,36.293737,0.0000000711
2.47000,-13.254339,-9.905919,36.489322,-13.254339,-9.905919,36.489322,0.0000000704
2.47500,-13.075984,-9.294002,36.633829,-13.075984,-9.294002,36.633829,0.0000000698
2.48000,-12.876550,-8.685489,36.728058,-12.876550,-8.685490,36.728058,0.0000000692
2.48500,-12.657336,-8.084649,36.773324,-12.657336,-8.084649,36.773324,0.0000000686
2.49000,-12.419781,-7.495435,36.771399,-12.419781,-7.495435,36.771399,0.0000000680
2.49500,-12.165435,-6.921438,36.724452,-12.165435,-6.921438,36.724452,0.0000000674
2.50000,-11.895941,-6.365845,36.634984,-11.895941,-6.365845,36.634984,0.0000000668
2.50500,-11.613003,-5.831413,36.505753,-11.613003,-5.831413,36.505753,0.0000000662
2.51000,-11.318368,-5.320454,36.339707,-11.318368,-5.320454,36.339707,0.0000000656
2.51500,-11.013800,-4.834839,36.139920,-11.013800,-4.834839,36.139921,0.0000000650
2.52000,-10.701055,-4.375998,35.909524,-10.701055,-4.375998,35.909524,0.0000000643
2.52500,-10.381865,-3.944947,35.651651,-10.381865,-3.944947,35.651651,0.0000000635
2.53000,-10.057917,-3.542310,35.369388,-10.057917,-3.542310,35.369388,0.0000000628
2.53500,-9.730835,-3.168349,35.065729,-9.730835,-3.168349,35.065729,0.0000000620
2.54000,-9.402171,-2.823001,34.743540,-9.402171,-2.823001,34.743540,0.0000000611
2.54500,-9.073391,-2.505919,34.405534,-9.073391,-2.505919,34.405534,0.0000000602
2.55000,-8.745865,-2.216507,34.054246,-8.745865,-2.216507,34.054246,0.0000000593
2.55500,-8.420861,-1.953959,33.692023,-8.420861,-1.953959,33.692023,0.0000000583
2.56000,-8.099544,-1.717300,33.321015,-8.099545,-1.717300,33.321015,0.0000000573
2.56500,-7.782971,-1.505419,32.943173,-7.782971,-1.505419,32.943173,0.0000000563
2.57000,-7.472087,-1.317102,32.560249,-7.472087,-1.317102,32.560249,0.0000000553
2.57500,-7.167735,-1.151064,32.173804,-7.167735,-1.151064,32.173804,0.0000000543
2.58000,-6.870648,-1.005975,31.785216,-6.870648,-1.005975,31.785216,0.0000000532
2.58500,-6.581462,-0.880483,31.395689,-6.581462,-0.880483,31.395689,0.0000000521
2.59000,-6.300714,-0.773235,31.006268,-6.300714,-0.773235,31.006268,0.0000000511
2.59500,-6.028848,-0.682893,30.617850,-6.028848,-0.682893,30.617850,0.0000000500
2.60000,-5.766224,-0.608151,30.231196,-5.766224,-0.608151,30.231196,0.0000000490
2.60500,-5.513121,-0.547742,29.846947,-5.513121,-0.547742,29.846947,0.0000000480
2.61000,-5.269743,-0.500453,29.465636,-5.269743,-0.500453,29.465636,0.0000000469
2.61500,-5.036227,-0.465127,29.087700,-5.036227,-0.465127,29.087700,0.0000000459
2.62000,-4.812648,-0.440669,28.713494,-4.812648,-0.440669,28.713494,0.0000000450
2.62500,-4.599027,-0.426051,28.343298,-4.599027,-0.426051,28.343298,0.0000000440
2.63000,-4.395333,-0.420311,27.977330,-4.395333,-0.420311,27.977330,0.0000000431
2.63500,-4.201493,-0.422558,27.615757,-4.201493,-0.422558,27.615757,0.0000000422
2.64000,-4.017396,-0.431966,27.258697,-4.017396,-0.431966,27.258697,0.0000000414
2.64500,-3.842897,-0.447777,26.906234,-3.842897,-0.447777,26.906234,0.0000000406
2.65000,-3.677822,-0.469300,26.558417,-3.677822,-0.469300,26.558417,0.0000000398
2.65500,-3.521976,-0.495904,26.215274,-3.521976,-0.495904,26.215274,0.0000000391
2.66000,-3.375140,-0.527018,25.876808,-3.375140,-0.527018,25.876808,0.0000000384
2.66500,-3.237084,-0.562133,25.543007,-3.237084,-0.562133,25.543007,0.0000000377
2.67000,-3.107562,-0.600788,25.213848,-3.107562,-0.600788,25.213848,0.0000000371
2.67500,-2.986321,-0.642579,24.889295,-2.986321,-0.642579,24.889295,0.0000000365
2.68000,-2.873100,-0.687146,24.569308,-2.873100,-0.687146,24.569308,0.0000000359
2.68500,-2.767637,-0.734177,24.253840,-2.767637,-0.734177,24.253840,0.0000000354
2.69000,-2.669666,-0.783401,23.942841,-2.669666,-0.783401,23.942841,0.0000000349
2.69500,-2.578923,-0.834585,23.636261,-2.578923,-0.834585,23.636261,0.0000000344
2.70000,-2.495145,-0.887533,23.334047,-2.495145,-0.887533,23.334047,0.0000000340
2.70500,-2.418076,-0.942083,23.036148,-2.418076,-0.942083,23.036148,0.0000000336
2.71000,-2.347463,-0.998103,22.742513,-2.347463,-0.998103,22.742513,0.0000000332
2.71500,-2.283060,-1.055489,22.453095,-2.283060,-1.055489,22.453095,0.0000000329
2.72000,-2.224628,-1.114165,22.167847,-2.224628,-1.114165,22.167847,0.0000000326
2.72500,-2.171938,-1.174078,21.886724,-2.171938,-1.174078,21.886724,0.0000000324
2.73000,-2.124770,-1.235194,21.609688,-2.124770,-1.235194,21.609688,0.0000000322
2.73500,-2.082912,-1.297504,21.336699,-2.082912,-1.297504,21.336699,0.0000000320
2.74000,-2.046164,-1.361015,21.067724,-2.046164,-1.361015,21.067724,0.0000000318
2.74500,-2.014336,-1.425751,20.802732,-2.014336,-1.425751,20.802732,0.0000000317
2.75000,-1.987248,-1.491750,20.541696,-1.987248,-1.491750,20.541696,0.0000000316
2.75500,-1.964732,-1.559068,20.284591,-1.964732,-1.559068,20.284591,0.0000000316
2.76000,-1.946631,-1.627771,20.031399,-1.946631,-1.627771,20.031399,0.0000000316
2.76500,-1.932799,-1.697938,19.782102,-1.932799,-1.697938,19.782102,0.0000000316
2.77000,-1.923102,-1.769659,19.536690,-1.923102,-1.769659,19.536690,0.0000000317
2.77500,-1.917416,-1.843035,19.295154,-1.917416,-1.843035,19.295154,0.0000000318
2.78000,-1.915628,-1.918175,19.057491,-1.915628,-1.918175,19.057491,0.0000000320
2.78500,-1.917638,-1.995199,18.823701,-1.917638,-1.995199,18.823701,0.0000000322
2.79000,-1.923356,-2.074235,18.593789,-1.923356,-2.074235,18.593789,0.0000000324
2.79500,-1.932702,-2.155418,18.367765,-1.932702,-2.155418,18.367765,0.0000000327
2.80000,-1.945607,-2.238892,18.145645,-1.945607,-2.238892,18.145645,0.0000000331
2.80500,-1.962013,-2.324808,17.927449,-1.962013,-2.324808,17.927449,0.0000000335
2.81000,-1.981872,-2.413323,17.713203,-1.981872,-2.413323,17.713203,0.0000000340
2.81500,-2.005147,-2.504602,17.502938,-2.005147,-2.504602,17.502938,0.0000000345
2.82000,-2.031810,-2.598817,17.296693,-2.031810,-2.598817,17.296693,0.0000000351
2.82500,-2.061843,-2.696145,17.094512,-2.061843,-2.696145,17.094512,0.0000000357
2.83000,-2.095239,-2.796772,16.896448,-2.095239,-2.796772,16.896448,0.0000000364
2.83500,-2.131999,-2.900888,16.702560,-2.131999,-2.900888,16.702560,0.0000000372
2.84000,-2.172133,-3.008691,16.512917,-2.172133,-3.008691,16.512917,0.0000000380
2.84500,-2.215663,-3.120385,16.327596,-2.215663,-3.120385,16.327596,0.0000000389
2.85000,-2.262617,-3.236179,16.146682,-2.262617,-3.236179,16.146682,0.0000000399
2.85500,-2.313033,-3.356291,15.970274,-2.313033,-3.356291,15.970274,0.0000000409
2.86000,-2.366960,-3.480943,15.798478,-2.366960,-3.480943,15.798478,0.0000000420
2.86500,-2.424452,-3.610364,15.631416,-2.424452,-3.610364,15.631416,0.0000000432
2.87000,-2.485574,-3.744789,15.469219,-2.485574,-3.744789,15.469219,0.0000000445
2.87500,-2.550399,-3.884460,15.312034,-2.550399,-3.884460,15.312034,0.0000000459
2.88000,-2.619008,-4.029622,15.160024,-2.619008,-4.029622,15.160024,0.0000000473
2.88500,-2.691491,-4.180528,15.013365,-2.691491,-4.180528,15.013365,0.0000000489
2.89000,-2.767946,-4.337437,14.872254,-2.767946,-4.337437,14.872254,0.0000000505
2.89500,-2.848477,-4.500611,14.736904,-2.848477,-4.500611,14.736904,0.0000000522
2.90000,-2.933198,-4.670317,14.607550,-2.933198,-4.670317,14.607550,0.0000000540
2.90500,-3.022230,-4.846826,14.484448,-3.022230,-4.846826,14.484448,0.0000000559
2.91000,-3.115702,-5.030412,14.367878,-3.115702,-5.030412,14.367878,0.0000000579
2.91500,-3.213748,-5.221351,14.258144,-3.213748,-5.221351,14.258144,0.0000000600
2.92000,-3.316511,-5.419919,14.155577,-3.316511,-5.419919,14.155577,0.0000000622
2.92500,-3.424139,-5.626395,14.060539,-3.424139,-5.626395,14.060539,0.0000000645
2.93000,-3.536789,-5.841053,13.973421,-3.536789,-5.841053,13.973421,0.0000000670
2.93500,-3.654620,-6.064165,13.894647,-3.654620,-6.064165,13.894647,0.0000000695
2.94000,-3.777800,-6.295996,13.824679,-3.777800,-6.295996,13.824679,0.0000000721
2.94500,-3.906498,-6.536804,13.764012,-3.906498,-6.536804,13.764012,0.0000000749
2.95000,-4.040889,-6.786837,13.713184,-4.040889,-6.786837,13.713184,0.0000000778
2.95500,-4.181152,-7.046325,13.672776,-4.181152,-7.046325,13.672776,0.0000000808
2.96000,-4.327467,-7.315485,13.643410,-4.327467,-7.315485,13.643410,0.0000000839
2.96500,-4.480014,-7.594507,13.625758,-4.480014,-7.594507,13.625758,0.0000000872
2.97000,-4.638976,-7.883558,13.620540,-4.638976,-7.883558,13.620540,0.0000000906
2.97500,-4.804532,-8.182769,13.628526,-4.804532,-8.182769,13.628526,0.0000000941
2.98000,-4.976858,-8.492236,13.650540,-4.976858,-8.492236,13.650540,0.0000000977
2.98500,-5.156126,-8.812007,13.687460,-5.156126,-8.812007,13.687460,0.0000001015
2.99000,-5.342499,-9.142078,13.740220,-5.342499,-9.142078,13.740220,0.0000001053
2.99500,-5.536133,-9.482382,13.809809,-5.536133,-9.482382,13.809809,0.0000001094
3.00000,-5.737169,-9.832783,13.897273,-5.737169,-9.832783,13.897273,0.0000001135
3.00500,-5.945734,-10.193064,14.003715,-5.945734,-10.193064,14.003715,0.0000001177
3.01000,-6.161935,-10.562915,14.130287,-6.161935,-10.562915,14.130287,0.0000001221
3.01500,-6.385856,-10.941921,14.278197,-6.385856,-10.941921,14.278197,0.0000001266
3.02000,-6.617555,-11.329552,14.448695,-6.617555,-11.329552,14.448695,0.0000001312
3.02500,-6.857058,-11.725147,14.643074,-6.857058,-11.725147,14.643074,0.0000001359
3.03000,-7.104354,-12.127899,14.862659,-7.104354,-12.127899,14.862659,0.0000001406
3.03500,-7.359387,-12.536841,15.108797,-7.359387,-12.536841,15.108797,0.0000001455
3.04000,-7.622056,-12.950833,15.382846,-7.622056,-12.950833,15.382845,0.0000001504
3.04500,-7.892202,-13.368542,15.686156,-7.892202,-13.368542,15.686156,0.0000001553
3.05000,-8.169606,-13.788433,16.020057,-8.169605,-13.788433,16.020057,0.0000001603
3.05500,-8.453976,-14.208749,16.385833,-8.453976,-14.208749,16.385833,0.0000001653
3.06000,-8.744947,-14.627502,16.784696,-8.744947,-14.627502,16.784696,0.0000001703
3.06500,-9.042066,-15.042461,17.217760,-9.042066,-15.042461,17.217760,0.0000001753
3.07000,-9.344788,-15.451145,17.686007,-9.344788,-15.451145,17.686006,0.0000001802
3.07500,-9.652469,-15.850815,18.190249,-9.652469,-15.850815,18.190249,0.0000001850
3.08000,-9.964353,-16.238480,18.731090,-9.964353,-16.238480,18.731090,0.0000001897
3.08500,-10.279572,-16.610896,19.308883,-10.279572,-16.610896,19.308883,0.0000001943
3.09000,-10.597134,-16.964582,19.923679,-10.597134,-16.964582,19.923678,0.0000001986
3.09500,-10.915922,-17.295842,20.575183,-10.915922,-17.295842,20.575183,0.0000002028
3.10000,-11.234688,-17.600788,21.262707,-11.234688,-17.600787,21.262707,0.0000002067
3.10500,-11.552050,-17.875382,21.985114,-11.552050,-17.875382,21.985114,0.0000002104
3.11000,-11.866495,-18.115485,22.740782,-11.866495,-18.115485,22.740782,0.0000002137
3.11500,-12.176380,-18.316918,23.527556,-12.176380,-18.316918,23.527556,0.0000002167
3.12000,-12.479940,-18.475526,24.342714,-12.479940,-18.475526,24.342714,0.0000002194
3.12500,-12.775294,-18.587269,25.182947,-12.775294,-18.587269,25.182947,0.0000002216
3.13000,-13.060462,-18.648302,26.044342,-13.060462,-18.648302,26.044341,0.0000002235
3.13500,-13.333378,-18.655082,26.922382,-13.333378,-18.655082,26.922382,0.0000002249
3.14000,-13.591915,-18.604464,27.811970,-13.591915,-18.604464,27.811970,0.0000002259
3.14500,-13.833907,-18.493810,28.707465,-13.833907,-18.493810,28.707465,0.0000002264
3.15000,-14.057182,-18.321091,29.602737,-14.057182,-18.321091,29.602737,0.0000002265
3.15500,-14.259589,-18.084986,30.491250,-14.259589,-18.084986,30.491250,0.0000002262
3.16000,-14.439038,-17.784963,31.366160,-14.439038,-17.784963,31.366159,0.0000002256
3.16500,-14.593537,-17.421356,32.220433,-14.593537,-17.421356,32.220433,0.0000002245
3.17000,-14.721227,-16.995410,33.046982,-14.721227,-16.995410,33.046982,0.0000002232
3.17500,-14.820427,-16.509310,33.838811,-14.820427,-16.509310,33.838811,0.0000002215
3.18000,-14.889664,-15.966175,34.589169,-14.889664,-15.966175,34.589169,0.0000002196
3.18500,-14.927714,-15.370031,35.291707,-14.927714,-15.370031,35.291707,0.0000002175
3.19000,-14.933628,-14.725745,35.940622,-14.933628,-14.725745,35.940622,0.0000002153
3.19500,-14.906763,-14.038939,36.530799,-14.906763,-14.038939,36.530799,0.0000002129
3.20000,-14.846793,-13.315869,37.057925,-14.846793,-13.315869,37.057925,0.0000002105
3.20500,-14.753730,-12.563289,37.518586,-14.753730,-12.563289,37.518586,0.0000002081
3.21000,-14.627921,-11.788297,37.910332,-14.627921,-11.788297,37.910331,0.0000002057
3.21500,-14.470050,-10.998170,38.231711,-14.470050,-10.998170,38.231711,0.0000002033
3.22000,-14.281121,-10.200198,38.482275,-14.281121,-10.200198,38.482275,0.0000002009
3.22500,-14.062442,-9.401522,38.662552,-14.062442,-9.401522,38.662552,0.0000001985
3.23000,-13.815601,-8.608985,38.773984,-13.815601,-8.608985,38.773984,0.0000001962
3.23500,-13.542429,-7.828994,38.818851,-13.542429,-7.828994,38.818851,0.0000001939
3.24000,-13.244970,-7.067414,38.800166,-13.244970,-7.067414,38.800166,0.0000001915
3.24500,-12.925436,-6.329472,38.721557,-12.925436,-6.329472,38.721557,0.0000001892
3.25000,-12.586173,-5.619702,38.587145,-12.586173,-5.619702,38.587145,0.0000001868
3.25500,-12.229611,-4.941901,38.401414,-12.229611,-4.941901,38.401414,0.0000001843
3.26000,-11.858233,-4.299124,38.169084,-11.858233,-4.299124,38.169084,0.0000001818
3.26500,-11.474529,-3.693689,37.894994,-11.474529,-3.693689,37.894994,0.0000001792
3.27000,-11.080963,-3.127207,37.583992,-11.080963,-3.127208,37.583992,0.0000001765
3.27500,-10.679943,-2.600631,37.240844,-10.679943,-2.600631,37.240844,0.0000001737
3.28000,-10.273789,-2.114306,36.870147,-10.273789,-2.114306,36.870147,0.0000001708
3.28500,-9.864711,-1.668041,36.476272,-9.864712,-1.668041,36.476272,0.0000001678
3.29000,-9.454793,-1.261174,36.063307,-9.454793,-1.261174,36.063307,0.0000001647
3.29500,-9.045971,-0.892648,35.635029,-9.045971,-0.892648,35.635029,0.0000001615
3.30000,-8.640028,-0.561076,35.194878,-8.640029,-0.561076,35.194878,0.0000001582
3.30500,-8.238589,-0.264812,34.745950,-8.238589,-0.264813,34.745950,0.0000001549
3.31000,-7.843109,-0.002016,34.290996,-7.843109,-0.002016,34.290996,0.0000001515
3.31500,-7.454883,0.229296,33.832432,-7.454883,0.229296,33.832432,0.0000001481
3.32000,-7.075042,0.431192,33.372351,-7.075042,0.431192,33.372351,0.0000001446
3.32500,-6.704559,0.605788,32.912545,-6.704559,0.605788,32.912545,0.0000001411
3.33000,-6.344257,0.755204,32.454528,-6.344257,0.755204,32.454528,0.0000001377
3.33500,-5.994816,0.881534,31.999559,-5.994816,0.881534,31.999559,0.0000001343
3.34000,-5.656782,0.986825,31.548668,-5.656782,0.986825,31.548668,0.0000001309
3.34500,-5.330576,1.073051,31.102683,-5.330576,1.073051,31.102683,0.0000001275
3.35000,-5.016504,1.142100,30.662252,-5.016504,1.142100,30.662252,0.0000001243
3.35500,-4.714766,1.195762,30.227870,-4.714767,1.195762,30.227871,0.0000001210
3.36000,-4.425472,1.235725,29.799899,-4.425472,1.235725,29.799899,0.0000001179
3.36500,-4.148641,1.263566,29.378586,-4.148641,1.263566,29.378586,0.0000001149
3.37000,-3.884221,1.280752,28.964086,-3.884221,1.280753,28.964087,0.0000001119
3.37500,-3.632094,1.288640,28.556477,-3.632094,1.288640,28.556477,0.0000001091
3.38000,-3.392080,1.288476,28.155771,-3.392080,1.288476,28.155771,0.0000001063
3.38500,-3.163955,1.281402,27.761931,-3.163955,1.281402,27.761931,0.0000001037
3.39000,-2.947449,1.268460,27.374878,-2.947449,1.268460,27.374878,0.0000001012
3.39500,-2.742258,1.250592,26.994506,-2.742258,1.250592,26.994506,0.0000000988
3.40000,-2.548049,1.228650,26.620684,-2.548049,1.228650,26.620684,0.0000000965
3.40500,-2.364466,1.203401,26.253264,-2.364466,1.203401,26.253264,0.0000000943
3.41000,-2.191135,1.175531,25.892089,-2.191135,1.175531,25.892089,0.0000000922
3.41500,-2.027668,1.145651,25.536995,-2.027668,1.145651,25.536995,0.0000000902
3.42000,-1.873669,1.114303,25.187817,-1.873669,1.114303,25.187817,0.0000000883
3.42500,-1.728736,1.081966,24.844387,-1.728736,1.081966,24.844387,0.0000000866
3.43000,-1.592464,1.049062,24.506541,-1.592464,1.049062,24.506541,0.0000000849
3.43500,-1.464449,1.015958,24.174120,-1.464449,1.015958,24.174121,0.0000000833
3.44000,-1.344291,0.982973,23.846969,-1.344291,0.982973,23.846969,0.0000000818
3.44500,-1.231592,0.950384,23.524939,-1.231592,0.950384,23.524939,0.0000000804
3.45000,-1.125965,0.918428,23.207886,-1.125965,0.918428,23.207886,0.0000000791
3.45500,-1.027028,0.887304,22.895676,-1.027028,0.887304,22.895676,0.0000000778
3.46000,-0.934409,0.857183,22.588180,-0.934409,0.857183,22.588180,0.0000000766
3.46500,-0.847750,0.828206,22.285276,-0.847750,0.828206,22.285276,0.0000000755
3.47000,-0.766699,0.800490,21.986848,-0.766699,0.800490,21.986848,0.0000000745
3.47500,-0.690921,0.774127,21.692787,-0.690921,0.774127,21.692787,0.0000000735
3.48000,-0.620088,0.749192,21.402992,-0.620088,0.749192,21.402992,0.0000000726
3.48500,-0.553891,0.725744,21.117364,-0.553891,0.725744,21.117364,0.0000000718
3.49000,-0.492027,0.703825,20.835812,-0.492027,0.703825,20.835813,0.0000000710
3.49500,-0.434212,0.683464,20.558251,-0.434212,0.683464,20.558251,0.0000000703
3.50000,-0.380170,0.664682,20.284598,-0.380170,0.664682,20.284598,0.0000000696
3.50500,-0.329642,0.647488,20.014777,-0.329642,0.647488,20.014777,0.0000000689
3.51000,-0.282377,0.631884,19.748713,-0.282377,0.631884,19.748713,0.0000000684
3.51500,-0.238139,0.617867,19.486337,-0.238139,0.617867,19.486337,0.0000000678
3.52000,-0.196703,0.605427,19.227584,-0.196703,0.605427,19.227584,0.0000000674
3.52500,-0.157856,0.594552,18.972390,-0.157856,0.594552,18.972390,0.0000000669
3.53000,-0.121397,0.585225,18.720696,-0.121397,0.585225,18.720696,0.0000000666
3.53500,-0.087132,0.577429,18.472443,-0.087132,0.577429,18.472443,0.0000000663
3.54000,-0.054882,0.571143,18.227576,-0.054882,0.571143,18.227576,0.0000000660
3.54500,-0.024474,0.566347,17.986043,-0.024474,0.566347,17.986043,0.0000000658
3.55000,0.004253,0.563022,17.747793,0.004253,0.563022,17.747793,0.0000000656
3.55500,0.031452,0.561147,17.512777,0.031452,0.561147,17.512777,0.0000000655
3.56000,0.057269,0.560703,17.280947,0.057269,0.560703,17.280947,0.0000000655
3.56500,0.081840,0.561673,17.052257,0.081840,0.561673,17.052258,0.0000000655
3.57000,0.105294,0.564041,16.826665,0.105294,0.564041,16.826665,0.0000000656
3.57500,0.127754,0.567793,16.604126,0.127754,0.567793,16.604126,0.0000000657
3.58000,0.149336,0.572918,16.384600,0.149336,0.572918,16.384600,0.0000000660
3.58500,0.170148,0.579407,16.168046,0.170148,0.579407,16.168046,0.0000000663
3.59000,0.190295,0.587254,15.954425,0.190295,0.587254,15.954425,0.0000000666
3.59500,0.209876,0.596456,15.743700,0.209876,0.596456,15.743700,0.0000000671
3.60000,0.228984,0.607013,15.535833,0.228984,0.607013,15.535833,0.0000000676
3.60500,0.247708,0.618929,15.330789,0.247708,0.618929,15.330789,0.0000000683
3.61000,0.266134,0.632210,15.128534,0.266134,0.632210,15.128534,0.0000000690
3.61500,0.284342,0.646866,14.929033,0.284342,0.646866,14.929033,0.0000000698
3.62000,0.302411,0.662913,14.732255,0.302411,0.662913,14.732255,0.0000000707
3.62500,0.320417,0.680367,14.538167,0.320417,0.680367,14.538167,0.0000000717
3.63000,0.338430,0.699251,14.346740,0.338430,0.699251,14.346740,0.0000000728
3.63500,0.356522,0.719590,14.157944,0.356522,0.719590,14.157945,0.0000000741
3.64000,0.374759,0.741416,13.971751,0.374759,0.741416,13.971751,0.0000000754
3.64500,0.393209,0.764761,13.788134,0.393209,0.764761,13.788134,0.0000000769
3.65000,0.411936,0.789664,13.607067,0.411936,0.789664,13.607067,0.0000000785
3.65500,0.431003,0.816169,13.428524,0.431003,0.816169,13.428524,0.0000000802
3.66000,0.450473,0.844322,13.252483,0.450473,0.844322,13.252483,0.0000000821
3.66500,0.470408,0.874177,13.078921,0.470409,0.874177,13.078921,0.0000000841
3.67000,0.490871,0.905790,12.907817,0.490871,0.905791,12.907817,0.0000000863
3.67500,0.511921,0.939224,12.739152,0.511921,0.939224,12.739152,0.0000000886
3.68000,0.533621,0.974545,12.572909,0.533622,0.974545,12.572909,0.0000000911
3.68500,0.556034,1.011826,12.409070,0.556034,1.011826,12.409070,0.0000000937
3.69000,0.579222,1.051145,12.247622,0.579222,1.051145,12.247622,0.0000000965
3.69500,0.603248,1.092584,12.088551,0.603248,1.092584,12.088551,0.0000000995
3.70000,0.628177,1.136235,11.931848,0.628177,1.136235,11.931848,0.0000001027
3.70500,0.654076,1.182191,11.777504,0.654076,1.182191,11.777504,0.0000001061
3.71000,0.681012,1.230555,11.625512,0.681012,1.230555,11.625512,0.0000001097
3.71500,0.709054,1.281435,11.475870,0.709054,1.281435,11.475870,0.0000001135
3.72000,0.738274,1.334945,11.328575,0.738274,1.334946,11.328575,0.0000001175
3.72500,0.768746,1.391208,11.183631,0.768746,1.391208,11.183631,0.0000001218
3.73000,0.800546,1.450353,11.041042,0.800546,1.450353,11.041042,0.0000001262
3.73500,0.833753,1.512516,10.900817,0.833753,1.512516,10.900817,0.0000001310
3.74000,0.868450,1.577842,10.762969,0.868450,1.577842,10.762969,0.0000001360
3.74500,0.904722,1.646485,10.627514,0.904722,1.646485,10.627514,0.0000001412
3.75000,0.942657,1.718605,10.494473,0.942657,1.718605,10.494473,0.0000001468
3.75500,0.982348,1.794374,10.363871,0.982348,1.794374,10.363871,0.0000001526
3.76000,1.023892,1.873971,10.235741,1.023892,1.873971,10.235741,0.0000001588
3.76500,1.067390,1.957586,10.110119,1.067390,1.957586,10.110119,0.0000001653
3.77000,1.112948,2.045419,9.987049,1.112948,2.045419,9.987049,0.0000001721
3.77500,1.160675,2.137679,9.866580,1.160675,2.137679,9.866580,0.0000001793
3.78000,1.210688,2.234587,9.748772,1.210688,2.234588,9.748772,0.0000001868
3.78500,1.263106,2.336378,9.633691,1.263106,2.336378,9.633691,0.0000001948
3.79000,1.318058,2.443293,9.521411,1.318058,2.443293,9.521411,0.0000002031
3.79500,1.375675,2.555591,9.412021,1.375675,2.555591,9.412021,0.0000002119
3.80000,1.436097,2.673539,9.305615,1.436097,2.673539,9.305615,0.0000002211
3.80500,1.499469,2.797421,9.202304,1.499469,2.797421,9.202304,0.0000002308
3.81000,1.565944,2.927531,9.102210,1.565944,2.927532,9.102210,0.0000002410
3.81500,1.635682,3.064180,9.005470,1.635682,3.064180,9.005470,0.0000002517
3.82000,1.708851,3.207690,8.912238,1.708851,3.207690,8.912238,0.0000002630
3.82500,1.785626,3.358399,8.822685,1.785626,3.358400,8.822686,0.0000002748
3.83000,1.866191,3.516661,8.737002,1.866191,3.516661,8.737002,0.0000002872
3.83500,1.950739,3.682842,8.655401,1.950739,3.682842,8.655401,0.0000003002
3.84000,2.039470,3.857325,8.578117,2.039470,3.857325,8.578117,0.0000003138
3.84500,2.132596,4.040507,8.505412,2.132596,4.040508,8.505412,0.0000003282
3.85000,2.230336,4.232801,8.437575,2.230336,4.232801,8.437575,0.0000003432
3.85500,2.332921,4.434632,8.374928,2.332921,4.434632,8.374928,0.0000003590
3.86000,2.440589,4.646441,8.317824,2.440589,4.646441,8.317824,0.0000003756
3.86500,2.553591,4.868682,8.266657,2.553591,4.868682,8.266657,0.0000003929
3.87000,2.672186,5.101820,8.221858,2.672186,5.101820,8.221858,0.0000004112
3.87500,2.796646,5.346333,8.183904,2.796646,5.346333,8.183904,0.0000004302
3.88000,2.927250,5.602706,8.153322,2.927250,5.602706,8.153322,0.0000004503
3.88500,3.064290,5.871433,8.130690,3.064290,5.871433,8.130690,0.0000004712
3.89000,3.208066,6.153011,8.116644,3.208067,6.153012,8.116644,0.0000004932
3.89500,3.358890,6.447940,8.111883,3.358890,6.447941,8.111883,0.0000005162
3.90000,3.517079,6.756717,8.117173,3.517080,6.756717,8.117174,0.0000005402
3.90500,3.682964,7.079829,8.133357,3.682964,7.079830,8.133357,0.0000005654
3.91000,3.856879,7.417756,8.161352,3.856879,7.417756,8.161352,0.0000005917
3.91500,4.039167,7.770953,8.202164,4.039167,7.770954,8.202165,0.0000006192
3.92000,4.230174,8.139852,8.256891,4.230174,8.139852,8.256891,0.0000006479
3.92500,4.430252,8.524847,8.326726,4.430252,8.524847,8.326726,0.0000006779
3.93000,4.639751,8.926286,8.412968,4.639751,8.926287,8.412968,0.0000007091
3.93500,4.859021,9.344459,8.517026,4.859022,9.344459,8.517026,0.0000007416
3.94000,5.088408,9.779582,8.640424,5.088409,9.779583,8.640425,0.0000007754
3.94500,5.328249,10.231783,8.784809,5.328249,10.231784,8.784809,0.0000008106
3.95000,5.578867,10.701085,8.951949,5.578868,10.701085,8.951949,0.0000008471
3.95500,5.840569,11.187379,9.143744,5.840570,11.187380,9.143744,0.0000008849
3.96000,6.113638,11.690410,9.362220,6.113638,11.690411,9.362220,0.0000009241
3.96500,6.398325,12.209745,9.609534,6.398325,12.209746,9.609534,0.0000009646
3.97000,6.694844,12.744745,9.887965,6.694844,12.744745,9.887966,0.0000010063
3.97500,7.003362,13.294536,10.199914,7.003362,13.294536,10.199914,0.0000010492
3.98000,7.323987,13.857974,10.547884,7.323988,13.857975,10.547884,0.0000010933
3.98500,7.656761,14.433608,10.934471,7.656762,14.433609,10.934472,0.0000011385
3.99000,8.001644,15.019645,11.362342,8.001644,15.019646,11.362342,0.0000011846
3.99500,8.358499,15.613904,11.834199,8.358500,15.613904,11.834200,0.0000012315
4.00000,8.727082,16.213781,12.352750,8.727083,16.213782,12.352750,0.0000012791
4.00500,9.107022,16.816210,12.920658,9.107023,16.816211,12.920658,0.0000013272
4.01000,9.497804,17.417621,13.540486,9.497804,17.417622,13.540487,0.0000013756
4.01500,9.898750,18.013910,14.214633,9.898750,18.013911,14.214634,0.0000014240
4.02000,10.309002,18.600410,14.945249,10.309002,18.600411,14.945250,0.0000014721
4.02500,10.727503,19.171874,15.734149,10.727503,19.171874,15.734150,0.0000015197
4.03000,11.152975,19.722469,16.582710,11.152976,19.722470,16.582711,0.0000015665
4.03500,11.583907,20.245786,17.491756,11.583907,20.245787,17.491758,0.0000016120
4.04000,12.018531,20.734871,18.461441,12.018532,20.734872,18.461443,0.0000016560
4.04500,12.454818,21.182274,19.491115,12.454819,21.182275,19.491116,0.0000016979
4.05000,12.890462,21.580135,20.579197,12.890462,21.580136,20.579198,0.0000017375
4.05500,13.322877,21.920291,21.723047,13.322878,21.920291,21.723048,0.0000017743
4.06000,13.749204,22.194420,22.918850,13.749204,22.194420,22.918851,0.0000018079
4.06500,14.166313,22.394220,24.161514,14.166314,22.394220,24.161516,0.0000018380
4.07000,14.570830,22.511620,25.444600,14.570831,22.511620,25.444602,0.0000018642
4.07500,14.959161,22.539017,26.760279,14.959162,22.539017,26.760281,0.0000018862
4.08000,15.327533,22.469542,28.099345,15.327533,22.469542,28.099347,0.0000019039
4.08500,15.672046,22.297340,29.451271,15.672047,22.297340,29.451272,0.0000019171
4.09000,15.988736,22.017849,30.804335,15.988737,22.017848,30.804337,0.0000019256
4.09500,16.273647,21.628072,32.145807,16.273648,21.628071,32.145808,0.0000019297
4.10000,16.522913,21.126822,33.462194,16.522914,21.126821,33.462196,0.0000019293
4.10500,16.732848,20.514913,34.739561,16.732848,20.514912,34.739562,0.0000019247
4.11000,16.900036,19.795304,35.963885,16.900036,19.795303,35.963886,0.0000019161
4.11500,17.021427,18.973147,37.121461,17.021427,18.973145,37.121463,0.0000019040
4.12000,17.094426,18.055763,38.199318,17.094426,18.055762,38.199319,0.0000018887
4.12500,17.116970,17.052519,39.185629,17.116970,17.052518,39.185630,0.0000018706
4.13000,17.087601,15.974607,40.070100,17.087600,15.974605,40.070101,0.0000018502
4.13500,17.005516,14.834743,40.844297,17.005516,14.834741,40.844298,0.0000018278
4.14000,16.870602,13.646796,41.501913,16.870602,13.646795,41.501913,0.0000018039
4.14500,16.683448,12.425365,42.038930,16.683448,12.425364,42.038930,0.0000017786
4.15000,16.445334,11.185327,42.453698,16.445334,11.185325,42.453698,0.0000017522
4.15500,16.158201,9.941384,42.746903,16.158200,9.941382,42.746903,0.0000017249
4.16000,15.824598,8.707642,42.921445,15.824598,8.707641,42.921445,0.0000016968
4.16500,15.447618,7.497229,42.982222,15.447618,7.497227,42.982222,0.0000016678
4.17000,15.030811,6.321977,42.935860,15.030810,6.321976,42.935859,0.0000016379
4.17500,14.578093,5.192190,42.790384,14.578092,5.192188,42.790383,0.0000016072
4.18000,14.093652,4.116480,42.554869,14.093652,4.116479,42.554869,0.0000015756
4.18500,13.581849,3.101701,42.239087,13.581848,3.101700,42.239087,0.0000015430
4.19000,13.047122,2.152940,41.853164,13.047121,2.152939,41.853163,0.0000015094
4.19500,12.493898,1.273592,41.407268,12.493897,1.273591,41.407268,0.0000014749
4.20000,11.926515,0.465472,40.911344,11.926515,0.465471,40.911343,0.0000014394
4.20500,11.349154,-0.271022,40.374885,11.349154,-0.271023,40.374884,0.0000014031
4.21000,10.765779,-0.936728,39.806761,10.765778,-0.936729,39.806760,0.0000013661
4.21500,10.180091,-1.533524,39.215100,10.180091,-1.533524,39.215099,0.0000013284
4.22000,9.595502,-2.064128,38.607203,9.595502,-2.064128,38.607202,0.0000012902
4.22500,9.015106,-2.531911,37.989514,9.015105,-2.531911,37.989513,0.0000012516
4.23000,8.441668,-2.940718,37.367613,8.441667,-2.940719,37.367613,0.0000012129
4.23500,7.877624,-3.294712,36.746245,7.877623,-3.294712,36.746244,0.0000011741
4.24000,7.325084,-3.598231,36.129360,7.325083,-3.598232,36.129359,0.0000011355
4.24500,6.785839,-3.855679,35.520180,6.785838,-3.855680,35.520179,0.0000010972
4.25000,6.261380,-4.071425,34.921265,6.261379,-4.071425,34.921264,0.0000010593
4.25500,5.752915,-4.249728,34.334586,5.752915,-4.249728,34.334585,0.0000010220
4.26000,5.261389,-4.394683,33.761601,5.261388,-4.394684,33.761600,0.0000009855
4.26500,4.787505,-4.510179,33.203328,4.787504,-4.510179,33.203327,0.0000009498
4.27000,4.331748,-4.599867,32.660414,4.331748,-4.599867,32.660413,0.0000009150
4.27500,3.894409,-4.667148,32.133196,3.894409,-4.667148,32.133196,0.0000008812
4.28000,3.475604,-4.715163,31.621763,3.475604,-4.715163,31.621763,0.0000008485
4.28500,3.075297,-4.746792,31.126003,3.075297,-4.746792,31.126002,0.0000008170
4.29000,2.693319,-4.764663,30.645648,2.693319,-4.764663,30.645647,0.0000007866
4.29500,2.329388,-4.771156,30.180314,2.329387,-4.771155,30.180314,0.0000007575
4.30000,1.983124,-4.768418,29.729534,1.983123,-4.768418,29.729533,0.0000007297
4.30500,1.654068,-4.758378,29.292781,1.654068,-4.758378,29.292780,0.0000007031
4.31000,1.341694,-4.742760,28.869495,1.341694,-4.742759,28.869495,0.0000006778
4.31500,1.045422,-4.723098,28.459101,1.045421,-4.723098,28.459100,0.0000006538
4.32000,0.764629,-4.700755,28.061018,0.764628,-4.700755,28.061017,0.0000006310
4.32500,0.498661,-4.676933,27.674676,0.498661,-4.676933,27.674675,0.0000006094
4.33000,0.246840,-4.652694,27.299524,0.246840,-4.652694,27.299523,0.0000005890
4.33500,0.008475,-4.628967,26.935032,0.008474,-4.628967,26.935032,0.0000005698
4.34000,-0.217138,-4.606567,26.580702,-0.217139,-4.606567,26.580702,0.0000005516
4.34500,-0.430703,-4.586204,26.236066,-0.430703,-4.586204,26.236065,0.0000005346
4.35000,-0.632922,-4.568494,25.900688,-0.632922,-4.568494,25.900687,0.0000005186
4.35500,-0.824491,-4.553971,25.574168,-0.824491,-4.553971,25.574168,0.0000005035
4.36000,-1.006097,-4.543097,25.256141,-1.006097,-4.543097,25.256140,0.0000004894
4.36500,-1.178413,-4.536269,24.946274,-1.178413,-4.536268,24.946273,0.0000004761
4.37000,-1.342099,-4.533825,24.644269,-1.342099,-4.533825,24.644268,0.0000004637
4.37500,-1.497797,-4.536057,24.349858,-1.497797,-4.536057,24.349858,0.0000004520
4.38000,-1.646130,-4.543212,24.062806,-1.646130,-4.543212,24.062806,0.0000004410
4.38500,-1.787703,-4.555501,23.782906,-1.787703,-4.555500,23.782906,0.0000004307
4.39000,-1.923101,-4.573101,23.509979,-1.923101,-4.573101,23.509979,0.0000004209
4.39500,-2.052888,-4.596163,23.243872,-2.052888,-4.596163,23.243872,0.0000004117
4.40000,-2.177606,-4.624816,22.984458,-2.177606,-4.624816,22.984458,0.0000004031
4.40500,-2.297779,-4.659167,22.731633,-2.297779,-4.659167,22.731633,0.0000003948
4.41000,-2.413909,-4.699308,22.485315,-2.413909,-4.699308,22.485315,0.0000003870
4.41500,-2.526476,-4.745318,22.245445,-2.526476,-4.745318,22.245445,0.0000003796
4.42000,-2.635944,-4.797263,22.011983,-2.635944,-4.797263,22.011982,0.0000003725
4.42500,-2.742753,-4.855204,21.784908,-2.742753,-4.855204,21.784908,0.0000003658
4.43000,-2.847327,-4.919192,21.564221,-2.847327,-4.919192,21.564220,0.0000003593
4.43500,-2.950071,-4.989275,21.349937,-2.950071,-4.989275,21.349936,0.0000003530
4.44000,-3.051373,-5.065495,21.142091,-3.051373,-5.065495,21.142090,0.0000003470
4.44500,-3.151604,-5.147894,20.940735,-3.151604,-5.147894,20.940735,0.0000003412
4.45000,-3.251118,-5.236509,20.745938,-3.251118,-5.236509,20.745938,0.0000003356
4.45500,-3.350254,-5.331379,20.557786,-3.350254,-5.331379,20.557786,0.0000003302
4.46000,-3.449336,-5.432541,20.376382,-3.449336,-5.432541,20.376382,0.0000003249
4.46500,-3.548675,-5.540030,20.201846,-3.548675,-5.540030,20.201845,0.0000003198
4.47000,-3.648568,-5.653883,20.034313,-3.648568,-5.653884,20.034312,0.0000003148
4.47500,-3.749300,-5.774137,19.873937,-3.749300,-5.774137,19.873937,0.0000003099
4.48000,-3.851141,-5.900824,19.720891,-3.851141,-5.900824,19.720890,0.0000003052
4.48500,-3.954353,-6.033979,19.575362,-3.954353,-6.033979,19.575361,0.0000003006
4.49000,-4.059185,-6.173634,19.437558,-4.059185,-6.173634,19.437558,0.0000002961
4.49500,-4.165876,-6.319817,19.307704,-4.165876,-6.319818,19.307704,0.0000002918
4.50000,-4.274653,-6.472554,19.186046,-4.274653,-6.472554,19.186046,0.0000002876
4.50500,-4.385737,-6.631864,19.072847,-4.385737,-6.631864,19.072847,0.0000002835
4.51000,-4.499334,-6.797760,18.968391,-4.499334,-6.797760,18.968391,0.0000002796
4.51500,-4.615644,-6.970249,18.872982,-4.615644,-6.970249,18.872982,0.0000002759
4.52000,-4.734856,-7.149325,18.786945,-4.734856,-7.149325,18.786945,0.0000002723
4.52500,-4.857149,-7.334973,18.710626,-4.857149,-7.334973,18.710626,0.0000002690
4.53000,-4.982693,-7.527161,18.644392,-4.982693,-7.527161,18.644391,0.0000002659
4.53500,-5.111647,-7.725843,18.588631,-5.111647,-7.725844,18.588630,0.0000002630
4.54000,-5.244160,-7.930953,18.543753,-5.244160,-7.930953,18.543753,0.0000002605
4.54500,-5.380370,-8.142401,18.510190,-5.380371,-8.142401,18.510189,0.0000002582
4.55000,-5.520403,-8.360073,18.488393,-5.520404,-8.360073,18.488393,0.0000002563
4.55500,-5.664373,-8.583826,18.478837,-5.664373,-8.583827,18.478836,0.0000002548
4.56000,-5.812380,-8.813485,18.482012,-5.812380,-8.813485,18.482011,0.0000002537
4.56500,-5.964510,-9.048836,18.498429,-5.964510,-9.048836,18.498429,0.0000002531
4.57000,-6.120833,-9.289627,18.528617,-6.120833,-9.289627,18.528617,0.0000002529
4.57500,-6.281404,-9.535560,18.573119,-6.281404,-9.535560,18.573119,0.0000002533
4.58000,-6.446257,-9.786287,18.632488,-6.446258,-9.786288,18.632488,0.0000002543
4.58500,-6.615409,-10.041408,18.707291,-6.615409,-10.041408,18.707291,0.0000002558
4.59000,-6.788851,-10.300460,18.798098,-6.788851,-10.300460,18.798098,0.0000002580
4.59500,-6.966555,-10.562921,18.905482,-6.966555,-10.562921,18.905482,0.0000002608
4.60000,-7.148465,-10.828196,19.030013,-7.148465,-10.828196,19.030012,0.0000002643
4.60500,-7.334496,-11.095620,19.172250,-7.334496,-11.095621,19.172250,0.0000002684
4.61000,-7.524534,-11.364449,19.332739,-7.524534,-11.364450,19.332739,0.0000002732
4.61500,-7.718433,-11.633857,19.512001,-7.718433,-11.633858,19.512001,0.0000002786
4.62000,-7.916010,-11.902933,19.710527,-7.916010,-11.902933,19.710527,0.0000002847
4.62500,-8.117045,-12.170675,19.928766,-8.117045,-12.170675,19.928766,0.0000002913
4.63000,-8.321279,-12.435992,20.167115,-8.321279,-12.435993,20.167116,0.0000002985
4.63500,-8.528408,-12.697701,20.425910,-8.528408,-12.697701,20.425910,0.0000003063
4.64000,-8.738084,-12.954524,20.705409,-8.738084,-12.954524,20.705409,0.0000003145
4.64500,-8.949912,-13.205092,21.005784,-8.949912,-13.205092,21.005784,0.0000003231
4.65000,-9.163445,-13.447949,21.327103,-9.163446,-13.447949,21.327103,0.0000003321
4.65500,-9.378188,-13.681553,21.669320,-9.378188,-13.681553,21.669320,0.0000003414
4.66000,-9.593590,-13.904285,22.032253,-9.593590,-13.904285,22.032253,0.0000003509
4.66500,-9.809047,-14.114458,22.415578,-9.809047,-14.114458,22.415578,0.0000003606
4.67000,-10.023902,-14.310329,22.818808,-10.023903,-14.310330,22.818808,0.0000003703
4.67500,-10.237443,-14.490112,23.241279,-10.237444,-14.490112,23.241279,0.0000003801
4.68000,-10.448905,-14.651993,23.682141,-10.448906,-14.651993,23.682141,0.0000003897
4.68500,-10.657472,-14.794156,24.140343,-10.657472,-14.794156,24.140343,0.0000003991
4.69000,-10.862278,-14.914798,24.614625,-10.862278,-14.914798,24.614626,0.0000004083
4.69500,-11.062414,-15.012159,25.103511,-11.062414,-15.012160,25.103511,0.0000004172
4.70000,-11.256930,-15.084548,25.605303,-11.256930,-15.084549,25.605303,0.0000004256
4.70500,-11.444843,-15.130371,26.118084,-11.444843,-15.130372,26.118085,0.0000004335
4.71000,-11.625142,-15.148163,26.639721,-11.625142,-15.148163,26.639722,0.0000004409
4.71500,-11.796800,-15.136619,27.167873,-11.796800,-15.136619,27.167874,0.0000004476
4.72000,-11.958778,-15.094625,27.700006,-11.958778,-15.094626,27.700006,0.0000004536
4.72500,-12.110040,-15.021292,28.233409,-12.110041,-15.021292,28.233409,0.0000004588
4.73000,-12.249565,-14.915978,28.765223,-12.249565,-14.915978,28.765224,0.0000004633
4.73500,-12.376355,-14.778323,29.292468,-12.376355,-14.778323,29.292468,0.0000004669
4.74000,-12.489450,-14.608266,29.812075,-12.489450,-14.608266,29.812076,0.0000004698
4.74500,-12.587944,-14.406063,30.320929,-12.587944,-14.406063,30.320929,0.0000004717
4.75000,-12.670993,-14.172300,30.815907,-12.670993,-14.172300,30.815907,0.0000004729
4.75500,-12.737834,-13.907900,31.293925,-12.737834,-13.907900,31.293926,0.0000004732
4.76000,-12.787791,-13.614120,31.751986,-12.787791,-13.614120,31.751986,0.0000004728
4.76500,-12.820294,-13.292543,32.187221,-12.820294,-13.292543,32.187222,0.0000004717
4.77000,-12.834883,-12.945061,32.596940,-12.834883,-12.945061,32.596940,0.0000004699
4.77500,-12.831220,-12.573852,32.978669,-12.831221,-12.573852,32.978670,0.0000004675
4.78000,-12.809099,-12.181349,33.330195,-12.809099,-12.181349,33.330196,0.0000004646
4.78500,-12.768444,-11.770205,33.649595,-12.768444,-11.770205,33.649596,0.0000004613
4.79000,-12.709319,-11.343250,33.935266,-12.709319,-11.343250,33.935266,0.0000004577
4.79500,-12.631927,-10.903446,34.185941,-12.631927,-10.903445,34.185942,0.0000004538
4.80000,-12.536607,-10.453837,34.400711,-12.536607,-10.453836,34.400711,0.0000004498
4.80500,-12.423829,-9.997503,34.579020,-12.423829,-9.997503,34.579020,0.0000004457
4.81000,-12.294194,-9.537510,34.720668,-12.294194,-9.537510,34.720668,0.0000004416
4.81500,-12.148419,-9.076863,34.825799,-12.148419,-9.076862,34.825800,0.0000004376
4.82000,-11.987331,-8.618460,34.894885,-11.987331,-8.618460,34.894885,0.0000004337
4.82500,-11.811855,-8.165056,34.928698,-11.811855,-8.165056,34.928699,0.0000004300
4.83000,-11.623001,-7.719227,34.928290,-11.623001,-7.719227,34.928290,0.0000004265
4.83500,-11.421849,-7.283341,34.894951,-11.421849,-7.283341,34.894951,0.0000004232
4.84000,-11.209538,-6.859536,34.830181,-11.209538,-6.859535,34.830181,0.0000004201
4.84500,-10.987248,-6.449703,34.735650,-10.987248,-6.449702,34.735650,0.0000004173
4.85000,-10.756190,-6.055478,34.613161,-10.756190,-6.055478,34.613161,0.0000004147
4.85500,-10.517586,-5.678240,34.464617,-10.517586,-5.678239,34.464617,0.0000004122
4.86000,-10.272662,-5.319105,34.291980,-10.272662,-5.319105,34.291980,0.0000004099
4.86500,-10.022632,-4.978943,34.097244,-10.022632,-4.978943,34.097244,0.0000004077
4.87000,-9.768686,-4.658382,33.882404,-9.768685,-4.658382,33.882404,0.0000004056
4.87500,-9.511981,-4.357824,33.649426,-9.511981,-4.357824,33.649426,0.0000004036
4.88000,-9.253634,-4.077463,33.400231,-9.253634,-4.077463,33.400231,0.0000004016
4.88500,-8.994710,-3.817304,33.136671,-8.994710,-3.817303,33.136671,0.0000003995
4.89000,-8.736220,-3.577180,32.860517,-8.736220,-3.577180,32.860517,0.0000003975
4.89500,-8.479112,-3.356779,32.573443,-8.479112,-3.356779,32.573443,0.0000003953
4.90000,-8.224271,-3.155659,32.277023,-8.224270,-3.155658,32.277023,0.0000003931
4.90500,-7.972512,-2.973270,31.972722,-7.972512,-2.973269,31.972722,0.0000003908
4.91000,-7.724584,-2.808975,31.661894,-7.724584,-2.808975,31.661894,0.0000003884
4.91500,-7.481166,-2.662069,31.345783,-7.481165,-2.662068,31.345782,0.0000003859
4.92000,-7.242866,-2.531791,31.025520,-7.242866,-2.531791,31.025520,0.0000003833
4.92500,-7.010228,-2.417346,30.702135,-7.010227,-2.417346,30.702134,0.0000003806
4.93000,-6.783726,-2.317916,30.376550,-6.783726,-2.317916,30.376550,0.0000003778
4.93500,-6.563774,-2.232672,30.049595,-6.563774,-2.232671,30.049595,0.0000003748
4.94000,-6.350723,-2.160784,29.722006,-6.350723,-2.160783,29.722006,0.0000003718
4.94500,-6.144869,-2.101433,29.394438,-6.144869,-2.101433,29.394438,0.0000003687
4.95000,-5.946451,-2.053819,29.067465,-5.946451,-2.053819,29.067465,0.0000003655
4.95500,-5.755661,-2.017164,28.741592,-5.755661,-2.017164,28.741592,0.0000003623
4.96000,-5.572642,-1.990720,28.417260,-5.572642,-1.990720,28.417260,0.0000003590
4.96500,-5.397496,-1.973772,28.094853,-5.397496,-1.973772,28.094853,0.0000003557
4.97000,-5.230285,-1.965643,27.774701,-5.230284,-1.965643,27.774701,0.0000003524
4.97500,-5.071035,-1.965693,27.457091,-5.071035,-1.965693,27.457091,0.0000003491
4.98000,-4.919744,-1.973325,27.142269,-4.919744,-1.973325,27.142269,0.0000003457
4.98500,-4.776378,-1.987980,26.830445,-4.776378,-1.987979,26.830444,0.0000003425
4.99000,-4.640882,-2.009142,26.521799,-4.640881,-2.009142,26.521799,0.0000003392
4.99500,-4.513175,-2.036338,26.216486,-4.513175,-2.036338,26.216486,0.0000003360
5.00000,-4.393163,-2.069134,25.914637,-4.393163,-2.069134,25.914637,0.0000003328
5.00500,-4.280733,-2.107136,25.616364,-4.280732,-2.107136,25.616364,0.0000003297
5.01000,-4.175760,-2.149988,25.321764,-4.175760,-2.149988,25.321764,0.0000003266
5.01500,-4.078109,-2.197373,25.030921,-4.078109,-2.197372,25.030921,0.0000003237
5.02000,-3.987637,-2.249008,24.743907,-3.987637,-2.249008,24.743907,0.0000003208
5.02500,-3.904196,-2.304647,24.460786,-3.904195,-2.304647,24.460786,0.0000003180
5.03000,-3.827631,-2.364073,24.181616,-3.827631,-2.364073,24.181615,0.0000003152
5.03500,-3.757788,-2.427103,23.906448,-3.757788,-2.427103,23.906447,0.0000003126
5.04000,-3.694510,-2.493582,23.635331,-3.694510,-2.493582,23.635331,0.0000003100
5.04500,-3.637644,-2.563382,23.368313,-3.637643,-2.563382,23.368313,0.0000003076
5.05000,-3.587034,-2.636403,23.105438,-3.587034,-2.636403,23.105438,0.0000003052
5.05500,-3.542531,-2.712566,22.846752,-3.542531,-2.712566,22.846752,0.0000003029
5.06000,-3.503989,-2.791818,22.592301,-3.503989,-2.791818,22.592300,0.0000003007
5.06500,-3.471268,-2.874126,22.342132,-3.471268,-2.874125,22.342132,0.0000002986
5.07000,-3.444231,-2.959475,22.096296,-3.444231,-2.959475,22.096296,0.0000002966
5.07500,-3.422750,-3.047873,21.854847,-3.422750,-3.047873,21.854847,0.0000002947
5.08000,-3.406704,-3.139340,21.617841,-3.406704,-3.139340,21.617841,0.0000002928
5.08500,-3.395977,-3.233916,21.385340,-3.395977,-3.233916,21.385340,0.0000002910
5.09000,-3.390464,-3.331653,21.157412,-3.390464,-3.331653,21.157411,0.0000002894
5.09500,-3.390065,-3.432619,20.934126,-3.390065,-3.432619,20.934126,0.0000002877
5.10000,-3.394690,-3.536893,20.715563,-3.394690,-3.536893,20.715563,0.0000002862
5.10500,-3.404259,-3.644567,20.501807,-3.404259,-3.644567,20.501807,0.0000002847
5.11000,-3.418698,-3.755741,20.292951,-3.418698,-3.755741,20.292951,0.0000002833
5.11500,-3.437944,-3.870529,20.089094,-3.437944,-3.870529,20.089094,0.0000002820
5.12000,-3.461940,-3.989050,19.890346,-3.461940,-3.989050,19.890346,0.0000002807
5.12500,-3.490641,-4.111434,19.696825,-3.490641,-4.111434,19.696824,0.0000002795
5.13000,-3.524008,-4.237816,19.508657,-3.524008,-4.237816,19.508657,0.0000002784
5.13500,-3.562013,-4.368340,19.325983,-3.562013,-4.368340,19.325982,0.0000002773
5.14000,-3.604635,-4.503153,19.148950,-3.604635,-4.503153,19.148950,0.0000002762
5.14500,-3.651862,-4.642408,18.977722,-3.651862,-4.642408,18.977722,0.0000002752
5.15000,-3.703690,-4.786263,18.812473,-3.703690,-4.786263,18.812472,0.0000002742
5.15500,-3.760122,-4.934877,18.653390,-3.760122,-4.934877,18.653389,0.0000002733
5.16000,-3.821170,-5.088412,18.500676,-3.821170,-5.088412,18.500676,0.0000002724
5.16500,-3.886854,-5.247032,18.354551,-3.886854,-5.247032,18.354550,0.0000002715
5.17000,-3.957198,-5.410901,18.215247,-3.957198,-5.410901,18.215247,0.0000002706
5.17500,-4.032236,-5.580179,18.083018,-4.032236,-5.580179,18.083017,0.0000002698
5.18000,-4.112006,-5.755028,17.958133,-4.112006,-5.755028,17.958132,0.0000002690
5.18500,-4.196554,-5.935602,17.840881,-4.196554,-5.935602,17.840881,0.0000002682
5.19000,-4.285929,-6.122054,17.731573,-4.285929,-6.122054,17.731573,0.0000002674
5.19500,-4.380185,-6.314526,17.630540,-4.380185,-6.314526,17.630540,0.0000002666
5.20000,-4.479383,-6.513154,17.538135,-4.479383,-6.513153,17.538135,0.0000002658
5.20500,-4.583584,-6.718061,17.454735,-4.583584,-6.718061,17.454735,0.0000002649
5.21000,-4.692853,-6.929359,17.380741,-4.692853,-6.929358,17.380741,0.0000002641
5.21500,-4.807257,-7.147142,17.316580,-4.807257,-7.147142,17.316579,0.0000002632
5.22000,-4.926864,-7.371489,17.262702,-4.926864,-7.371489,17.262702,0.0000002624
5.22500,-5.051742,-7.602454,17.219588,-5.051742,-7.602454,17.219588,0.0000002614
5.23000,-5.181957,-7.840069,17.187743,-5.181957,-7.840069,17.187743,0.0000002605
5.23500,-5.317574,-8.084336,17.167700,-5.317574,-8.084336,17.167700,0.0000002594
5.24000,-5.458653,-8.335225,17.160020,-5.458653,-8.335225,17.160019,0.0000002584
5.24500,-5.605249,-8.592672,17.165291,-5.605248,-8.592672,17.165291,0.0000002572
5.25000,-5.757410,-8.856568,17.184129,-5.757410,-8.856568,17.184128,0.0000002560
5.25500,-5.915176,-9.126761,17.217174,-5.915176,-9.126761,17.217174,0.0000002548
5.26000,-6.078576,-9.403046,17.265094,-6.078576,-9.403046,17.265094,0.0000002534
5.26500,-6.247626,-9.685163,17.328576,-6.247626,-9.685163,17.328576,0.0000002519
5.27000,-6.422327,-9.972786,17.408331,-6.422327,-9.972786,17.408331,0.0000002504
5.27500,-6.602663,-10.265523,17.505084,-6.602663,-10.265523,17.505084,0.0000002487
5.28000,-6.788597,-10.562905,17.619575,-6.788597,-10.562905,17.619575,0.0000002470
5.28500,-6.980070,-10.864381,17.752552,-6.980070,-10.864382,17.752552,0.0000002451
5.29000,-7.176995,-11.169312,17.904765,-7.176995,-11.169312,17.904764,0.0000002432
5.29500,-7.379258,-11.476961,18.076959,-7.379258,-11.476961,18.076959,0.0000002411
5.30000,-7.586710,-11.786492,18.269868,-7.586710,-11.786492,18.269868,0.0000002389
5.30500,-7.799168,-12.096959,18.484202,-7.799168,-12.096959,18.484202,0.0000002366
5.31000,-8.016408,-12.407303,18.720637,-8.016408,-12.407303,18.720637,0.0000002343
5.31500,-8.238161,-12.716345,18.979807,-8.238161,-12.716345,18.979806,0.0000002318
5.32000,-8.464113,-13.022783,19.262282,-8.464113,-13.022783,19.262281,0.0000002293
5.32500,-8.693897,-13.325190,19.568561,-8.693897,-13.325190,19.568561,0.0000002267
5.33000,-8.927092,-13.622012,19.899050,-8.927092,-13.622013,19.899050,0.0000002241
5.33500,-9.163219,-13.911568,20.254048,-9.163219,-13.911568,20.254048,0.0000002214
5.34000,-9.401736,-14.192054,20.633723,-9.401736,-14.192054,20.633723,0.0000002188
5.34500,-9.642038,-14.461546,21.038095,-9.642038,-14.461546,21.038095,0.0000002162
5.35000,-9.883451,-14.718013,21.467014,-9.883451,-14.718013,21.467014,0.0000002138
5.35500,-10.125235,-14.959325,21.920141,-10.125235,-14.959326,21.920141,0.0000002114
5.36000,-10.366578,-15.183271,22.396922,-10.366578,-15.183271,22.396922,0.0000002092
5.36500,-10.606599,-15.387573,22.896573,-10.606599,-15.387574,22.896573,0.0000002073
5.37000,-10.844348,-15.569919,23.418056,-10.844348,-15.569920,23.418056,0.0000002056
5.37500,-11.078806,-15.727982,23.960066,-11.078806,-15.727982,23.960066,0.0000002042
5.38000,-11.308895,-15.859454,24.521016,-11.308895,-15.859454,24.521016,0.0000002032
5.38500,-11.533473,-15.962084,25.099025,-11.533473,-15.962085,25.099025,0.0000002025
5.39000,-11.751351,-16.033717,25.691915,-11.751351,-16.033717,25.691915,0.0000002023
5.39500,-11.961292,-16.072332,26.297211,-11.961292,-16.072333,26.297211,0.0000002025
5.40000,-12.162027,-16.076091,26.912145,-12.162027,-16.076092,26.912145,0.0000002030
5.40500,-12.352265,-16.043382,27.533673,-12.352265,-16.043382,27.533673,0.0000002040
5.41000,-12.530705,-15.972862,28.158494,-12.530705,-15.972862,28.158494,0.0000002054
5.41500,-12.696051,-15.863507,28.783081,-12.696051,-15.863507,28.783081,0.0000002072
5.42000,-12.847031,-15.714646,29.403718,-12.847031,-15.714647,29.403718,0.0000002092
5.42500,-12.982410,-15.526000,30.016541,-12.982410,-15.526000,30.016541,0.0000002115
5.43000,-13.101009,-15.297711,30.617597,-13.101009,-15.297711,30.617597,0.0000002140
5.43500,-13.201726,-15.030362,31.202896,-13.201727,-15.030362,31.202897,0.0000002165
5.44000,-13.283553,-14.724992,31.768477,-13.283553,-14.724993,31.768477,0.0000002191
5.44500,-13.345591,-14.383099,32.310472,-13.345591,-14.383099,32.310472,0.0000002217
5.45000,-13.387070,-14.006625,32.825171,-13.387070,-14.006625,32.825171,0.0000002241
5.45500,-13.407363,-13.597943,33.309093,-13.407363,-13.597943,33.309093,0.0000002264
5.46000,-13.405998,-13.159821,33.759043,-13.405998,-13.159821,33.759043,0.0000002284
5.46500,-13.382672,-12.695383,34.172170,-13.382672,-12.695383,34.172170,0.0000002302
5.47000,-13.337256,-12.208053,34.546017,-13.337256,-12.208053,34.546018,0.0000002316
5.47500,-13.269799,-11.701501,34.878563,-13.269799,-11.701501,34.878563,0.0000002327
5.48000,-13.180533,-11.179572,35.168247,-13.180533,-11.179572,35.168247,0.0000002334
5.48500,-13.069869,-10.646221,35.413992,-13.069869,-10.646221,35.413992,0.0000002338
5.49000,-12.938392,-10.105441,35.615205,-12.938392,-10.105441,35.615205,0.0000002338
5.49500,-12.786851,-9.561189,35.771776,-12.786851,-9.561189,35.771776,0.0000002334
5.50000,-12.616152,-9.017327,35.884058,-12.616152,-9.017327,35.884058,0.0000002327
5.50500,-12.427339,-8.477552,35.952840,-12.427339,-8.477552,35.952840,0.0000002317
5.51000,-12.221582,-7.945345,35.979308,-12.221582,-7.945345,35.979308,0.0000002304
5.51500,-12.000156,-7.423926,35.965007,-12.000156,-7.423926,35.965007,0.0000002289
5.52000,-11.764426,-6.916212,35.911787,-11.764426,-6.916212,35.911787,0.0000002272
5.52500,-11.515822,-6.424794,35.821751,-11.515822,-6.424794,35.821751,0.0000002254
5.53000,-11.255822,-5.951914,35.697204,-11.255823,-5.951914,35.697204,0.0000002235
5.53500,-10.985936,-5.499461,35.540599,-10.985936,-5.499461,35.540599,0.0000002215
5.54000,-10.707681,-5.068967,35.354482,-10.707681,-5.068966,35.354482,0.0000002195
5.54500,-10.422565,-4.661615,35.141450,-10.422565,-4.661615,35.141450,0.0000002176
5.55000,-10.132075,-4.278258,34.904099,-10.132076,-4.278258,34.904100,0.0000002156
5.55500,-9.837658,-3.919433,34.644995,-9.837658,-3.919433,34.644995,0.0000002138
5.56000,-9.540708,-3.585389,34.366631,-9.540708,-3.585389,34.366631,0.0000002121
5.56500,-9.242559,-3.276113,34.071404,-9.242559,-3.276113,34.071404,0.0000002106
5.57000,-8.944472,-2.991357,33.761595,-8.944472,-2.991357,33.761595,0.0000002091
5.57500,-8.647628,-2.730675,33.439347,-8.647628,-2.730675,33.439347,0.0000002079
5.58000,-8.353128,-2.493443,33.106658,-8.353128,-2.493443,33.106658,0.0000002068
5.58500,-8.061982,-2.278899,32.765372,-8.061982,-2.278899,32.765372,0.0000002059
5.59000,-7.775112,-2.086161,32.417175,-7.775112,-2.086161,32.417175,0.0000002051
5.59500,-7.493349,-1.914261,32.063600,-7.493349,-1.914261,32.063600,0.0000002045
5.60000,-7.217436,-1.762166,31.706023,-7.217436,-1.762165,31.706023,0.0000002041
5.60500,-6.948026,-1.628796,31.345675,-6.948026,-1.628795,31.345675,0.0000002038
5.61000,-6.685689,-1.513050,30.983648,-6.685689,-1.513049,30.983648,0.0000002037
5.61500,-6.430911,-1.413818,30.620901,-6.430911,-1.413818,30.620901,0.0000002038
5.62000,-6.184103,-1.329998,30.258272,-6.184103,-1.329998,30.258272,0.0000002039
5.62500,-5.945601,-1.260507,29.896487,-5.945601,-1.260507,29.896487,0.0000002042
5.63000,-5.715672,-1.204290,29.536169,-5.715672,-1.204290,29.536169,0.0000002047
5.63500,-5.494521,-1.160330,29.177852,-5.494521,-1.160330,29.177852,0.0000002052
5.64000,-5.282292,-1.127653,28.821985,-5.282292,-1.127653,28.821985,0.0000002058
5.64500,-5.079079,-1.105334,28.468946,-5.079079,-1.105333,28.468946,0.0000002066
5.65000,-4.884925,-1.092499,28.119049,-4.884925,-1.092499,28.119049,0.0000002075
5.65500,-4.699830,-1.088329,27.772550,-4.699830,-1.088329,27.772550,0.0000002084
5.66000,-4.523756,-1.092060,27.429659,-4.523756,-1.092060,27.429659,0.0000002095
5.66500,-4.356631,-1.102982,27.090544,-4.356631,-1.102982,27.090544,0.0000002107
5.67000,-4.198353,-1.120443,26.755336,-4.198353,-1.120443,26.755336,0.0000002120
5.67500,-4.048794,-1.143842,26.424138,-4.048793,-1.143842,26.424138,0.0000002134
5.68000,-3.907805,-1.172634,26.097027,-3.907804,-1.172634,26.097026,0.0000002149
5.68500,-3.775218,-1.206324,25.774057,-3.775218,-1.206324,25.774057,0.0000002165
5.69000,-3.650852,-1.244465,25.455270,-3.650852,-1.244465,25.455270,0.0000002183
5.69500,-3.534513,-1.286658,25.140690,-3.534513,-1.286658,25.140690,0.0000002201
5.70000,-3.425998,-1.332550,24.830332,-3.425998,-1.332550,24.830332,0.0000002222
5.70500,-3.325098,-1.381828,24.524202,-3.325098,-1.381828,24.524202,0.0000002243
5.71000,-3.231600,-1.434221,24.222300,-3.231599,-1.434221,24.222300,0.0000002266
5.71500,-3.145288,-1.489494,23.924620,-3.145288,-1.489494,23.924620,0.0000002291
5.72000,-3.065949,-1.547448,23.631156,-3.065949,-1.547448,23.631156,0.0000002317
5.72500,-2.993367,-1.607916,23.341897,-2.993367,-1.607916,23.341897,0.0000002344
5.73000,-2.927334,-1.670762,23.056832,-2.927334,-1.670762,23.056832,0.0000002374
5.73500,-2.867642,-1.735880,22.775953,-2.867642,-1.735880,22.775953,0.0000002405
5.74000,-2.814092,-1.803188,22.499250,-2.814092,-1.803188,22.499250,0.0000002438
5.74500,-2.766488,-1.872629,22.226714,-2.766488,-1.872629,22.226714,0.0000002473
5.75000,-2.724645,-1.944171,21.958342,-2.724645,-1.944171,21.958342,0.0000002510
5.75500,-2.688383,-2.017801,21.694130,-2.688383,-2.017800,21.694130,0.0000002549
5.76000,-2.657532,-2.093524,21.434079,-2.657531,-2.093524,21.434079,0.0000002590
5.76500,-2.631930,-2.171368,21.178193,-2.631930,-2.171368,21.178193,0.0000002633
5.77000,-2.611426,-2.251373,20.926479,-2.611426,-2.251372,20.926479,0.0000002679
5.77500,-2.595879,-2.333595,20.678951,-2.595879,-2.333595,20.678951,0.0000002727
5.78000,-2.585156,-2.418108,20.435624,-2.585156,-2.418108,20.435624,0.0000002778
5.78500,-2.579135,-2.504996,20.196521,-2.579135,-2.504995,20.196521,0.0000002831
5.79000,-2.577707,-2.594355,19.961667,-2.577706,-2.594355,19.961667,0.0000002886
5.79500,-2.580768,-2.686295,19.731096,-2.580768,-2.686295,19.731096,0.0000002945
5.80000,-2.588231,-2.780935,19.504846,-2.588231,-2.780935,19.504846,0.0000003006
5.80500,-2.600014,-2.878404,19.282960,-2.600014,-2.878404,19.282960,0.0000003070
5.81000,-2.616049,-2.978843,19.065491,-2.616048,-2.978843,19.065490,0.0000003137
5.81500,-2.636276,-3.082398,18.852496,-2.636275,-3.082398,18.852495,0.0000003207
5.82000,-2.660646,-3.189226,18.644041,-2.660646,-3.189225,18.644041,0.0000003280
5.82500,-2.689122,-3.299491,18.440201,-2.689122,-3.299490,18.440201,0.0000003356
5.83000,-2.721675,-3.413364,18.241059,-2.721675,-3.413364,18.241059,0.0000003436
5.83500,-2.758287,-3.531024,18.046706,-2.758286,-3.531024,18.046706,0.0000003519
5.84000,-2.798948,-3.652657,17.857245,-2.798948,-3.652657,17.857245,0.0000003606
5.84500,-2.843659,-3.778453,17.672788,-2.843659,-3.778453,17.672788,0.0000003696
5.85000,-2.892432,-3.908610,17.493460,-2.892432,-3.908609,17.493460,0.0000003790
5.85500,-2.945285,-4.043330,17.319398,-2.945285,-4.043329,17.319397,0.0000003888
5.86000,-3.002248,-4.182820,17.150749,-3.002247,-4.182820,17.150749,0.0000003990
5.86500,-3.063356,-4.327294,16.987680,-3.063356,-4.327294,16.987680,0.0000004096
5.87000,-3.128658,-4.476967,16.830367,-3.128658,-4.476966,16.830367,0.0000004206
5.87500,-3.198207,-4.632058,16.679007,-3.198207,-4.632057,16.679007,0.0000004320
5.88000,-3.272065,-4.792789,16.533810,-3.272065,-4.792789,16.533810,0.0000004439
5.88500,-3.350304,-4.959386,16.395008,-3.350304,-4.959386,16.395008,0.0000004562
5.89000,-3.433001,-5.132073,16.262851,-3.433001,-5.132073,16.262851,0.0000004690
5.89500,-3.520241,-5.311077,16.137611,-3.520241,-5.311077,16.137610,0.0000004822
5.90000,-3.612116,-5.496622,16.019580,-3.612116,-5.496622,16.019579,0.0000004960
5.90500,-3.708725,-5.688931,15.909076,-3.708725,-5.688931,15.909076,0.0000005102
5.91000,-3.810173,-5.888224,15.806443,-3.810172,-5.888224,15.806443,0.0000005249
5.91500,-3.916568,-6.094715,15.712050,-3.916568,-6.094715,15.712050,0.0000005401
5.92000,-4.028026,-6.308611,15.626296,-4.028026,-6.308610,15.626296,0.0000005558
5.92500,-4.144667,-6.530109,15.549610,-4.144666,-6.530109,15.549609,0.0000005720
5.93000,-4.266612,-6.759397,15.482450,-4.266612,-6.759396,15.482450,0.0000005888
5.93500,-4.393987,-6.996645,15.425312,-4.393987,-6.996645,15.425311,0.0000006061
5.94000,-4.526920,-7.242009,15.378722,-4.526920,-7.242008,15.378722,0.0000006239
5.94500,-4.665539,-7.495621,15.343247,-4.665539,-7.495620,15.343247,0.0000006422
5.95000,-4.809971,-7.757590,15.319488,-4.809971,-7.757589,15.319487,0.0000006610
5.95500,-4.960342,-8.027995,15.308085,-4.960342,-8.027994,15.308085,0.0000006803
5.96000,-5.116776,-8.306881,15.309722,-5.116776,-8.306881,15.309721,0.0000007002
5.96500,-5.279391,-8.594254,15.325118,-5.279391,-8.594253,15.325118,0.0000007205
5.97000,-5.448299,-8.890074,15.355037,-5.448298,-8.890073,15.355037,0.0000007413
5.97500,-5.623602,-9.194249,15.400283,-5.623601,-9.194248,15.400282,0.0000007626
5.98000,-5.805392,-9.506628,15.461699,-5.805392,-9.506628,15.461698,0.0000007842
5.98500,-5.993749,-9.826996,15.540169,-5.993749,-9.826995,15.540168,0.0000008063
5.99000,-6.188735,-10.155059,15.636613,-6.188734,-10.155058,15.636612,0.0000008287
5.99500,-6.390392,-10.490442,15.751986,-6.390392,-10.490442,15.751985,0.0000008514
6.00000,-6.598742,-10.832678,15.887273,-6.598742,-10.832677,15.887273,0.0000008744
6.00500,-6.813779,-11.181195,16.043486,-6.813779,-11.181194,16.043486,0.0000008976
6.01000,-7.035466,-11.535308,16.221655,-7.035466,-11.535308,16.221654,0.0000009210
6.01500,-7.263733,-11.894212,16.422820,-7.263733,-11.894212,16.422819,0.0000009444
6.02000,-7.498471,-12.256965,16.648023,-7.498470,-12.256964,16.648023,0.0000009678
6.02500,-7.739524,-12.622480,16.898298,-7.739523,-12.622480,16.898297,0.0000009911
6.03000,-7.986690,-12.989519,17.174652,-7.986689,-12.989518,17.174652,0.0000010142
6.03500,-8.239711,-13.356676,17.478054,-8.239711,-13.356675,17.478054,0.0000010371
6.04000,-8.498270,-13.722375,17.809414,-8.498269,-13.722374,17.809413,0.0000010595
6.04500,-8.761982,-14.084859,18.169563,-8.761982,-14.084859,18.169562,0.0000010814
6.05000,-9.030393,-14.442189,18.559229,-9.030393,-14.442189,18.559228,0.0000011027
6.05500,-9.302971,-14.792236,18.979012,-9.302971,-14.792235,18.979011,0.0000011231
6.06000,-9.579101,-15.132684,19.429358,-9.579100,-15.132684,19.429357,0.0000011427
6.06500,-9.858080,-15.461037,19.910523,-9.858080,-15.461037,19.910522,0.0000011612
6.07000,-10.139116,-15.774623,20.422545,-10.139116,-15.774622,20.422544,0.0000011785
6.07500,-10.421318,-16.070609,20.965212,-10.421318,-16.070608,20.965211,0.0000011944
6.08000,-10.703699,-16.346022,21.538025,-10.703699,-16.346022,21.538024,0.0000012089
6.08500,-10.985171,-16.597773,22.140165,-10.985171,-16.597773,22.140163,0.0000012217
6.09000,-11.264547,-16.822689,22.770463,-11.264547,-16.822689,22.770461,0.0000012328
6.09500,-11.540541,-17.017554,23.427369,-11.540540,-17.017554,23.427368,0.0000012421
6.10000,-11.811773,-17.179154,24.108929,-11.811773,-17.179154,24.108928,0.0000012494
6.10500,-12.076775,-17.304330,24.812761,-12.076775,-17.304330,24.812760,0.0000012547
6.11000,-12.334000,-17.390038,25.536047,-12.334000,-17.390038,25.536046,0.0000012580
6.11500,-12.581830,-17.433416,26.275527,-12.581830,-17.433416,26.275525,0.0000012593
6.12000,-12.818594,-17.431852,27.027506,-12.818593,-17.431852,27.027505,0.0000012585
6.12500,-13.042581,-17.383055,27.787874,-13.042581,-17.383055,27.787873,0.0000012557
6.13000,-13.252064,-17.285129,28.552136,-13.252063,-17.285129,28.552135,0.0000012510
6.13500,-13.445315,-17.136641,29.315457,-13.445315,-17.136642,29.315456,0.0000012446
6.14000,-13.620637,-16.936688,30.072720,-13.620637,-16.936689,30.072719,0.0000012366
6.14500,-13.776383,-16.684954,30.818600,-13.776383,-16.684954,30.818599,0.0000012272
6.15000,-13.910988,-16.381752,31.547644,-13.910988,-16.381753,31.547643,0.0000012166
6.15500,-14.022994,-16.028064,32.254369,-14.022994,-16.028065,32.254368,0.0000012050
6.16000,-14.111079,-15.625550,32.933358,-14.111079,-15.625551,32.933357,0.0000011927
6.16500,-14.174084,-15.176551,33.579372,-14.174084,-15.176552,33.579371,0.0000011800
6.17000,-14.211035,-14.684066,34.187449,-14.211035,-14.684067,34.187448,0.0000011671
6.17500,-14.221169,-14.151714,34.753012,-14.221169,-14.151715,34.753011,0.0000011542
6.18000,-14.203950,-13.583670,35.271963,-14.203951,-13.583671,35.271962,0.0000011415
6.18500,-14.159085,-12.984596,35.740766,-14.159085,-12.984597,35.740766,0.0000011291
6.19000,-14.086530,-12.359542,36.156519,-14.086530,-12.359543,36.156518,0.0000011172
6.19500,-13.986500,-11.713848,36.517001,-13.986500,-11.713849,36.517001,0.0000011058
6.20000,-13.859463,-11.053032,36.820709,-13.859463,-11.053033,36.820709,0.0000010949
6.20500,-13.706136,-10.382675,37.066868,-13.706137,-10.382676,37.066868,0.0000010844
6.21000,-13.527473,-9.708314,37.255421,-13.527473,-9.708315,37.255422,0.0000010744
6.21500,-13.324646,-9.035325,37.387002,-13.324647,-9.035326,37.387002,0.0000010646
6.22000,-13.099029,-8.368833,37.462887,-13.099030,-8.368833,37.462887,0.0000010550
6.22500,-12.852169,-7.713620,37.484938,-12.852170,-7.713621,37.484938,0.0000010454
6.23000,-12.585762,-7.074058,37.455523,-12.585762,-7.074059,37.455524,0.0000010357
6.23500,-12.301621,-6.454048,37.377444,-12.301621,-6.454049,37.377444,0.0000010256
6.24000,-12.001651,-5.856984,37.253840,-12.001652,-5.856985,37.253840,0.0000010152
6.24500,-11.687816,-5.285730,37.088109,-11.687817,-5.285731,37.088110,0.0000010042
6.25000,-11.362110,-4.742612,36.883819,-11.362110,-4.742613,36.883820,0.0000009926
6.25500,-11.026530,-4.229427,36.644628,-11.026531,-4.229428,36.644629,0.0000009804
6.26000,-10.683052,-3.747462,36.374209,-10.683053,-3.747463,36.374209,0.0000009675
6.26500,-10.333605,-3.297524,36.076187,-10.333605,-3.297525,36.076187,0.0000009539
6.27000,-9.980053,-2.879978,35.754081,-9.980053,-2.879978,35.754082,0.0000009396
6.27500,-9.624176,-2.494790,35.411262,-9.624176,-2.494790,35.411263,0.0000009247
6.28000,-9.267658,-2.141575,35.050911,-9.267658,-2.141576,35.050911,0.0000009092
6.28500,-8.912073,-1.819645,34.675997,-8.912074,-1.819645,34.675998,0.0000008932
6.29000,-8.558881,-1.528057,34.289259,-8.558881,-1.528057,34.289259,0.0000008768
6.29500,-8.209416,-1.265661,33.893193,-8.209416,-1.265661,33.893194,0.0000008600
6.30000,-7.864888,-1.031143,33.490054,-7.864888,-1.031143,33.490055,0.0000008430
6.30500,-7.526382,-0.823068,33.081855,-7.526382,-0.823068,33.081855,0.0000008258
6.31000,-7.194855,-0.639915,32.670374,-7.194856,-0.639915,32.670375,0.0000008086
6.31500,-6.871146,-0.480113,32.257169,-6.871147,-0.480113,32.257170,0.0000007915
6.32000,-6.555972,-0.342065,31.843588,-6.555973,-0.342065,31.843589,0.0000007745
6.32500,-6.249939,-0.224179,31.430787,-6.249939,-0.224179,31.430787,0.0000007578
6.33000,-5.953545,-0.124883,31.019743,-5.953546,-0.124883,31.019744,0.0000007413
6.33500,-5.667190,-0.042645,30.611277,-5.667190,-0.042645,30.611277,0.0000007253
6.34000,-5.391178,0.024013,30.206063,-5.391178,0.024013,30.206063,0.0000007097
6.34500,-5.125731,0.076508,29.804651,-5.125731,0.076508,29.804651,0.0000006947
6.35000,-4.870989,0.116185,29.407480,-4.870990,0.116186,29.407480,0.0000006802
6.35500,-4.627026,0.144314,29.014891,-4.627026,0.144314,29.014892,0.0000006664
6.36000,-4.393848,0.162085,28.627146,-4.393848,0.162085,28.627146,0.0000006532
6.36500,-4.171408,0.170605,28.244431,-4.171408,0.170606,28.244432,0.0000006407
6.37000,-3.959607,0.170904,27.866879,-3.959607,0.170904,27.866879,0.0000006289
6.37500,-3.758303,0.163928,27.494567,-3.758303,0.163928,27.494568,0.0000006179
6.38000,-3.567318,0.150546,27.127536,-3.567318,0.150546,27.127537,0.0000006076
6.38500,-3.386442,0.131551,26.765793,-3.386442,0.131551,26.765793,0.0000005980
6.39000,-3.215436,0.107663,26.409316,-3.215436,0.107663,26.409317,0.0000005892
6.39500,-3.054042,0.079532,26.058066,-3.054042,0.079533,26.058066,0.0000005811
6.40000,-2.901984,0.047744,25.711984,-2.901984,0.047745,25.711985,0.0000005738
6.40500,-2.758971,0.012821,25.371003,-2.758971,0.012822,25.371003,0.0000005672
6.41000,-2.624703,-0.024772,25.035044,-2.624703,-0.024771,25.035044,0.0000005613
6.41500,-2.498875,-0.064624,24.704023,-2.498875,-0.064624,24.704024,0.0000005562
6.42000,-2.381174,-0.106376,24.377855,-2.381174,-0.106375,24.377856,0.0000005517
6.42500,-2.271291,-0.149713,24.056451,-2.271291,-0.149712,24.056451,0.0000005479
6.43000,-2.168913,-0.194364,23.739721,-2.168913,-0.194364,23.739721,0.0000005448
6.43500,-2.073734,-0.240100,23.427578,-2.073734,-0.240100,23.427578,0.0000005424
6.44000,-1.985450,-0.286724,23.119936,-1.985450,-0.286724,23.119937,0.0000005406
6.44500,-1.903764,-0.334075,22.816712,-1.903764,-0.334075,22.816712,0.0000005395
6.45000,-1.828386,-0.382022,22.517824,-1.828386,-0.382021,22.517825,0.0000005390
6.45500,-1.759035,-0.430460,22.223196,-1.759035,-0.430460,22.223196,0.0000005392
6.46000,-1.695439,-0.479311,21.932753,-1.695439,-0.479310,21.932754,0.0000005401
6.46500,-1.637337,-0.528518,21.646426,-1.637336,-0.528518,21.646427,0.0000005416
6.47000,-1.584475,-0.578046,21.364147,-1.584475,-0.578046,21.364148,0.0000005437
6.47500,-1.536615,-0.627878,21.085854,-1.536615,-0.627878,21.085854,0.0000005466
6.48000,-1.493527,-0.678014,20.811487,-1.493527,-0.678014,20.811487,0.0000005501
6.48500,-1.454994,-0.728468,20.540989,-1.454993,-0.728468,20.540990,0.0000005543
6.49000,-1.420808,-0.779269,20.274309,-1.420808,-0.779269,20.274310,0.0000005592
6.49500,-1.390777,-0.830458,20.011397,-1.390777,-0.830458,20.011397,0.0000005648
6.50000,-1.364717,-0.882087,19.752207,-1.364717,-0.882087,19.752207,0.0000005712
6.50500,-1.342459,-0.934219,19.496696,-1.342459,-0.934218,19.496696,0.0000005784
6.51000,-1.323842,-0.986924,19.244824,-1.323842,-0.986923,19.244824,0.0000005863
6.51500,-1.308720,-1.040282,18.996554,-1.308719,-1.040281,18.996554,0.0000005951
6.52000,-1.296955,-1.094381,18.751853,-1.296955,-1.094380,18.751853,0.0000006047
6.52500,-1.288422,-1.149315,18.510688,-1.288422,-1.149314,18.510689,0.0000006151
6.53000,-1.283008,-1.205185,18.273033,-1.283007,-1.205184,18.273034,0.0000006265
6.53500,-1.280607,-1.262097,18.038862,-1.280607,-1.262097,18.038862,0.0000006388
6.54000,-1.281127,-1.320165,17.808153,-1.281127,-1.320165,17.808153,0.0000006520
6.54500,-1.284485,-1.379507,17.580885,-1.284485,-1.379506,17.580885,0.0000006662
6.55000,-1.290607,-1.440244,17.357044,-1.290606,-1.440244,17.357044,0.0000006815
6.55500,-1.299429,-1.502506,17.136615,-1.299429,-1.502506,17.136615,0.0000006978
6.56000,-1.310898,-1.566426,16.919588,-1.310898,-1.566426,16.919589,0.0000007152
6.56500,-1.324969,-1.632142,16.705958,-1.324968,-1.632141,16.705958,0.0000007337
6.57000,-1.341605,-1.699796,16.495721,-1.341605,-1.699795,16.495721,0.0000007535
6.57500,-1.360780,-1.769536,16.288878,-1.360780,-1.769535,16.288878,0.0000007744
6.58000,-1.382476,-1.841515,16.085433,-1.382475,-1.841514,16.085433,0.0000007966
6.58500,-1.406682,-1.915890,15.885395,-1.406682,-1.915889,15.885395,0.0000008201
6.59000,-1.433397,-1.992825,15.688778,-1.433397,-1.992824,15.688778,0.0000008449
6.59500,-1.462628,-2.072488,15.495600,-1.462628,-2.072487,15.495600,0.0000008712
6.60000,-1.494390,-2.155052,15.305884,-1.494389,-2.155051,15.305884,0.0000008990
6.60500,-1.528703,-2.240697,15.119658,-1.528703,-2.240697,15.119658,0.0000009282
6.61000,-1.565600,-2.329610,14.936959,-1.565600,-2.329609,14.936959,0.0000009590
6.61500,-1.605118,-2.421981,14.757827,-1.605118,-2.421981,14.757827,0.0000009915
6.62000,-1.647303,-2.518010,14.582310,-1.647303,-2.518009,14.582310,0.0000010256
6.62500,-1.692208,-2.617901,14.410464,-1.692208,-2.617900,14.410464,0.0000010615
6.63000,-1.739894,-2.721866,14.242354,-1.739893,-2.721865,14.242354,0.0000010993
6.63500,-1.790429,-2.830125,14.078052,-1.790429,-2.830124,14.078052,0.0000011389
6.64000,-1.843890,-2.942904,13.917640,-1.843890,-2.942903,13.917640,0.0000011806
6.64500,-1.900360,-3.060439,13.761211,-1.900359,-3.060438,13.761211,0.0000012243
6.65000,-1.959930,-3.182970,13.608870,-1.959929,-3.182969,13.608870,0.0000012701
6.65500,-2.022698,-3.310750,13.460733,-2.022697,-3.310749,13.460733,0.0000013182
6.66000,-2.088771,-3.444036,13.316929,-2.088771,-3.444035,13.316929,0.0000013686
6.66500,-2.158264,-3.583096,13.177603,-2.158263,-3.583094,13.177603,0.0000014214
6.67000,-2.231296,-3.728205,13.042915,-2.231296,-3.728203,13.042915,0.0000014768
6.67500,-2.307999,-3.879647,12.913042,-2.307998,-3.879645,12.913041,0.0000015347
6.68000,-2.388508,-4.037714,12.788178,-2.388507,-4.037712,12.788178,0.0000015954
6.68500,-2.472969,-4.202706,12.668540,-2.472968,-4.202705,12.668540,0.0000016588
6.69000,-2.561534,-4.374933,12.554365,-2.561533,-4.374931,12.554365,0.0000017252
6.69500,-2.654364,-4.554709,12.445913,-2.654363,-4.554707,12.445913,0.0000017947
6.70000,-2.751626,-4.742356,12.343472,-2.751625,-4.742355,12.343472,0.0000018673
6.70500,-2.853497,-4.938205,12.247356,-2.853496,-4.938203,12.247355,0.0000019432
6.71000,-2.960159,-5.142588,12.157908,-2.960158,-5.142586,12.157907,0.0000020226
6.71500,-3.071804,-5.355843,12.075505,-3.071803,-5.355842,12.075504,0.0000021054
6.72000,-3.188630,-5.578313,12.000558,-3.188629,-5.578311,12.000558,0.0000021919
6.72500,-3.310842,-5.810337,11.933518,-3.310841,-5.810335,11.933517,0.0000022822
6.73000,-3.438651,-6.052258,11.874873,-3.438650,-6.052256,11.874872,0.0000023763
6.73500,-3.572276,-6.304413,11.825156,-3.572275,-6.304411,11.825155,0.0000024745
6.74000,-3.711941,-6.567133,11.784948,-3.711939,-6.567131,11.784947,0.0000025768
6.74500,-3.857873,-6.840740,11.754877,-3.857871,-6.840738,11.754877,0.0000026834
6.75000,-4.010306,-7.125542,11.735628,-4.010304,-7.125540,11.735627,0.0000027943
6.75500,-4.169475,-7.421829,11.727940,-4.169474,-7.421827,11.727939,0.0000029097
6.76000,-4.335620,-7.729868,11.732611,-4.335619,-7.729865,11.732610,0.0000030297
6.76500,-4.508980,-8.049896,11.750506,-4.508978,-8.049894,11.750505,0.0000031543
6.77000,-4.689791,-8.382116,11.782554,-4.689790,-8.382113,11.782553,0.0000032836
6.77500,-4.878290,-8.726684,11.829754,-4.878288,-8.726681,11.829752,0.0000034177
6.78000,-5.074706,-9.083706,11.893176,-5.074705,-9.083703,11.893175,0.0000035566
6.78500,-5.279262,-9.453223,11.973968,-5.279261,-9.453220,11.973966,0.0000037003
6.79000,-5.492171,-9.835206,12.073351,-5.492169,-9.835203,12.073349,0.0000038487
6.79500,-5.713629,-10.229535,12.192624,-5.713627,-10.229532,12.192622,0.0000040019
6.80000,-5.943818,-10.635995,12.333164,-5.943816,-10.635992,12.333161,0.0000041598
6.80500,-6.182895,-11.054252,12.496420,-6.182894,-11.054249,12.496418,0.0000043222
6.81000,-6.430992,-11.483844,12.683918,-6.430990,-11.483841,12.683916,0.0000044889
6.81500,-6.688207,-11.924159,12.897249,-6.688205,-11.924156,12.897246,0.0000046598
6.82000,-6.954600,-12.374416,13.138064,-6.954598,-12.374413,13.138061,0.0000048346
6.82500,-7.230186,-12.833647,13.408066,-7.230183,-12.833643,13.408063,0.0000050128
6.83000,-7.514924,-13.300674,13.708997,-7.514922,-13.300670,13.708994,0.0000051942
6.83500,-7.808716,-13.774088,14.042618,-7.808714,-13.774084,14.042614,0.0000053782
6.84000,-8.111392,-14.252227,14.410692,-8.111390,-14.252223,14.410689,0.0000055642
6.84500,-8.422702,-14.733154,14.814960,-8.422700,-14.733150,14.814956,0.0000057516
6.85000,-8.742308,-15.214636,15.257106,-8.742306,-15.214633,15.257102,0.0000059397
6.85500,-9.069771,-15.694127,15.738727,-9.069769,-15.694124,15.738723,0.0000061276
6.86000,-9.404541,-16.168749,16.261291,-9.404539,-16.168745,16.261286,0.0000063144
6.86500,-9.745947,-16.635280,16.826085,-9.745944,-16.635277,16.826080,0.0000064991
6.87000,-10.093183,-17.090151,17.434170,-10.093180,-17.090148,17.434164,0.0000066806
6.87500,-10.445302,-17.529443,18.086317,-10.445300,-17.529440,18.086311,0.0000068576
6.88000,-10.801203,-17.948896,18.782946,-10.801201,-17.948893,18.782940,0.0000070291
6.88500,-11.159623,-18.343929,19.524058,-11.159620,-18.343927,19.524052,0.0000071935
6.89000,-11.519128,-18.709672,20.309166,-11.519125,-18.709670,20.309160,0.0000073497
6.89500,-11.878112,-19.041009,21.137222,-11.878110,-19.041007,21.137215,0.0000074962
6.90000,-12.234794,-19.332640,22.006549,-12.234791,-19.332638,22.006542,0.0000076317
6.90500,-12.587216,-19.579157,22.914778,-12.587213,-19.579156,22.914770,0.0000077549
6.91000,-12.933252,-19.775136,23.858789,-12.933250,-19.775136,23.858782,0.0000078646
6.91500,-13.270617,-19.915250,24.834671,-13.270615,-19.915250,24.834664,0.0000079597
6.92000,-13.596883,-19.994390,25.837691,-13.596881,-19.994390,25.837684,0.0000080393
6.92500,-13.909499,-20.007803,26.862289,-13.909497,-20.007804,26.862281,0.0000081027
6.93000,-14.205819,-19.951246,27.902094,-14.205817,-19.951247,27.902086,0.0000081494
6.93500,-14.483132,-19.821128,28.949972,-14.483130,-19.821130,28.949964,0.0000081792
6.94000,-14.738707,-19.614672,29.998102,-14.738706,-19.614675,29.998095,0.0000081922
6.94500,-14.969832,-19.330051,31.038088,-14.969831,-19.330054,31.038080,0.0000081889
6.95000,-15.173865,-18.966518,32.061094,-15.173864,-18.966522,32.061086,0.0000081700
6.95500,-15.348282,-18.524514,33.058019,-15.348282,-18.524518,33.058012,0.0000081365
6.96000,-15.490740,-18.005736,34.019692,-15.490739,-18.005740,34.019686,0.0000080897
6.96500,-15.599119,-17.413177,34.937084,-15.599119,-17.413182,34.937078,0.0000080312
6.97000,-15.671585,-16.751119,35.801535,-15.671585,-16.751124,35.801529,0.0000079627
6.97500,-15.706629,-16.025079,36.604972,-15.706630,-16.025085,36.604967,0.0000078857
6.98000,-15.703117,-15.241713,37.340134,-15.703117,-15.241719,37.340129,0.0000078022
6.98500,-15.660316,-14.408670,38.000754,-15.660316,-14.408676,38.000750,0.0000077136
6.99000,-15.577925,-13.534414,38.581729,-15.577926,-13.534421,38.581726,0.0000076215
6.99500,-15.456086,-12.628013,39.079238,-15.456088,-12.628020,39.079236,0.0000075270
7.00000,-15.295387,-11.698901,39.490824,-15.295389,-11.698908,39.490822,0.0000074311
7.00500,-15.096850,-10.756643,39.815416,-15.096852,-10.756650,39.815415,0.0000073343
7.01000,-14.861912,-9.810687,40.053316,-14.861914,-9.810694,40.053315,0.0000072370
7.01500,-14.592395,-8.870141,40.206124,-14.592397,-8.870148,40.206124,0.0000071392
7.02000,-14.290461,-7.943565,40.276635,-14.290463,-7.943571,40.276636,0.0000070406
7.02500,-13.958569,-7.038796,40.268693,-13.958572,-7.038802,40.268694,0.0000069410
7.03000,-13.599419,-6.162816,40.187023,-13.599422,-6.162822,40.187025,0.0000068397
7.03500,-13.215896,-5.321645,40.037052,-13.215899,-5.321651,40.037054,0.0000067363
7.04000,-12.811014,-4.520292,39.824717,-12.811018,-4.520297,39.824719,0.0000066303
7.04500,-12.387859,-3.762729,39.556278,-12.387862,-3.762734,39.556281,0.0000065213
7.05000,-11.949534,-3.051907,39.238150,-11.949537,-3.051912,39.238153,0.0000064088
7.05500,-11.499111,-2.389806,38.876735,-11.499114,-2.389810,38.876739,0.0000062927
7.06000,-11.039586,-1.777496,38.478293,-11.039589,-1.777500,38.478297,0.0000061730
7.06500,-10.573840,-1.215228,38.048822,-10.573844,-1.215231,38.048826,0.0000060495
7.07000,-10.104609,-0.702530,37.593972,-10.104613,-0.702533,37.593976,0.0000059227
7.07500,-9.634456,-0.238313,37.118974,-9.634459,-0.238316,37.118978,0.0000057927
7.08000,-9.165752,0.179026,36.628604,-9.165756,0.179024,36.628608,0.0000056599
7.08500,-8.700666,0.551503,36.127151,-8.700669,0.551501,36.127155,0.0000055249
7.09000,-8.241152,0.881447,35.618414,-8.241155,0.881446,35.618418,0.0000053882
7.09500,-7.788950,1.171416,35.105712,-7.788953,1.171414,35.105716,0.0000052503
7.10000,-7.345589,1.424113,34.591898,-7.345592,1.424112,34.591902,0.0000051119
7.10500,-6.912385,1.642323,34.079388,-6.912388,1.642323,34.079392,0.0000049735
7.11000,-6.490458,1.828854,33.570198,-6.490461,1.828853,33.570202,0.0000048358
7.11500,-6.080732,1.986484,33.065974,-6.080735,1.986484,33.065977,0.0000046993
7.12000,-5.683957,2.117928,32.568034,-5.683959,2.117928,32.568038,0.0000045646
7.12500,-5.300711,2.225804,32.077409,-5.300714,2.225804,32.077413,0.0000044321
7.13000,-4.931423,2.312614,31.594874,-4.931426,2.312614,31.594877,0.0000043023
7.13500,-4.576381,2.380722,31.120988,-4.576384,2.380722,31.120992,0.0000041756
7.14000,-4.235747,2.432350,30.656128,-4.235749,2.432351,30.656131,0.0000040524
7.14500,-3.909571,2.469570,30.200514,-3.909573,2.469571,30.200518,0.0000039330
7.15000,-3.597801,2.494299,29.754244,-3.597803,2.494300,29.754248,0.0000038176
7.15500,-3.300301,2.508305,29.317311,-3.300303,2.508306,29.317314,0.0000037064
7.16000,-3.016858,2.513207,28.889627,-3.016859,2.513208,28.889630,0.0000035996
7.16500,-2.747192,2.510481,28.471042,-2.747194,2.510482,28.471045,0.0000034973
7.17000,-2.490971,2.501468,28.061359,-2.490973,2.501468,28.061362,0.0000033996
7.17500,-2.247815,2.487378,27.660347,-2.247816,2.487379,27.660350,0.0000033064
7.18000,-2.017307,2.469303,27.267751,-2.017309,2.469304,27.267754,0.0000032178
7.18500,-1.799001,2.448222,26.883302,-1.799002,2.448222,26.883305,0.0000031337
7.19000,-1.592425,2.425007,26.506727,-1.592426,2.425007,26.506730,0.0000030541
7.19500,-1.397093,2.400436,26.137748,-1.397094,2.400437,26.137751,0.0000029788
7.20000,-1.212504,2.375201,25.776094,-1.212505,2.375202,25.776097,0.0000029077
7.20500,-1.038153,2.349910,25.421499,-1.038153,2.349911,25.421502,0.0000028407
7.21000,-0.873528,2.325101,25.073709,-0.873528,2.325102,25.073711,0.0000027776
7.21500,-0.718120,2.301244,24.732478,-0.718121,2.301245,24.732480,0.0000027182
7.22000,-0.571423,2.278752,24.397575,-0.571424,2.278752,24.397578,0.0000026624
7.22500,-0.432937,2.257983,24.068784,-0.432938,2.257983,24.068786,0.0000026099
7.23000,-0.302169,2.239249,23.745900,-0.302169,2.239249,23.745902,0.0000025606
7.23500,-0.178636,2.222819,23.428733,-0.178637,2.222820,23.428735,0.0000025143
7.24000,-0.061868,2.208926,23.117106,-0.061869,2.208927,23.117109,0.0000024708
7.24500,0.048594,2.197770,22.810858,0.048594,2.197771,22.810860,0.0000024299
7.25000,0.153195,2.189523,22.509837,0.153195,2.189524,22.509839,0.0000023915
7.25500,0.252368,2.184331,22.213906,0.252368,2.184332,22.213908,0.0000023553
7.26000,0.346528,2.182321,21.922938,0.346528,2.182322,21.922941,0.0000023213
7.26500,0.436079,2.183600,21.636820,0.436079,2.183601,21.636822,0.0000022893
7.27000,0.521407,2.188262,21.355446,0.521407,2.188263,21.355448,0.0000022591
7.27500,0.602886,2.196388,21.078721,0.602886,2.196389,21.078723,0.0000022306
7.28000,0.680874,2.208048,20.806561,0.680874,2.208049,20.806563,0.0000022038
7.28500,0.755716,2.223306,20.538889,0.755716,2.223306,20.538892,0.0000021784
7.29000,0.827741,2.242218,20.275638,0.827741,2.242219,20.275640,0.0000021545
7.29500,0.897267,2.264838,20.016747,0.897267,2.264839,20.016749,0.0000021319
7.30000,0.964597,2.291217,19.762164,0.964598,2.291218,19.762166,0.0000021105
7.30500,1.030024,2.321405,19.511843,1.030024,2.321405,19.511845,0.0000020903
7.31000,1.093827,2.355450,19.265747,1.093827,2.355451,19.265749,0.0000020712
7.31500,1.156274,2.393405,19.023845,1.156274,2.393406,19.023847,0.0000020533
7.32000,1.217624,2.435324,18.786112,1.217625,2.435324,18.786114,0.0000020363
7.32500,1.278125,2.481262,18.552530,1.278126,2.481263,18.552532,0.0000020204
7.33000,1.338016,2.531283,18.323089,1.338016,2.531283,18.323091,0.0000020054
7.33500,1.397527,2.585451,18.097783,1.397528,2.585452,18.097785,0.0000019913
7.34000,1.456881,2.643839,17.876616,1.456882,2.643840,17.876618,0.0000019782
7.34500,1.516294,2.706526,17.659595,1.516294,2.706526,17.659597,0.0000019661
7.35000,1.575973,2.773594,17.446739,1.575974,2.773595,17.446740,0.0000019548
7.35500,1.636123,2.845138,17.238069,1.636123,2.845139,17.238071,0.0000019444
7.36000,1.696940,2.921256,17.033619,1.696940,2.921257,17.033620,0.0000019349
7.36500,1.758618,3.002056,16.833426,1.758618,3.002056,16.833428,0.0000019264
7.37000,1.821346,3.087653,16.637539,1.821346,3.087653,16.637541,0.0000019187
7.37500,1.885310,3.178172,16.446016,1.885310,3.178172,16.446017,0.0000019120
7.38000,1.950693,3.273745,16.258921,1.950693,3.273746,16.258923,0.0000019062
7.38500,2.017675,3.374515,16.076332,2.017676,3.374516,16.076334,0.0000019013
7.39000,2.086436,3.480633,15.898337,2.086437,3.480633,15.898338,0.0000018974
7.39500,2.157154,3.592257,15.725033,2.157154,3.592258,15.725035,0.0000018944
7.40000,2.230006,3.709558,15.556532,2.230006,3.709559,15.556534,0.0000018924
7.40500,2.305168,3.832713,15.392959,2.305169,3.832713,15.392961,0.0000018914
7.41000,2.382819,3.961908,15.234452,2.382820,3.961909,15.234454,0.0000018915
7.41500,2.463137,4.097340,15.081166,2.463137,4.097341,15.081168,0.0000018925
7.42000,2.546299,4.239213,14.933271,2.546300,4.239213,14.933272,0.0000018946
7.42500,2.632488,4.387738,14.790954,2.632489,4.387739,14.790956,0.0000018977
7.43000,2.721886,4.543137,14.654424,2.721886,4.543137,14.654426,0.0000019019
7.43500,2.814675,4.705635,14.523908,2.814676,4.705636,14.523910,0.0000019071
7.44000,2.911044,4.875467,14.399656,2.911045,4.875468,14.399657,0.0000019135
7.44500,3.011181,5.052873,14.281940,3.011182,5.052874,14.281941,0.0000019209
7.45000,3.115278,5.238096,14.171059,3.115278,5.238097,14.171061,0.0000019294
7.45500,3.223528,5.431385,14.067339,3.223529,5.431386,14.067341,0.0000019391
7.46000,3.336129,5.632989,13.971135,3.336130,5.632990,13.971137,0.0000019498
7.46500,3.453281,5.843160,13.882834,3.453282,5.843161,13.882835,0.0000019617
7.47000,3.575185,6.062146,13.802853,3.575186,6.062147,13.802855,0.0000019746
7.47500,3.702045,6.290194,13.731648,3.702046,6.290195,13.731650,0.0000019887
7.48000,3.834069,6.527544,13.669712,3.834069,6.527544,13.669714,0.0000020038
7.48500,3.971462,6.774427,13.617578,3.971463,6.774428,13.617579,0.0000020200
7.49000,4.114435,7.031063,13.575820,4.114435,7.031063,13.575821,0.0000020372
7.49500,4.263195,7.297654,13.545059,4.263195,7.297655,13.545060,0.0000020554
7.50000,4.417950,7.574386,13.525962,4.417950,7.574386,13.525964,0.0000020746
7.50500,4.578906,7.861414,13.519246,4.578907,7.861415,13.519248,0.0000020946
7.51000,4.746268,8.158869,13.525680,4.746268,8.158869,13.525682,0.0000021156
7.51500,4.920232,8.466839,13.546086,4.920232,8.466840,13.546088,0.0000021373
7.52000,5.100991,8.785374,13.581341,5.100992,8.785375,13.581343,0.0000021598
7.52500,5.288730,9.114469,13.632379,5.288730,9.114470,13.632381,0.0000021830
7.53000,5.483621,9.454062,13.700191,5.483622,9.454063,13.700193,0.0000022067
7.53500,5.685825,9.804019,13.785825,5.685825,9.804020,13.785827,0.0000022308
7.54000,5.895485,10.164130,13.890386,5.895486,10.164131,13.890388,0.0000022554
7.54500,6.112727,10.534091,14.015035,6.112728,10.534092,14.015037,0.0000022801
7.55000,6.337651,10.913498,14.160985,6.337652,10.913499,14.160987,0.0000023050
7.55500,6.570331,11.301831,14.329496,6.570332,11.301831,14.329498,0.0000023298
7.56000,6.810809,11.698438,14.521874,6.810810,11.698438,14.521876,0.0000023543
7.56500,7.059089,12.102525,14.739456,7.059090,12.102526,14.739458,0.0000023785
7.57000,7.315132,12.513140,14.983607,7.315133,12.513141,14.983610,0.0000024022
7.57500,7.578852,12.929154,15.255706,7.578853,12.929154,15.255708,0.0000024250
7.58000,7.850105,13.349247,15.557127,7.850106,13.349247,15.557129,0.0000024469
7.58500,8.128687,13.771896,15.889226,8.128687,13.771896,15.889228,0.0000024676
7.59000,8.414322,14.195355,16.253317,8.414323,14.195356,16.253319,0.0000024869
7.59500,8.706659,14.617646,16.650649,8.706660,14.617646,16.650651,0.0000025045
7.60000,9.005260,15.036545,17.082373,9.005261,15.036545,17.082376,0.0000025203
7.60500,9.309594,15.449572,17.549515,9.309595,15.449572,17.549518,0.0000025340
7.61000,9.619029,15.853990,18.052934,9.619030,15.853990,18.052936,0.0000025453
7.61500,9.932824,16.246801,18.593283,9.932825,16.246801,18.593286,0.0000025541
7.62000,10.250121,16.624748,19.170968,10.250121,16.624748,19.170970,0.0000025601
7.62500,10.569939,16.984334,19.786096,10.569939,16.984334,19.786098,0.0000025632
7.63000,10.891169,17.321833,20.438430,10.891169,17.321832,20.438433,0.0000025633
7.63500,11.212569,17.633322,21.127339,11.212569,17.633321,21.127342,0.0000025602
7.64000,11.532763,17.914718,21.851745,11.532763,17.914718,21.851747,0.0000025538
7.64500,11.850238,18.161827,22.610078,11.850238,18.161826,22.610081,0.0000025443
7.65000,12.163352,18.370400,23.400234,12.163352,18.370400,23.400237,0.0000025315
7.65500,12.470332,18.536209,24.219538,12.470332,18.536208,24.219540,0.0000025157
7.66000,12.769291,18.655123,25.064713,12.769291,18.655122,25.064716,0.0000024970
7.66500,13.058235,18.723201,25.931873,13.058235,18.723200,25.931875,0.0000024757
7.67000,13.335081,18.736794,26.816514,13.335081,18.736792,26.816516,0.0000024522
7.67500,13.597681,18.692644,27.713535,13.597681,18.692642,27.713537,0.0000024268
7.68000,13.843842,18.587996,28.617275,13.843842,18.587995,28.617277,0.0000024000
7.68500,14.071362,18.420705,29.521567,14.071362,18.420704,29.521569,0.0000023724
7.69000,14.278055,18.189332,30.419817,14.278055,18.189330,30.419819,0.0000023444
7.69500,14.461793,17.893237,31.305104,14.461792,17.893235,31.305105,0.0000023165
7.70000,14.620540,17.532652,32.170299,14.620540,17.532650,32.170300,0.0000022894
7.70500,14.752396,17.108735,33.008199,14.752395,17.108733,33.008200,0.0000022634
7.71000,14.855630,16.623601,33.811681,14.855630,16.623599,33.811682,0.0000022389
7.71500,14.928726,16.080319,34.573852,14.928725,16.080317,34.573852,0.0000022162
7.72000,14.970410,15.482888,35.288211,14.970409,15.482886,35.288212,0.0000021954
7.72500,14.979692,14.836174,35.948804,14.979691,14.836172,35.948804,0.0000021765
7.73000,14.955882,14.145821,36.550360,14.955881,14.145819,36.550360,0.0000021594
7.73500,14.898621,13.418133,37.088418,14.898620,13.418131,37.088418,0.0000021438
7.74000,14.807883,12.659938,37.559427,14.807882,12.659937,37.559426,0.0000021294
7.74500,14.683990,11.878427,37.960812,14.683989,11.878426,37.960812,0.0000021158
7.75000,14.527603,11.080989,38.291018,14.527602,11.080987,38.291017,0.0000021025
7.75500,14.339712,10.275040,38.549512,14.339711,10.275038,38.549511,0.0000020890
7.76000,14.121619,9.467856,38.736758,14.121618,9.467855,38.736757,0.0000020750
7.76500,13.874910,8.666421,38.854164,13.874908,8.666420,38.854163,0.0000020600
7.77000,13.601422,7.877286,38.903994,13.601421,7.877285,38.903992,0.0000020436
7.77500,13.303214,7.106449,38.889268,13.303213,7.106448,38.889267,0.0000020257
7.78000,12.982516,6.359271,38.813645,12.982515,6.359270,38.813644,0.0000020060
7.78500,12.641697,5.640401,38.681292,12.641696,5.640401,38.681290,0.0000019845
7.79000,12.283218,4.953746,38.496751,12.283217,4.953745,38.496750,0.0000019613
7.79500,11.909592,4.302447,38.264818,11.909591,4.302447,38.264816,0.0000019363
7.80000,11.523344,3.688898,37.990409,11.523343,3.688898,37.990408,0.0000019098
7.80500,11.126974,3.114769,37.678461,11.126973,3.114769,37.678460,0.0000018820
7.81000,10.722926,2.581054,37.333825,10.722925,2.581055,37.333823,0.0000018532
7.81500,10.313556,2.088128,36.961184,10.313555,2.088128,36.961183,0.0000018236
7.82000,9.901111,1.635812,36.564993,9.901111,1.635813,36.564991,0.0000017936
7.82500,9.487708,1.223448,36.149420,9.487707,1.223448,36.149418,0.0000017635
7.83000,9.075317,0.849968,35.718313,9.075316,0.849969,35.718311,0.0000017336
7.83500,8.665751,0.513971,35.275179,8.665750,0.513971,35.275178,0.0000017042
7.84000,8.260661,0.213786,34.823173,8.260661,0.213786,34.823172,0.0000016757
7.84500,7.861530,-0.052458,34.365097,7.861529,-0.052457,34.365096,0.0000016482
7.85000,7.469673,-0.286774,33.903410,7.469673,-0.286773,33.903409,0.0000016221
7.85500,7.086242,-0.491268,33.440243,7.086241,-0.491267,33.440241,0.0000015976
7.86000,6.712226,-0.668090,32.977416,6.712226,-0.668089,32.977415,0.0000015747
7.86500,6.348464,-0.819399,32.516468,6.348464,-0.819398,32.516467,0.0000015538
7.87000,5.995647,-0.947326,32.058676,5.995647,-0.947325,32.058675,0.0000015348
7.87500,5.654330,-1.053952,31.605084,5.654330,-1.053951,31.605083,0.0000015179
7.88000,5.324942,-1.141286,31.156527,5.324942,-1.141285,31.156526,0.0000015030
7.88500,5.007793,-1.211247,30.713661,5.007793,-1.211246,30.713660,0.0000014903
7.89000,4.703089,-1.265658,30.276981,4.703089,-1.265656,30.276980,0.0000014797
7.89500,4.410939,-1.306232,29.846849,4.410940,-1.306231,29.846849,0.0000014712
7.90000,4.131366,-1.334574,29.423513,4.131366,-1.334573,29.423512,0.0000014648
7.90500,3.864316,-1.352175,29.007122,3.864316,-1.352174,29.007122,0.0000014603
7.91000,3.609666,-1.360412,28.597750,3.609667,-1.360410,28.597749,0.0000014578
7.91500,3.367239,-1.360552,28.195403,3.367239,-1.360551,28.195402,0.0000014572
7.92000,3.136803,-1.353755,27.800037,3.136803,-1.353754,27.800037,0.0000014583
7.92500,2.918086,-1.341077,27.411570,2.918086,-1.341076,27.411569,0.0000014612
7.93000,2.710779,-1.323477,27.029886,2.710779,-1.323475,27.029885,0.0000014658
7.93500,2.514543,-1.301818,26.654848,2.514544,-1.301817,26.654847,0.0000014720
7.94000,2.329019,-1.276879,26.286302,2.329019,-1.276878,26.286301,0.0000014798
7.94500,2.153824,-1.249356,25.924085,2.153825,-1.249355,25.924084,0.0000014890
7.95000,1.988568,-1.219869,25.568027,1.988568,-1.219868,25.568026,0.0000014997
7.95500,1.832845,-1.188968,25.217956,1.832846,-1.188967,25.217955,0.0000015119
7.96000,1.686250,-1.157141,24.873699,1.686250,-1.157139,24.873699,0.0000015255
7.96500,1.548369,-1.124813,24.535089,1.548370,-1.124812,24.535088,0.0000015406
7.97000,1.418795,-1.092359,24.201960,1.418796,-1.092358,24.201959,0.0000015570
7.97500,1.297119,-1.060104,23.874153,1.297120,-1.060102,23.874152,0.0000015749
7.98000,1.182940,-1.028327,23.551515,1.182941,-1.028326,23.551515,0.0000015942
7.98500,1.075862,-0.997272,23.233900,1.075863,-0.997270,23.233900,0.0000016149
7.99000,0.975499,-0.967141,22.921170,0.975500,-0.967140,22.921170,0.0000016372
7.99500,0.881474,-0.938109,22.613192,0.881475,-0.938108,22.613192,0.0000016609
8.00000,0.793421,-0.910320,22.309842,0.793421,-0.910319,22.309842,0.0000016863
8.00500,0.710984,-0.883895,22.011002,0.710985,-0.883894,22.011002,0.0000017132
8.01000,0.633821,-0.858930,21.716562,0.633821,-0.858928,21.716561,0.0000017419
8.01500,0.561601,-0.835503,21.426416,0.561602,-0.835501,21.426416,0.0000017722
8.02000,0.494006,-0.813675,21.140467,0.494007,-0.813674,21.140466,0.0000018044
8.02500,0.430733,-0.793493,20.858621,0.430734,-0.793491,20.858620,0.0000018384
8.03000,0.371489,-0.774989,20.580791,0.371490,-0.774988,20.580790,0.0000018744
8.03500,0.315994,-0.758187,20.306894,0.315995,-0.758186,20.306893,0.0000019124
8.04000,0.263984,-0.743101,20.036852,0.263985,-0.743099,20.036852,0.0000019525
8.04500,0.215203,-0.729736,19.770592,0.215205,-0.729734,19.770592,0.0000019947
8.05000,0.169412,-0.718093,19.508043,0.169413,-0.718091,19.508043,0.0000020393
8.05500,0.126378,-0.708166,19.249140,0.126380,-0.708165,19.249139,0.0000020862
8.06000,0.085886,-0.699948,18.993817,0.085887,-0.699947,18.993817,0.0000021357
8.06500,0.047728,-0.693428,18.742017,0.047729,-0.693426,18.742017,0.0000021877
8.07000,0.011707,-0.688591,18.493681,0.011708,-0.688589,18.493680,0.0000022424
8.07500,-0.022362,-0.685424,18.248754,-0.022361,-0.685422,18.248753,0.0000022999
8.08000,-0.054656,-0.683912,18.007183,-0.054655,-0.683911,18.007183,0.0000023604
8.08500,-0.085342,-0.684042,17.768919,-0.085341,-0.684040,17.768919,0.0000024239
8.09000,-0.114578,-0.685799,17.533913,-0.114576,-0.685797,17.533913,0.0000024906
8.09500,-0.142513,-0.689172,17.302119,-0.142511,-0.689170,17.302119,0.0000025607
8.10000,-0.169290,-0.694150,17.073491,-0.169288,-0.694148,17.073491,0.0000026342
8.10500,-0.195042,-0.700726,16.847987,-0.195041,-0.700723,16.847986,0.0000027114
8.11000,-0.219899,-0.708893,16.625565,-0.219898,-0.708890,16.625564,0.0000027923
8.11500,-0.243981,-0.718649,16.406184,-0.243980,-0.718646,16.406184,0.0000028772
8.12000,-0.267404,-0.729994,16.189807,-0.267402,-0.729991,16.189807,0.0000029663
8.12500,-0.290276,-0.742931,15.976396,-0.290274,-0.742929,15.976395,0.0000030597
8.13000,-0.312703,-0.757469,15.765915,-0.312701,-0.757466,15.765914,0.0000031576
8.13500,-0.334785,-0.773617,15.558329,-0.334783,-0.773615,15.558328,0.0000032602
8.14000,-0.356618,-0.791391,15.353605,-0.356616,-0.791388,15.353604,0.0000033678
8.14500,-0.378292,-0.810810,15.151711,-0.378291,-0.810807,15.151711,0.0000034805
8.15000,-0.399898,-0.831896,14.952617,-0.399896,-0.831893,14.952616,0.0000035987
8.15500,-0.421520,-0.854677,14.756292,-0.421518,-0.854674,14.756291,0.0000037225
8.16000,-0.443241,-0.879185,14.562709,-0.443239,-0.879182,14.562708,0.0000038523
8.16500,-0.465141,-0.905458,14.371841,-0.465139,-0.905454,14.371841,0.0000039882
8.17000,-0.487299,-0.933536,14.183663,-0.487296,-0.933532,14.183663,0.0000041306
8.17500,-0.509790,-0.963466,13.998152,-0.509788,-0.963462,13.998151,0.0000042799
8.18000,-0.532691,-0.995299,13.815284,-0.532689,-0.995295,13.815283,0.0000044362
8.18500,-0.556075,-1.029093,13.635039,-0.556073,-1.029089,13.635039,0.0000046001
8.19000,-0.580017,-1.064910,13.457399,-0.580015,-1.064906,13.457399,0.0000047718
8.19500,-0.604589,-1.102817,13.282347,-0.604587,-1.102813,13.282346,0.0000049516
8.20000,-0.629864,-1.142888,13.109866,-0.629862,-1.142884,13.109866,0.0000051401
8.20500,-0.655916,-1.185203,12.939945,-0.655913,-1.185199,12.939944,0.0000053376
8.21000,-0.682818,-1.229847,12.772572,-0.682815,-1.229843,12.772571,0.0000055445
8.21500,-0.710644,-1.276912,12.607738,-0.710641,-1.276907,12.607737,0.0000057614
8.22000,-0.739470,-1.326496,12.445438,-0.739467,-1.326491,12.445437,0.0000059887
8.22500,-0.769372,-1.378705,12.285668,-0.769369,-1.378699,12.285667,0.0000062269
8.23000,-0.800429,-1.433649,12.128428,-0.800426,-1.433644,12.128427,0.0000064766
8.23500,-0.832721,-1.491450,11.973720,-0.832718,-1.491444,11.973719,0.0000067383
8.24000,-0.866330,-1.552233,11.821551,-0.866327,-1.552227,11.821550,0.0000070126
8.24500,-0.901340,-1.616132,11.671930,-0.901337,-1.616126,11.671929,0.0000073001
8.25000,-0.937839,-1.683292,11.524872,-0.937835,-1.683285,11.524871,0.0000076016
8.25500,-0.975916,-1.753861,11.380394,-0.975912,-1.753855,11.380393,0.0000079176
8.26000,-1.015665,-1.828001,11.238519,-1.015661,-1.827994,11.238518,0.0000082490
8.26500,-1.057182,-1.905880,11.099277,-1.057178,-1.905872,11.099275,0.0000085964
8.27000,-1.100569,-1.987675,10.962699,-1.100564,-1.987667,10.962698,0.0000089607
8.27500,-1.145928,-2.073574,10.828828,-1.145924,-2.073566,10.828827,0.0000093427
8.28000,-1.193370,-2.163776,10.697709,-1.193366,-2.163768,10.697708,0.0000097433
8.28500,-1.243008,-2.258488,10.569397,-1.243003,-2.258479,10.569396,0.0000101635
8.29000,-1.294959,-2.357930,10.443954,-1.294954,-2.357921,10.443952,0.0000106041
8.29500,-1.349347,-2.462331,10.321451,-1.349341,-2.462321,10.321449,0.0000110662
8.30000,-1.406301,-2.571934,10.201969,-1.406295,-2.571924,10.201968,0.0000115509
8.30500,-1.465956,-2.686992,10.085600,-1.465950,-2.686982,10.085598,0.0000120593
8.31000,-1.528453,-2.807772,9.972447,-1.528447,-2.807761,9.972445,0.0000125925
8.31500,-1.593938,-2.934552,9.862625,-1.593932,-2.934541,9.862622,0.0000131518
8.32000,-1.662566,-3.067625,9.756264,-1.662560,-3.067613,9.756262,0.0000137384
8.32500,-1.734499,-3.207294,9.653510,-1.734492,-3.207282,9.653507,0.0000143537
8.33000,-1.809903,-3.353880,9.554524,-1.809896,-3.353867,9.554522,0.0000149990
8.33500,-1.888956,-3.507714,9.459488,-1.888949,-3.507700,9.459485,0.0000156758
8.34000,-1.971842,-3.669143,9.368601,-1.971834,-3.669128,9.368598,0.0000163856
8.34500,-2.058752,-3.838526,9.282086,-2.058744,-3.838512,9.282083,0.0000171300
8.35000,-2.149888,-4.016240,9.200191,-2.149879,-4.016224,9.200187,0.0000179105
8.35500,-2.245459,-4.202670,9.123188,-2.245450,-4.202654,9.123185,0.0000187289
8.36000,-2.345683,-4.398220,9.051381,-2.345674,-4.398203,9.051377,0.0000195869
8.36500,-2.450790,-4.603303,8.985104,-2.450780,-4.603286,8.985099,0.0000204862
8.37000,-2.561015,-4.818346,8.924725,-2.561005,-4.818328,8.924720,0.0000214288
8.37500,-2.676607,-5.043788,8.870652,-2.676596,-5.043769,8.870646,0.0000224165
8.38000,-2.797820,-5.280077,8.823333,-2.797810,-5.280057,8.823327,0.0000234513
8.38500,-2.924923,-5.527670,8.783263,-2.924911,-5.527649,8.783256,0.0000245350
8.39000,-3.058189,-5.787030,8.750983,-3.058177,-5.787009,8.750976,0.0000256699
8.39500,-3.197903,-6.058627,8.727089,-3.197891,-6.058605,8.727082,0.0000268578
8.40000,-3.344360,-6.342930,8.712237,-3.344348,-6.342906,8.712229,0.0000281008
8.40500,-3.497862,-6.640405,8.707144,-3.497849,-6.640381,8.707135,0.0000294009
8.41000,-3.658719,-6.951515,8.712593,-3.658705,-6.951490,8.712583,0.0000307602
8.41500,-3.827249,-7.276710,8.729443,-3.827234,-7.276683,8.729432,0.0000321806
8.42000,-4.003774,-7.616421,8.758631,-4.003759,-7.616393,8.758620,0.0000336640
8.42500,-4.188623,-7.971058,8.801179,-4.188608,-7.971029,8.801166,0.0000352124
8.43000,-4.382128,-8.340996,8.858197,-4.382112,-8.340966,8.858183,0.0000368272
8.43500,-4.584621,-8.726570,8.930892,-4.584604,-8.726538,8.930877,0.0000385102
8.44000,-4.796433,-9.128060,9.020573,-4.796415,-9.128028,9.020557,0.0000402626
8.44500,-5.017892,-9.545684,9.128655,-5.017873,-9.545651,9.128637,0.0000420856
8.45000,-5.249317,-9.979578,9.256662,-5.249298,-9.979543,9.256643,0.0000439799
8.45500,-5.491019,-10.429781,9.406237,-5.490999,-10.429746,9.406216,0.0000459460
8.46000,-5.743288,-10.896221,9.579137,-5.743267,-10.896184,9.579114,0.0000479839
8.46500,-6.006398,-11.378688,9.777240,-6.006377,-11.378650,9.777216,0.0000500931
8.47000,-6.280594,-11.876815,10.002545,-6.280571,-11.876776,10.002518,0.0000522726
8.47500,-6.566084,-12.390050,10.257164,-6.566061,-12.390010,10.257135,0.0000545207
8.48000,-6.863038,-12.917631,10.543321,-6.863014,-12.917590,10.543289,0.0000568348
8.48500,-7.171573,-13.458554,10.863341,-7.171548,-13.458512,10.863307,0.0000592116
8.49000,-7.491744,-14.011538,11.219639,-7.491718,-14.011496,11.219602,0.0000616467
8.49500,-7.823533,-14.574995,11.614696,-7.823507,-14.574953,11.614657,0.0000641348
8.50000,-8.166840,-15.146992,12.051040,-8.166813,-15.146949,12.050997,0.0000666692
8.50500,-8.521464,-15.725212,12.531211,-8.521436,-15.725169,12.531165,0.0000692420
8.51000,-8.887090,-16.306922,13.057722,-8.887061,-16.306879,13.057672,0.0000718440
8.51500,-9.263276,-16.888935,13.633011,-9.263247,-16.888893,13.632957,0.0000744644
8.52000,-9.649434,-17.467579,14.259384,-9.649404,-17.467537,14.259326,0.0000770910
8.52500,-10.044812,-18.038669,14.938943,-10.044781,-18.038628,14.938882,0.0000797098
8.53000,-10.448477,-18.597489,15.673515,-10.448446,-18.597450,15.673449,0.0000823055
8.53500,-10.859302,-19.138781,16.464551,-10.859270,-19.138744,16.464481,0.0000848611
8.54000,-11.275940,-19.656750,17.313037,-11.275908,-19.656715,17.312964,0.0000873585
8.54500,-11.696818,-20.145081,18.219381,-11.696786,-20.145049,18.219304,0.0000897780
8.55000,-12.120119,-20.596981,19.183298,-12.120087,-20.596953,19.183217,0.0000920991
8.55500,-12.543771,-21.005241,20.203693,-12.543740,-21.005217,20.203607,0.0000943009
8.56000,-12.965446,-21.362324,21.278541,-12.965414,-21.362303,21.278452,0.0000963619
8.56500,-13.382553,-21.660481,22.404780,-13.382522,-21.660466,22.404688,0.0000982612
8.57000,-13.792249,-21.891905,23.578206,-13.792220,-21.891896,23.578110,0.0000999787
8.57500,-14.191452,-22.048902,24.793397,-14.191424,-22.048899,24.793299,0.0001014959
8.58000,-14.576860,-22.124099,26.043662,-14.576833,-22.124102,26.043563,0.0001027966
8.58500,-14.944986,-22.110677,27.321026,-14.944961,-22.110688,27.320926,0.0001038674
8.59000,-15.292199,-22.002618,28.616258,-15.292176,-22.002636,28.616158,0.0001046988
8.59500,-15.614777,-21.794960,29.918957,-15.614756,-21.794986,29.918858,0.0001052852
8.60000,-15.908968,-21.484054,31.217686,-15.908950,-21.484088,31.217587,0.0001056257
8.60500,-16.171063,-21.067799,32.500168,-16.171048,-21.067841,32.500072,0.0001057246
8.61000,-16.397473,-20.545846,33.753545,-16.397461,-20.545895,33.753453,0.0001055905
8.61500,-16.584815,-19.919756,34.964679,-16.584805,-19.919814,34.964591,0.0001052368
8.62000,-16.729993,-19.193098,36.120497,-16.729987,-19.193163,36.120415,0.0001046811
8.62500,-16.830289,-18.371468,37.208369,-16.830286,-18.371539,37.208293,0.0001039436
8.63000,-16.883438,-17.462428,38.216481,-16.883439,-17.462504,38.216412,0.0001030467
8.63500,-16.887701,-16.475365,39.134212,-16.887706,-16.475446,39.134151,0.0001020136
8.64000,-16.841921,-15.421263,39.952463,-16.841930,-15.421349,39.952410,0.0001008668
8.64500,-16.745566,-14.312406,40.663943,-16.745578,-14.312495,40.663899,0.0000996270
8.65000,-16.598754,-13.162019,41.263377,-16.598770,-13.162109,41.263342,0.0000983120
8.65500,-16.402258,-11.983873,41.747638,-16.402278,-11.983964,41.747612,0.0000969364
8.66000,-16.157490,-10.791875,42.115778,-16.157513,-10.791966,42.115761,0.0000955105
8.66500,-15.866465,-9.599661,42.368985,-15.866492,-9.599751,42.368977,0.0000940412
8.67000,-15.531752,-8.420215,42.510439,-15.531781,-8.420303,42.510439,0.0000925315
8.67500,-15.156403,-7.265544,42.545109,-15.156436,-7.265628,42.545117,0.0000909819
8.68000,-14.743879,-6.146400,42.479486,-14.743914,-6.146481,42.479501,0.0000893908
8.68500,-14.297961,-5.072087,42.321283,-14.297998,-5.072164,42.321304,0.0000877555
8.69000,-13.822659,-4.050334,42.079112,-13.822698,-4.050406,42.079140,0.0000860730
8.69500,-13.322128,-3.087237,41.762167,-13.322168,-3.087304,41.762199,0.0000843409
8.70000,-12.800574,-2.187278,41.379913,-12.800616,-2.187339,41.379949,0.0000825577
8.70500,-12.262181,-1.353389,40.941816,-12.262224,-1.353445,40.941856,0.0000807236
8.71000,-11.711035,-0.587071,40.457100,-11.711078,-0.587121,40.457142,0.0000788400
8.71500,-11.151063,0.111463,39.934552,-11.151106,0.111418,39.934597,0.0000769104
8.72000,-10.585983,0.743113,39.382372,-10.586026,0.743073,39.382419,0.0000749393
8.72500,-10.019265,1.309719,38.808068,-10.019308,1.309684,38.808116,0.0000729331
8.73000,-9.454100,1.813879,38.218384,-9.454142,1.813849,38.218433,0.0000708988
8.73500,-8.893381,2.258779,37.619278,-8.893422,2.258754,37.619326,0.0000688444
8.74000,-8.339694,2.648031,37.015914,-8.339735,2.648010,37.015962,0.0000667784
8.74500,-7.795316,2.985532,36.412691,-7.795355,2.985514,36.412739,0.0000647094
8.75000,-7.262216,3.275340,35.813286,-7.262255,3.275326,35.813334,0.0000626461
8.75500,-6.742070,3.521568,35.220705,-6.742108,3.521556,35.220751,0.0000605970
8.76000,-6.236271,3.728297,34.637347,-6.236307,3.728289,34.637392,0.0000585701
8.76500,-5.745947,3.899513,34.065073,-5.745982,3.899507,34.065117,0.0000565728
8.77000,-5.271980,4.039046,33.505272,-5.272013,4.039043,33.505315,0.0000546122
8.77500,-4.815028,4.150539,32.958928,-4.815059,4.150537,32.958970,0.0000526945
8.78000,-4.375542,4.237419,32.426680,-4.375573,4.237419,32.426721,0.0000508251
8.78500,-3.953793,4.302882,31.908882,-3.953821,4.302883,31.908922,0.0000490089
8.79000,-3.549885,4.349885,31.405655,-3.549912,4.349888,31.405694,0.0000472498
8.79500,-3.163781,4.381146,30.916933,-3.163807,4.381150,30.916970,0.0000455513
8.80000,-2.795319,4.399148,30.442502,-2.795343,4.399153,30.442539,0.0000439159
8.80500,-2.444228,4.406145,29.982039,-2.444251,4.406151,29.982075,0.0000423456
8.81000,-2.110147,4.404177,29.535139,-2.110169,4.404183,29.535173,0.0000408418
8.81500,-1.792638,4.395076,29.101340,-1.792658,4.395082,29.101373,0.0000394051
8.82000,-1.491199,4.380486,28.680146,-1.491218,4.380493,28.680178,0.0000380358
8.82500,-1.205278,4.361874,28.271041,-1.205295,4.361881,28.271073,0.0000367336
8.83000,-0.934281,4.340543,27.873506,-0.934297,4.340550,27.873536,0.0000354977
8.83500,-0.677583,4.317649,27.487025,-0.677598,4.317656,27.487055,0.0000343269
8.84000,-0.434539,4.294210,27.111099,-0.434553,4.294217,27.111128,0.0000332197
8.84500,-0.204486,4.271124,26.745246,-0.204499,4.271131,26.745275,0.0000321742
8.85000,0.013246,4.249178,26.389011,0.013234,4.249185,26.389039,0.0000311883
8.85500,0.219332,4.229059,26.041964,0.219321,4.229066,26.041991,0.0000302597
8.86000,0.414442,4.211368,25.703706,0.414432,4.211374,25.703733,0.0000293857
8.86500,0.599245,4.196624,25.373867,0.599236,4.196630,25.373894,0.0000285637
8.87000,0.774398,4.185278,25.052110,0.774389,4.185284,25.052135,0.0000277908
8.87500,0.940546,4.177720,24.738124,0.940538,4.177726,24.738149,0.0000270643
8.88000,1.098323,4.174284,24.431632,1.098316,4.174289,24.431656,0.0000263812
8.88500,1.248345,4.175258,24.132382,1.248338,4.175263,24.132406,0.0000257386
8.89000,1.391211,4.180888,23.840153,1.391205,4.180893,23.840177,0.0000251337
8.89500,1.527503,4.191386,23.554749,1.527498,4.191391,23.554772,0.0000245638
8.90000,1.657784,4.206931,23.275997,1.657779,4.206936,23.276020,0.0000240260
8.90500,1.782596,4.227678,23.003752,1.782591,4.227682,23.003775,0.0000235179
8.91000,1.902463,4.253758,22.737888,1.902459,4.253762,22.737911,0.0000230369
8.91500,2.017890,4.285285,22.478304,2.017886,4.285288,22.478326,0.0000225807
8.92000,2.129361,4.322358,22.224915,2.129358,4.322360,22.224937,0.0000221471
8.92500,2.237342,4.365061,21.977660,2.237339,4.365063,21.977681,0.0000217340
8.93000,2.342279,4.413471,21.736494,2.342276,4.413473,21.736515,0.0000213395
8.93500,2.444601,4.467657,21.501390,2.444598,4.467659,21.501411,0.0000209618
8.94000,2.544718,4.527680,21.272340,2.544716,4.527681,21.272360,0.0000205994
8.94500,2.643025,4.593599,21.049350,2.643023,4.593600,21.049370,0.0000202508
8.95000,2.739899,4.665469,20.832444,2.739897,4.665470,20.832464,0.0000199146
8.95500,2.835700,4.743346,20.621663,2.835698,4.743346,20.621682,0.0000195897
8.96000,2.930776,4.827281,20.417061,2.930775,4.827282,20.417081,0.0000192751
8.96500,3.025459,4.917330,20.218711,3.025457,4.917330,20.218730,0.0000189697
8.97000,3.120067,5.013546,20.026699,3.120066,5.013546,20.026718,0.0000186729
8.97500,3.214907,5.115986,19.841129,3.214905,5.115985,19.841147,0.0000183840
8.98000,3.310271,5.224706,19.662119,3.310270,5.224704,19.662137,0.0000181025
8.98500,3.406443,5.339765,19.489806,3.406441,5.339763,19.489823,0.0000178279
8.99000,3.503692,5.461223,19.324341,3.503691,5.461221,19.324358,0.0000175600
8.99500,3.602281,5.589142,19.165894,3.602279,5.589139,19.165911,0.0000172986
9.00000,3.702460,5.723582,19.014652,3.702459,5.723579,19.014669,0.0000170437
9.00500,3.804472,5.864605,18.870821,3.804471,5.864602,18.870838,0.0000167952
9.01000,3.908550,6.012273,18.734626,3.908548,6.012269,18.734642,0.0000165535
9.01500,4.014918,6.166644,18.606309,4.014916,6.166640,18.606324,0.0000163189
9.02000,4.123793,6.327773,18.486134,4.123791,6.327769,18.486150,0.0000160918
9.02500,4.235384,6.495714,18.374388,4.235382,6.495710,18.374403,0.0000158729
9.03000,4.349892,6.670512,18.271375,4.349890,6.670507,18.271390,0.0000156628
9.03500,4.467509,6.852205,18.177424,4.467507,6.852200,18.177439,0.0000154626
9.04000,4.588422,7.040822,18.092888,4.588419,7.040817,18.092901,0.0000152734
9.04500,4.712807,7.236381,18.018139,4.712804,7.236374,18.018152,0.0000150962
9.05000,4.840834,7.438883,17.953577,4.840831,7.438876,17.953590,0.0000149327
9.05500,4.972664,7.648315,17.899626,4.972661,7.648308,17.899639,0.0000147842
9.06000,5.108448,7.864642,17.856733,5.108445,7.864635,17.856745,0.0000146525
9.06500,5.248329,8.087809,17.825369,5.248326,8.087801,17.825381,0.0000145396
9.07000,5.392439,8.317730,17.806034,5.392435,8.317721,17.806045,0.0000144473
9.07500,5.540897,8.554291,17.799248,5.540893,8.554282,17.799259,0.0000143778
9.08000,5.693812,8.797344,17.805558,5.693808,8.797335,17.805568,0.0000143331
9.08500,5.851279,9.046700,17.825531,5.851274,9.046691,17.825540,0.0000143156
9.09000,6.013378,9.302129,17.859758,6.013373,9.302118,17.859767,0.0000143274
9.09500,6.180172,9.563348,17.908849,6.180167,9.563337,17.908857,0.0000143704
9.10000,6.351708,9.830025,17.973432,6.351702,9.830013,17.973439,0.0000144467
9.10500,6.528009,10.101764,18.054148,6.528003,10.101753,18.054155,0.0000145579
9.11000,6.709080,10.378109,18.151651,6.709074,10.378097,18.151657,0.0000147055
9.11500,6.894901,10.658528,18.266600,6.894894,10.658516,18.266605,0.0000148906
9.12000,7.085423,10.942416,18.399657,7.085416,10.942403,18.399661,0.0000151139
9.12500,7.280569,11.229085,18.551477,7.280562,11.229072,18.551480,0.0000153758
9.13000,7.480232,11.517758,18.722704,7.480225,11.517744,18.722706,0.0000156760
9.13500,7.684268,11.807565,18.913963,7.684260,11.807551,18.913965,0.0000160140
9.14000,7.892495,12.097538,19.125849,7.892487,12.097524,19.125849,0.0000163887
9.14500,8.104691,12.386607,19.358915,8.104683,12.386592,19.358914,0.0000167986
9.15000,8.320590,12.673595,19.613665,8.320582,12.673580,19.613663,0.0000172415
9.15500,8.539879,12.957217,19.890536,8.539870,12.957202,19.890533,0.0000177151
9.16000,8.762194,13.236078,20.189886,8.762185,13.236063,20.189882,0.0000182166
9.16500,8.987119,13.508674,20.511980,8.987110,13.508659,20.511975,0.0000187426
9.17000,9.214183,13.773394,20.856972,9.214173,13.773379,20.856965,0.0000192897
9.17500,9.442854,14.028524,21.224885,9.442844,14.028509,21.224877,0.0000198538
9.18000,9.672543,14.272255,21.615601,9.672533,14.272240,21.615592,0.0000204309
9.18500,9.902597,14.502690,22.028835,9.902587,14.502675,22.028825,0.0000210164
9.19000,10.132303,14.717861,22.464121,10.132293,14.717846,22.464109,0.0000216058
9.19500,10.360884,14.915740,22.920794,10.360873,14.915726,22.920780,0.0000221942
9.20000,10.587499,15.094261,23.397971,10.587488,15.094248,23.397957,0.0000227765
9.20500,10.811250,15.251343,23.894542,10.811239,15.251330,23.894526,0.0000233479
9.21000,11.031180,15.384913,24.409151,11.031169,15.384901,24.409133,0.0000239032
9.21500,11.246278,15.492939,24.940190,11.246267,15.492928,24.940171,0.0000244375
9.22000,11.455486,15.573460,25.485792,11.455475,15.573450,25.485773,0.0000249458
9.22500,11.657703,15.624622,26.043832,11.657692,15.624613,26.043811,0.0000254236
9.23000,11.851795,15.644716,26.611926,11.851784,15.644708,26.611904,0.0000258663
9.23500,12.036606,15.632212,27.187444,12.036595,15.632205,27.187421,0.0000262701
9.24000,12.210965,15.585802,27.767524,12.210954,15.585797,27.767500,0.0000266312
9.24500,12.373701,15.504438,28.349097,12.373690,15.504435,28.349072,0.0000269468
9.25000,12.523656,15.387362,28.928910,12.523646,15.387360,28.928885,0.0000272144
9.25500,12.659700,15.234145,29.503567,12.659691,15.234145,29.503541,0.0000274324
9.26000,12.780746,15.044710,30.069565,12.780737,15.044711,30.069539,0.0000275997
9.26500,12.885765,14.819356,30.623347,12.885757,14.819359,30.623320,0.0000277164
9.27000,12.973801,14.558774,31.161346,12.973793,14.558779,31.161319,0.0000277831
9.27500,13.043990,14.264051,31.680045,13.043983,14.264057,31.680019,0.0000278014
9.28000,13.095573,13.936668,32.176031,13.095566,13.936677,32.176005,0.0000277737
9.28500,13.127907,13.578493,32.646052,13.127902,13.578504,32.646027,0.0000277031
9.29000,13.140484,13.191755,33.087070,13.140480,13.191767,33.087046,0.0000275935
9.29500,13.132936,12.779017,33.496316,13.132932,12.779030,33.496293,0.0000274494
9.30000,13.105046,12.343135,33.871332,13.105043,12.343150,33.871310,0.0000272757
9.30500,13.056751,11.887217,34.210014,13.056749,11.887233,34.209993,0.0000270776
9.31000,12.988152,11.414565,34.510643,12.988151,11.414583,34.510623,0.0000268605
9.31500,12.899505,10.928625,34.771903,12.899505,10.928644,34.771885,0.0000266298
9.32000,12.791228,10.432920,34.992903,12.791229,10.432940,34.992886,0.0000263906
9.32500,12.663889,9.930997,35.173171,12.663891,9.931018,35.173155,0.0000261478
9.33000,12.518200,9.426365,35.312652,12.518203,9.426387,35.312638,0.0000259057
9.33500,12.355009,8.922439,35.411691,12.355013,8.922461,35.411678,0.0000256678
9.34000,12.175285,8.422487,35.471008,12.175290,8.422510,35.470997,0.0000254372
9.34500,11.980105,7.929588,35.491667,11.980110,7.929611,35.491659,0.0000252160
9.35000,11.770637,7.446589,35.475040,11.770643,7.446612,35.475033,0.0000250056
9.35500,11.548126,6.976078,35.422762,11.548133,6.976101,35.422757,0.0000248067
9.36000,11.313875,6.520357,35.336691,11.313882,6.520380,35.336687,0.0000246192
9.36500,11.069227,6.081427,35.218858,11.069236,6.081450,35.218856,0.0000244424
9.37000,10.815553,5.660984,35.071426,10.815563,5.661007,35.071426,0.0000242752
9.37500,10.554230,5.260415,34.896647,10.554239,5.260437,34.896648,0.0000241161
9.38000,10.286626,4.880805,34.696815,10.286637,4.880826,34.696817,0.0000239633
9.38500,10.014092,4.522949,34.474235,10.014103,4.522970,34.474238,0.0000238149
9.39000,9.737944,4.187370,34.231187,9.737955,4.187390,34.231192,0.0000236689
9.39500,9.459450,3.874335,33.969897,9.459462,3.874355,33.969903,0.0000235236
9.40000,9.179827,3.583884,33.692515,9.179840,3.583902,33.692522,0.0000233771
9.40500,8.900229,3.315846,33.401091,8.900241,3.315863,33.401098,0.0000232280
9.41000,8.621738,3.069872,33.097563,8.621751,3.069889,33.097572,0.0000230750
9.41500,8.345366,2.845456,32.783749,8.345379,2.845473,32.783759,0.0000229170
9.42000,8.072045,2.641964,32.461334,8.072059,2.641980,32.461344,0.0000227533
9.42500,7.802629,2.458653,32.131869,7.802643,2.458668,32.131880,0.0000225833
9.43000,7.537892,2.294696,31.796774,7.537906,2.294710,31.796785,0.0000224068
9.43500,7.278528,2.149204,31.457334,7.278541,2.149218,31.457346,0.0000222238
9.44000,7.025152,2.021244,31.114707,7.025166,2.021257,31.114720,0.0000220345
9.44500,6.778305,1.909856,30.769929,6.778318,1.909868,30.769942,0.0000218391
9.45000,6.538451,1.814067,30.423920,6.538464,1.814078,30.423933,0.0000216383
9.45500,6.305987,1.732906,30.077490,6.306000,1.732917,30.077503,0.0000214325
9.46000,6.081242,1.665415,29.731351,6.081255,1.665425,29.731365,0.0000212226
9.46500,5.864483,1.610657,29.386124,5.864496,1.610666,29.386138,0.0000210094
9.47000,5.655920,1.567723,29.042344,5.655932,1.567731,29.042358,0.0000207936
9.47500,5.455707,1.535741,28.700473,5.455719,1.535749,28.700487,0.0000205761
9.48000,5.263951,1.513879,28.360905,5.263963,1.513887,28.360919,0.0000203579
9.48500,5.080713,1.501349,28.023974,5.080725,1.501356,28.023989,0.0000201396
9.49000,4.906015,1.497408,27.689964,4.906027,1.497415,27.689978,0.0000199222
9.49500,4.739842,1.501362,27.359110,4.739853,1.501369,27.359124,0.0000197065
9.50000,4.582147,1.512564,27.031609,4.582158,1.512571,27.031624,0.0000194932
9.50500,4.432854,1.530418,26.707624,4.432865,1.530424,26.707638,0.0000192829
9.51000,4.291866,1.554374,26.387287,4.291877,1.554380,26.387302,0.0000190764
9.51500,4.159062,1.583930,26.070707,4.159073,1.583936,26.070722,0.0000188743
9.52000,4.034305,1.618631,25.757971,4.034315,1.618636,25.757985,0.0000186769
9.52500,3.917442,1.658064,25.449149,3.917452,1.658070,25.449164,0.0000184848
9.53000,3.808311,1.701862,25.144297,3.808321,1.701868,25.144312,0.0000182984
9.53500,3.706738,1.749697,24.843460,3.706748,1.749702,24.843474,0.0000181180
9.54000,3.612546,1.801280,24.546672,3.612555,1.801285,24.546687,0.0000179439
9.54500,3.525550,1.856360,24.253962,3.525559,1.856364,24.253977,0.0000177763
9.55000,3.445565,1.914718,23.965354,3.445574,1.914723,23.965368,0.0000176155
9.55500,3.372403,1.976173,23.680865,3.372412,1.976177,23.680880,0.0000174614
9.56000,3.305880,2.040569,23.400514,3.305889,2.040574,23.400528,0.0000173143
9.56500,3.245812,2.107784,23.124315,3.245820,2.107788,23.124330,0.0000171742
9.57000,3.192018,2.177719,22.852285,3.192026,2.177723,22.852300,0.0000170411
9.57500,3.144324,2.250302,22.584440,3.144332,2.250307,22.584454,0.0000169150
9.58000,3.102560,2.325486,22.320796,3.102568,2.325490,22.320811,0.0000167959
9.58500,3.066564,2.403243,22.061375,3.066571,2.403247,22.061389,0.0000166837
9.59000,3.036178,2.483566,21.806198,3.036185,2.483571,21.806212,0.0000165783
9.59500,3.011254,2.566469,21.555291,3.011262,2.566473,21.555305,0.0000164798
9.60000,2.991654,2.651981,21.308684,2.991661,2.651985,21.308698,0.0000163879
9.60500,2.977245,2.740148,21.066410,2.977252,2.740153,21.066424,0.0000163027
9.61000,2.967905,2.831032,20.828507,2.967912,2.831037,20.828522,0.0000162240
9.61500,2.963522,2.924708,20.595021,2.963528,2.924713,20.595035,0.0000161516
9.62000,2.963991,3.021265,20.365999,2.963997,3.021269,20.366013,0.0000160856
9.62500,2.969219,3.120802,20.141497,2.969226,3.120807,20.141511,0.0000160258
9.63000,2.979123,3.223432,19.921577,2.979129,3.223436,19.921591,0.0000159720
9.63500,2.993627,3.329276,19.706309,2.993633,3.329281,19.706323,0.0000159242
9.64000,3.012668,3.438467,19.495769,3.012674,3.438471,19.495783,0.0000158822
9.64500,3.036190,3.551144,19.290041,3.036197,3.551149,19.290055,0.0000158460
9.65000,3.064150,3.667457,19.089220,3.064156,3.667462,19.089234,0.0000158155
9.65500,3.096511,3.787563,18.893408,3.096517,3.787567,18.893422,0.0000157905
9.66000,3.133248,3.911624,18.702717,3.133254,3.911629,18.702731,0.0000157710
9.66500,3.174345,4.039811,18.517272,3.174351,4.039816,18.517286,0.0000157568
9.67000,3.219794,4.172300,18.337208,3.219800,4.172304,18.337222,0.0000157478
9.67500,3.269598,4.309271,18.162671,3.269603,4.309276,18.162685,0.0000157440
9.68000,3.323766,4.450911,17.993821,3.323772,4.450915,17.993835,0.0000157452
9.68500,3.382320,4.597408,17.830834,3.382325,4.597412,17.830848,0.0000157513
9.69000,3.445286,4.748955,17.673897,3.445291,4.748960,17.673911,0.0000157621
9.69500,3.512700,4.905747,17.523216,3.512706,4.905752,17.523230,0.0000157776
9.70000,3.584606,5.067981,17.379012,3.584612,5.067986,17.379027,0.0000157975
9.70500,3.661056,5.235854,17.241526,3.661061,5.235859,17.241540,0.0000158219
9.71000,3.742107,5.409562,17.111016,3.742112,5.409567,17.111030,0.0000158503
9.71500,3.827824,5.589300,16.987760,3.827829,5.589305,16.987775,0.0000158828
9.72000,3.918279,5.775261,16.872061,3.918284,5.775266,16.872075,0.0000159190
9.72500,4.013549,5.967633,16.764241,4.013554,5.967638,16.764256,0.0000159588
9.73000,4.113716,6.166597,16.664649,4.113721,6.166602,16.664663,0.0000160019
9.73500,4.218867,6.372328,16.573656,4.218872,6.372332,16.573670,0.0000160481
9.74000,4.329093,6.584989,16.491662,4.329098,6.584994,16.491677,0.0000160969
9.74500,4.444488,6.804733,16.419096,4.444493,6.804737,16.419110,0.0000161483
9.75000,4.565150,7.031697,16.356412,4.565155,7.031701,16.356427,0.0000162017
9.75500,4.691176,7.266000,16.304100,4.691181,7.266004,16.304114,0.0000162567
9.76000,4.822665,7.507741,16.262675,4.822670,7.507745,16.262690,0.0000163131
9.76500,4.959716,7.756994,16.232690,4.959721,7.756999,16.232705,0.0000163702
9.77000,5.102425,8.013806,16.214729,5.102430,8.013810,16.214744,0.0000164277
9.77500,5.250884,8.278189,16.209408,5.250889,8.278194,16.209423,0.0000164849
9.78000,5.405184,8.550120,16.217379,5.405189,8.550124,16.217394,0.0000165414
9.78500,5.565404,8.829531,16.239328,5.565409,8.829534,16.239344,0.0000165965
9.79000,5.731619,9.116306,16.275975,5.731624,9.116310,16.275990,0.0000166495
9.79500,5.903892,9.410278,16.328070,5.903897,9.410281,16.328086,0.0000166998
9.80000,6.082272,9.711214,16.396398,6.082277,9.711217,16.396414,0.0000167467
9.80500,6.266795,10.018817,16.481771,6.266799,10.018820,16.481786,0.0000167893
9.81000,6.457477,10.332712,16.585026,6.457481,10.332714,16.585042,0.0000168269
9.81500,6.654313,10.652442,16.707026,6.654317,10.652444,16.707042,0.0000168586
9.82000,6.857275,10.977458,16.848648,6.857280,10.977460,16.848664,0.0000168837
9.82500,7.066307,11.307112,17.010781,7.066312,11.307114,17.010797,0.0000169012
9.83000,7.281321,11.640648,17.194320,7.281325,11.640649,17.194336,0.0000169103
9.83500,7.502193,11.977191,17.400153,7.502197,11.977192,17.400170,0.0000169102
9.84000,7.728759,12.315742,17.629155,7.728763,12.315743,17.629172,0.0000169000
9.84500,7.960814,12.655171,17.882173,7.960818,12.655171,17.882190,0.0000168789
9.85000,8.198101,12.994204,18.160012,8.198105,12.994203,18.160029,0.0000168462
9.85500,8.440312,13.331423,18.463423,8.440315,13.331422,18.463439,0.0000168013
9.86000,8.687080,13.665257,18.793079,8.687083,13.665256,18.793095,0.0000167435
9.86500,8.937976,13.993982,19.149562,8.937979,13.993980,19.149578,0.0000166726
9.87000,9.192504,14.315714,19.533336,9.192506,14.315712,19.533352,0.0000165881
9.87500,9.450096,14.628419,19.944728,9.450098,14.628415,19.944744,0.0000164901
9.88000,9.710109,14.929908,20.383900,9.710111,14.929904,20.383916,0.0000163787
9.88500,9.971821,15.217852,20.850824,9.971823,15.217847,20.850840,0.0000162544
9.89000,10.234430,15.489792,21.345255,10.234431,15.489787,21.345270,0.0000161178
9.89500,10.497048,15.743155,21.866703,10.497049,15.743149,21.866717,0.0000159699
9.90000,10.758703,15.975274,22.414408,10.758703,15.975268,22.414422,0.0000158122
9.90500,11.018339,16.183421,22.987313,11.018339,16.183414,22.987327,0.0000156464
9.91000,11.274818,16.364832,23.584043,11.274818,16.364824,23.584056,0.0000154746
9.91500,11.526922,16.516750,24.202880,11.526921,16.516741,24.202892,0.0000152992
9.92000,11.773358,16.636466,24.841754,11.773357,16.636456,24.841766,0.0000151229
9.92500,12.012769,16.721368,25.498230,12.012768,16.721357,25.498241,0.0000149487
9.93000,12.243737,16.768993,26.169505,12.243736,16.768983,26.169515,0.0000147800
9.93500,12.464801,16.777086,26.852414,12.464798,16.777075,26.852423,0.0000146198
9.94000,12.674463,16.743652,27.543444,12.674461,16.743640,27.543452,0.0000144714
9.94500,12.871214,16.667017,28.238761,12.871211,16.667005,28.238768,0.0000143379
9.95000,13.053542,16.545887,28.934240,13.053539,16.545874,28.934245,0.0000142217
9.95500,13.219957,16.379396,29.625514,13.219953,16.379383,29.625519,0.0000141249
9.96000,13.369012,16.167155,30.308032,13.369008,16.167142,30.308035,0.0000140489
9.96500,13.499323,15.909295,30.977117,13.499319,15.909282,30.977119,0.0000139943
9.97000,13.609594,15.606490,31.628048,13.609589,15.606477,31.628048,0.0000139606
9.97500,13.698638,15.259975,32.256132,13.698632,15.259962,32.256131,0.0000139466
9.98000,13.765400,14.871552,32.856795,13.765394,14.871540,32.856793,0.0000139503
9.98500,13.808980,14.443577,33.425663,13.808974,14.443565,33.425660,0.0000139688
9.99000,13.828647,13.978933,33.958647,13.828641,13.978921,33.958643,0.0000139986
9.99500,13.823861,13.480987,34.452023,13.823854,13.480976,34.452017,0.0000140359
10.00000,13.794281,12.953536,34.902502,13.794274,12.953526,34.902496,0.0000140766
10.00500,13.739779,12.400740,35.307295,13.739772,12.400731,35.307287,0.0000141165
10.01000,13.660443,11.827043,35.664155,13.660436,11.827034,35.664147,0.0000141518
10.01500,13.556577,11.237084,35.971421,13.556570,11.237076,35.971412,0.0000141788
10.02000,13.428702,10.635612,36.228027,13.428695,10.635605,36.228017,0.0000141946
10.02500,13.277544,10.027393,36.433510,13.277537,10.027387,36.433499,0.0000141964
10.03000,13.104026,9.417119,36.587996,13.104018,9.417115,36.587984,0.0000141826
10.03500,12.909249,8.809327,36.692170,12.909242,8.809324,36.692158,0.0000141517
10.04000,12.694480,8.208321,36.747239,12.694473,8.208319,36.747227,0.0000141033
10.04500,12.461124,7.618107,36.754878,12.461117,7.618106,36.754865,0.0000140373
10.05000,12.210704,7.042339,36.717167,12.210698,7.042338,36.717154,0.0000139545
10.05500,11.944840,6.484274,36.636530,11.944834,6.484275,36.636518,0.0000138558
10.06000,11.665220,5.946749,36.515666,11.665214,5.946751,36.515654,0.0000137430
10.06500,11.373576,5.432160,36.357475,11.373571,5.432163,36.357462,0.0000136179
10.07000,11.071664,4.942462,36.164993,11.071660,4.942465,36.164981,0.0000134826
10.07500,10.761238,4.479170,35.941330,10.761234,4.479174,35.941318,0.0000133396
10.08000,10.444029,4.043383,35.689610,10.444025,4.043388,35.689598,0.0000131913
10.08500,10.121729,3.635802,35.412917,10.121725,3.635808,35.412906,0.0000130401
10.09000,9.795970,3.256764,35.114254,9.795967,3.256770,35.114244,0.0000128885
10.09500,9.468316,2.906274,34.796506,9.468313,2.906282,34.796496,0.0000127388
10.10000,9.140244,2.584046,34.462407,9.140242,2.584053,34.462397,0.0000125932
10.10500,8.813142,2.289535,34.114522,8.813140,2.289543,34.114512,0.0000124535
10.11000,8.488295,2.021984,33.755228,8.488294,2.021992,33.755219,0.0000123216
10.11500,8.166887,1.780456,33.386709,8.166887,1.780465,33.386701,0.0000121989
10.12000,7.849993,1.563873,33.010952,7.849993,1.563882,33.010944,0.0000120867
10.12500,7.538580,1.371047,32.629745,7.538580,1.371057,32.629737,0.0000119858
10.13000,7.233509,1.200714,32.244684,7.233510,1.200723,32.244677,0.0000118971
10.13500,6.935535,1.051556,31.857181,6.935536,1.051566,31.857175,0.0000118211
10.14000,6.645312,0.922232,31.468475,6.645314,0.922242,31.468469,0.0000117580
10.14500,6.363397,0.811395,31.079640,6.363399,0.811405,31.079634,0.0000117081
10.15000,6.090252,0.717707,30.691601,6.090254,0.717717,30.691596,0.0000116711
10.15500,5.826254,0.639862,30.305149,5.826256,0.639872,30.305144,0.0000116471
10.16000,5.571698,0.576589,29.920947,5.571701,0.576599,29.920942,0.0000116357
10.16500,5.326804,0.526669,29.539550,5.326808,0.526679,29.539546,0.0000116367
10.17000,5.091724,0.488935,29.161417,5.091728,0.488946,29.161413,0.0000116496
10.17500,4.866545,0.462286,28.786919,4.866549,0.462296,28.786915,0.0000116741
10.18000,4.651300,0.445682,28.416351,4.651304,0.445692,28.416348,0.0000117099
10.18500,4.445969,0.438151,28.049947,4.445974,0.438161,28.049944,0.0000117566
10.19000,4.250490,0.438790,27.687883,4.250495,0.438800,27.687880,0.0000118138
10.19500,4.064759,0.446762,27.330290,4.064764,0.446772,27.330288,0.0000118814
10.20000,3.888639,0.461299,26.977260,3.888645,0.461309,26.977257,0.0000119590
10.20500,3.721965,0.481696,26.628850,3.721971,0.481706,26.628848,0.0000120465
10.21000,3.564545,0.507312,26.285092,3.564551,0.507322,26.285090,0.0000121439
10.21500,3.416168,0.537568,25.945998,3.416174,0.537578,25.945996,0.0000122511
10.22000,3.276607,0.571940,25.611558,3.276613,0.571950,25.611557,0.0000123680
10.22500,3.145619,0.609961,25.281754,3.145626,0.609971,25.281753,0.0000124948
10.23000,3.022956,0.651215,24.956554,3.022963,0.651226,24.956553,0.0000126316
10.23500,2.908359,0.695336,24.635918,2.908366,0.695347,24.635917,0.0000127785
10.24000,2.801566,0.742002,24.319803,2.801573,0.742013,24.319802,0.0000129358
10.24500,2.702314,0.790933,24.008161,2.702322,0.790944,24.008161,0.0000131038
10.25000,2.610340,0.841891,23.700942,2.610348,0.841902,23.700942,0.0000132828
10.25500,2.525383,0.894673,23.398095,2.525391,0.894684,23.398095,0.0000134731
10.26000,2.447184,0.949109,23.099570,2.447192,0.949120,23.099570,0.0000136751
10.26500,2.375492,1.005063,22.805317,2.375500,1.005074,22.805317,0.0000138892
10.27000,2.310061,1.062426,22.515288,2.310069,1.062438,22.515288,0.0000141159
10.27500,2.250651,1.121116,22.229437,2.250659,1.121128,22.229438,0.0000143556
10.28000,2.197032,1.181075,21.947721,2.197040,1.181087,21.947722,0.0000146088
10.28500,2.148983,1.242267,21.670100,2.148991,1.242279,21.670101,0.0000148761
10.29000,2.106291,1.304679,21.396536,2.106300,1.304691,21.396537,0.0000151580
10.29500,2.068756,1.368313,21.126995,2.068765,1.368325,21.126997,0.0000154550
10.30000,2.036185,1.433191,20.861447,2.036194,1.433204,20.861448,0.0000157678
10.30500,2.008398,1.499350,20.599864,2.008407,1.499363,20.599866,0.0000160969
10.31000,1.985225,1.566841,20.342223,1.985235,1.566854,20.342225,0.0000164430
10.31500,1.966509,1.635729,20.088504,1.966518,1.635743,20.088506,0.0000168067
10.32000,1.952100,1.706092,19.838692,1.952110,1.706106,19.838694,0.0000171886
10.32500,1.941864,1.778017,19.592774,1.941874,1.778031,19.592776,0.0000175896
10.33000,1.935676,1.851603,19.350743,1.935686,1.851618,19.350745,0.0000180103
10.33500,1.933421,1.926960,19.112595,1.933432,1.926975,19.112597,0.0000184515
10.34000,1.934997,2.004205,18.878331,1.935008,2.004221,18.878334,0.0000189139
10.34500,1.940313,2.083466,18.647956,1.940324,2.083481,18.647960,0.0000193983
10.35000,1.949287,2.164876,18.421482,1.949299,2.164892,18.421485,0.0000199056
10.35500,1.961850,2.248579,18.198922,1.961862,2.248595,18.198926,0.0000204367
10.36000,1.977942,2.334724,17.980299,1.977954,2.334741,17.980303,0.0000209923
10.36500,1.997514,2.423469,17.765637,1.997526,2.423486,17.765641,0.0000215736
10.37000,2.020526,2.514978,17.554969,2.020539,2.514996,17.554974,0.0000221814
10.37500,2.046951,2.609422,17.348334,2.046964,2.609440,17.348339,0.0000228168
10.38000,2.076769,2.706978,17.145777,2.076782,2.706997,17.145782,0.0000234807
10.38500,2.109971,2.807832,16.947350,2.109984,2.807851,16.947355,0.0000241743
10.39000,2.146557,2.912172,16.753113,2.146570,2.912192,16.753119,0.0000248987
10.39500,2.186537,3.020197,16.563136,2.186551,3.020218,16.563142,0.0000256551
10.40000,2.229931,3.132110,16.377495,2.229945,3.132132,16.377501,0.0000264447
10.40500,2.276766,3.248121,16.196277,2.276780,3.248143,16.196284,0.0000272687
10.41000,2.327080,3.368445,16.019580,2.327095,3.368468,16.019588,0.0000281284
10.41500,2.380919,3.493306,15.847513,2.380935,3.493329,15.847521,0.0000290251
10.42000,2.438338,3.622930,15.680195,2.438354,3.622954,15.680203,0.0000299603
10.42500,2.499401,3.757554,15.517760,2.499417,3.757579,15.517769,0.0000309352
10.43000,2.564179,3.897417,15.360356,2.564196,3.897443,15.360365,0.0000319515
10.43500,2.632753,4.042766,15.208144,2.632770,4.042792,15.208154,0.0000330105
10.44000,2.705211,4.193852,15.061304,2.705229,4.193880,15.061314,0.0000341137
10.44500,2.781651,4.350933,14.920031,2.781669,4.350961,14.920041,0.0000352628
10.45000,2.862176,4.514270,14.784539,2.862194,4.514299,14.784551,0.0000364592
10.45500,2.946899,4.684129,14.655064,2.946918,4.684159,14.655077,0.0000377047
10.46000,3.035940,4.860781,14.531863,3.035960,4.860812,14.531876,0.0000390007
10.46500,3.129427,5.044497,14.415216,3.129447,5.044529,14.415230,0.0000403489
10.47000,3.227493,5.235554,14.305427,3.227514,5.235587,14.305442,0.0000417509
10.47500,3.330281,5.434225,14.202830,3.330302,5.434259,14.202846,0.0000432083
10.48000,3.437938,5.640787,14.107786,3.437960,5.640823,14.107802,0.0000447226
10.48500,3.550618,5.855514,14.020686,3.550641,5.855550,14.020703,0.0000462955
10.49000,3.668482,6.078673,13.941955,3.668505,6.078711,13.941974,0.0000479283
10.49500,3.791693,6.310530,13.872055,3.791717,6.310569,13.872075,0.0000496226
10.50000,3.920423,6.551340,13.811482,3.920447,6.551379,13.811503,0.0000513796
10.50500,4.054843,6.801346,13.760775,4.054869,6.801387,13.760797,0.0000532006
10.51000,4.195132,7.060778,13.720512,4.195159,7.060820,13.720536,0.0000550866
10.51500,4.341468,7.329849,13.691319,4.341495,7.329892,13.691344,0.0000570386
10.52000,4.494030,7.608745,13.673865,4.494058,7.608790,13.673892,0.0000590572
10.52500,4.652999,7.897631,13.668870,4.653028,7.897676,13.668899,0.0000611431
10.53000,4.818552,8.196633,13.677104,4.818582,8.196680,13.677135,0.0000632964
10.53500,4.990865,8.505844,13.699390,4.990895,8.505891,13.699422,0.0000655169
10.54000,5.170106,8.825306,13.736603,5.170137,8.825354,13.736638,0.0000678044
10.54500,5.356437,9.155010,13.789678,5.356469,9.155060,13.789715,0.0000701579
10.55000,5.550012,9.494888,13.859600,5.550045,9.494939,13.859639,0.0000725762
10.55500,5.750969,9.844795,13.947413,5.751003,9.844847,13.947455,0.0000750574
10.56000,5.959433,10.204511,14.054215,5.959468,10.204564,14.054259,0.0000775990
10.56500,6.175508,10.573718,14.181157,6.175544,10.573772,14.181204,0.0000801981
10.57000,6.399277,10.951999,14.329440,6.399314,10.952053,14.329490,0.0000828508
10.57500,6.630794,11.338816,14.500310,6.630831,11.338871,14.500363,0.0000855527
10.58000,6.870081,11.733502,14.695053,6.870119,11.733557,14.695110,0.0000882982
10.58500,7.117124,12.135245,14.914986,7.117163,12.135301,14.915047,0.0000910810
10.59000,7.371866,12.543074,15.161449,7.371906,12.543130,15.161513,0.0000938939
10.59500,7.634201,12.955842,15.435789,7.634242,12.955898,15.435857,0.0000967283
10.60000,7.903967,13.372214,15.739347,7.904008,13.372269,15.739419,0.0000995749
10.60500,8.180940,13.790649,16.073441,8.180982,13.790703,16.073517,0.0001024229
10.61000,8.464827,14.209388,16.439340,8.464870,14.209442,16.439420,0.0001052605
10.61500,8.755259,14.626442,16.838244,8.755302,14.626494,16.838328,0.0001080747
10.62000,9.051779,15.039580,17.271249,9.051823,15.039630,17.271338,0.0001108513
10.62500,9.353840,15.446320,17.739322,9.353884,15.446368,17.739415,0.0001135751
10.63000,9.660793,15.843930,18.243258,9.660838,15.843976,18.243355,0.0001162295
10.63500,9.971883,16.229422,18.783641,9.971927,16.229465,18.783743,0.0001187975
10.64000,10.286237,16.599562,19.360804,10.286281,16.599601,19.360910,0.0001212610
10.64500,10.602864,16.950881,19.974779,10.602907,16.950916,19.974890,0.0001236014
10.65000,10.920645,17.279696,20.625254,10.920688,17.279726,20.625369,0.0001258000
10.65500,11.238331,17.582137,21.311520,11.238373,17.582162,21.311637,0.0001278381
10.66000,11.554543,17.854189,22.032423,11.554585,17.854209,22.032545,0.0001296976
10.66500,11.867770,18.091739,22.786326,11.867810,18.091753,22.786450,0.0001313612
10.67000,12.176373,18.290635,23.571059,12.176411,18.290642,23.571186,0.0001328129
10.67500,12.478590,18.446757,24.383894,12.478627,18.446757,24.384022,0.0001340391
10.68000,12.772547,18.556099,25.221512,12.772582,18.556091,25.221642,0.0001350282
10.68500,13.056272,18.614855,26.080001,13.056305,18.614839,26.080132,0.0001357718
10.69000,13.327708,18.619522,26.954850,13.327738,18.619498,26.954981,0.0001362652
10.69500,13.584740,18.566998,27.840972,13.584767,18.566965,27.841102,0.0001365074
10.70000,13.825213,18.454685,28.732742,13.825237,18.454644,28.732870,0.0001365018
10.70500,14.046969,18.280596,29.624057,14.046989,18.280546,29.624182,0.0001362565
10.71000,14.247872,18.043447,30.508411,14.247889,18.043388,30.508532,0.0001357839
10.71500,14.425848,17.742741,31.378998,14.425861,17.742674,31.379115,0.0001351008
10.72000,14.578922,17.378840,32.228830,14.578931,17.378765,32.228941,0.0001342281
10.72500,14.705253,16.953012,33.050870,14.705258,16.952929,33.050974,0.0001331899
10.73000,14.803175,16.467456,33.838174,14.803176,16.467366,33.838270,0.0001320126
10.73500,14.871235,15.925297,34.584050,14.871230,15.925201,34.584138,0.0001307243
10.74000,14.908223,15.330558,35.282205,14.908214,15.330457,35.282284,0.0001293529
10.74500,14.913206,14.688094,35.926894,14.913192,14.687988,35.926964,0.0001279254
10.75000,14.885553,14.003503,36.513058,14.885535,14.003393,36.513118,0.0001264662
10.75500,14.824952,13.283011,37.036434,14.824929,13.282898,37.036483,0.0001249963
10.76000,14.731421,12.533332,37.493652,14.731394,12.533218,37.493691,0.0001235324
10.76500,14.605317,11.761519,37.882301,14.605285,11.761404,37.882329,0.0001220857
10.77000,14.447325,10.974797,38.200957,14.447289,10.974683,38.200975,0.0001206627
10.77500,14.258451,10.180403,38.449194,14.258412,10.180291,38.449201,0.0001192645
10.78000,14.040004,9.385422,38.627548,14.039961,9.385312,38.627545,0.0001178875
10.78500,13.793564,8.596640,38.737465,13.793518,8.596533,38.737453,0.0001165246
10.79000,13.520957,7.820412,38.781217,13.520908,7.820309,38.781196,0.0001151656
10.79500,13.224218,7.062550,38.761803,13.224167,7.062453,38.761773,0.0001137986
10.80000,12.905549,6.328238,38.682828,12.905496,6.328146,38.682791,0.0001124111
10.80500,12.567282,5.621968,38.548387,12.567227,5.621882,38.548344,0.0001109909
10.81000,12.211835,4.947505,38.362931,12.211779,4.947425,38.362881,0.0001095270
10.81500,11.841675,4.307875,38.131146,11.841618,4.307802,38.131091,0.0001080100
10.82000,11.459279,3.705376,37.857834,11.459220,3.705309,37.857775,0.0001064331
10.82500,11.067094,3.141605,37.547809,11.067036,3.141545,37.547746,0.0001047918
10.83000,10.667515,2.617506,37.205797,10.667456,2.617452,37.205731,0.0001030840
10.83500,10.262846,2.133422,36.836364,10.262788,2.133374,36.836296,0.0001013104
10.84000,9.855285,1.689164,36.443846,9.855227,1.689123,36.443776,0.0000994739
10.84500,9.446900,1.284076,36.032304,9.446844,1.284041,36.032232,0.0000975792
10.85000,9.039619,0.917111,35.605486,9.039564,0.917081,35.605413,0.0000956331
10.85500,8.635214,0.586893,35.166810,8.635160,0.586869,35.166737,0.0000936434
10.86000,8.235298,0.291792,34.719352,8.235246,0.291773,34.719279,0.0000916190
10.86500,7.841320,0.029981,34.265846,7.841269,0.029967,34.265773,0.0000895698
10.87000,7.454566,-0.200505,33.808693,7.454517,-0.200516,33.808621,0.0000875056
10.87500,7.076161,-0.401721,33.349977,7.076114,-0.401727,33.349905,0.0000854367
10.88000,6.707075,-0.575764,32.891481,6.707030,-0.575766,32.891410,0.0000833731
10.88500,6.348126,-0.724738,32.434712,6.348084,-0.724737,32.434643,0.0000813246
10.89000,5.999991,-0.850724,31.980927,5.999951,-0.850720,31.980858,0.0000793004
10.89500,5.663214,-0.955752,31.531152,5.663176,-0.955746,31.531085,0.0000773092
10.90000,5.338215,-1.041784,31.086214,5.338179,-1.041775,31.086148,0.0000753588
10.90500,5.025298,-1.110693,30.646763,5.025265,-1.110682,30.646698,0.0000734565
10.91000,4.724666,-1.164261,30.213293,4.724635,-1.164248,30.213230,0.0000716085
10.91500,4.436427,-1.204162,29.786169,4.436398,-1.204148,29.786107,0.0000698204
10.92000,4.160602,-1.231966,29.365640,4.160575,-1.231950,29.365580,0.0000680968
10.92500,3.897141,-1.249129,28.951866,3.897116,-1.249112,28.951807,0.0000664415
10.93000,3.645926,-1.257001,28.544926,3.645903,-1.256983,28.544868,0.0000648573
10.93500,3.406781,-1.256822,28.144835,3.406761,-1.256803,28.144778,0.0000633467
10.94000,3.179483,-1.249729,27.751561,3.179464,-1.249709,27.751505,0.0000619109
10.94500,2.963765,-1.236755,27.365028,2.963748,-1.236734,27.364974,0.0000605507
10.95000,2.759325,-1.218840,26.985133,2.759310,-1.218818,26.985080,0.0000592664
10.95500,2.565834,-1.196831,26.611747,2.565821,-1.196809,26.611695,0.0000580576
10.96000,2.382938,-1.171491,26.244728,2.382926,-1.171469,26.244677,0.0000569233
10.96500,2.210265,-1.143504,25.883919,2.210255,-1.143481,25.883869,0.0000558624
10.97000,2.047431,-1.113477,25.529161,2.047423,-1.113454,25.529112,0.0000548732
10.97500,1.894042,-1.081949,25.180289,1.894035,-1.081926,25.180241,0.0000539539
10.98000,1.749698,-1.049399,24.837140,1.749693,-1.049376,24.837092,0.0000531025
10.98500,1.613998,-1.016245,24.499551,1.613994,-1.016222,24.499504,0.0000523167
10.99000,1.486540,-0.982854,24.167364,1.486538,-0.982830,24.167318,0.0000515944
10.99500,1.366927,-0.949542,23.840427,1.366925,-0.949518,23.840382,0.0000509334
11.00000,1.254763,-0.916585,23.518592,1.254763,-0.916560,23.518548,0.0000503313
11.00500,1.149664,-0.884217,23.201718,1.149665,-0.884193,23.201674,0.0000497863
11.01000,1.051251,-0.852639,22.889670,1.051253,-0.852615,22.889627,0.0000492962
11.01500,0.959154,-0.822020,22.582322,0.959157,-0.821995,22.582280,0.0000488593
11.02000,0.873016,-0.792498,22.279551,0.873020,-0.792473,22.279510,0.0000484740
11.02500,0.792489,-0.764189,21.981245,0.792494,-0.764164,21.981204,0.0000481388
11.03000,0.717238,-0.737185,21.687294,0.717245,-0.737160,21.687253,0.0000478527
11.03500,0.646941,-0.711561,21.397596,0.646948,-0.711536,21.397557,0.0000476146
11.04000,0.581287,-0.687372,21.112056,0.581295,-0.687346,21.112017,0.0000474239
11.04500,0.519978,-0.664660,20.830583,0.519987,-0.664634,20.830545,0.0000472800
11.05000,0.462730,-0.643454,20.553090,0.462740,-0.643428,20.553052,0.0000471830
11.05500,0.409271,-0.623771,20.279497,0.409282,-0.623744,20.279460,0.0000471326
11.06000,0.359342,-0.605620,20.009726,0.359353,-0.605593,20.009689,0.0000471293
11.06500,0.312695,-0.589001,19.743704,0.312707,-0.588974,19.743668,0.0000471736
11.07000,0.269096,-0.573910,19.481363,0.269109,-0.573882,19.481327,0.0000472661
11.07500,0.228322,-0.560335,19.222635,0.228336,-0.560306,19.222600,0.0000474078
11.08000,0.190162,-0.548260,18.967459,0.190176,-0.548232,18.967424,0.0000475999
11.08500,0.154415,-0.537669,18.715774,0.154430,-0.537640,18.715740,0.0000478437
11.09000,0.120892,-0.528540,18.467523,0.120908,-0.528510,18.467489,0.0000481406
11.09500,0.089414,-0.520852,18.222650,0.089430,-0.520822,18.222616,0.0000484925
11.10000,0.059810,-0.514582,17.981103,0.059828,-0.514551,17.981069,0.0000489011
11.10500,0.031922,-0.509707,17.742830,0.031941,-0.509674,17.742797,0.0000493684
11.11000,0.005599,-0.506203,17.507782,0.005617,-0.506170,17.507749,0.0000498966
11.11500,-0.019304,-0.504050,17.275911,-0.019284,-0.504016,17.275879,0.0000504879
11.12000,-0.042920,-0.503226,17.047173,-0.042899,-0.503191,17.047141,0.0000511447
11.12500,-0.065376,-0.503712,16.821522,-0.065355,-0.503677,16.821490,0.0000518696
11.13000,-0.086792,-0.505492,16.598914,-0.086770,-0.505455,16.598883,0.0000526651
11.13500,-0.107282,-0.508548,16.379309,-0.107260,-0.508510,16.379278,0.0000535341
11.14000,-0.126953,-0.512869,16.162665,-0.126930,-0.512830,16.162634,0.0000544793
11.14500,-0.145907,-0.518444,15.948942,-0.145883,-0.518404,15.948913,0.0000555038
11.15000,-0.164238,-0.525266,15.738103,-0.164213,-0.525225,15.738074,0.0000566106
11.15500,-0.182039,-0.533329,15.530110,-0.182013,-0.533287,15.530081,0.0000578030
11.16000,-0.199395,-0.542633,15.324926,-0.199369,-0.542589,15.324897,0.0000590843
11.16500,-0.216389,-0.553178,15.122516,-0.216362,-0.553132,15.122487,0.0000604579
11.17000,-0.233100,-0.564969,14.922845,-0.233071,-0.564921,14.922816,0.0000619276
11.17500,-0.249601,-0.578014,14.725879,-0.249571,-0.577965,14.725851,0.0000634969
11.18000,-0.265964,-0.592325,14.531586,-0.265934,-0.592275,14.531558,0.0000651699
11.18500,-0.282259,-0.607917,14.339935,-0.282228,-0.607865,14.339907,0.0000669507
11.19000,-0.298552,-0.624810,14.150894,-0.298520,-0.624756,14.150866,0.0000688435
11.19500,-0.314906,-0.643024,13.964433,-0.314873,-0.642968,13.964406,0.0000708528
11.20000,-0.331384,-0.662588,13.780525,-0.331349,-0.662530,13.780497,0.0000729834
11.20500,-0.348046,-0.683530,13.599139,-0.348011,-0.683470,13.599112,0.0000752401
11.21000,-0.364952,-0.705886,13.420251,-0.364915,-0.705824,13.420224,0.0000776282
11.21500,-0.382159,-0.729694,13.243834,-0.382121,-0.729629,13.243807,0.0000801531
11.22000,-0.399724,-0.754996,13.069863,-0.399685,-0.754929,13.069836,0.0000828206
11.22500,-0.417705,-0.781840,12.898314,-0.417664,-0.781770,12.898287,0.0000856368
11.23000,-0.436157,-0.810276,12.729166,-0.436114,-0.810203,12.729139,0.0000886079
11.23500,-0.455136,-0.840361,12.562397,-0.455091,-0.840285,12.562370,0.0000917409
11.24000,-0.474698,-0.872156,12.397987,-0.474652,-0.872077,12.397960,0.0000950427
11.24500,-0.494900,-0.905725,12.235918,-0.494853,-0.905643,12.235891,0.0000985208
11.25000,-0.515800,-0.941139,12.076173,-0.515750,-0.941054,12.076146,0.0001021833
11.25500,-0.537454,-0.978474,11.918737,-0.537403,-0.978386,11.918710,0.0001060383
11.26000,-0.559921,-1.017812,11.763595,-0.559868,-1.017719,11.763568,0.0001100949
11.26500,-0.583263,-1.059237,11.610736,-0.583208,-1.059141,11.610709,0.0001143622
11.27000,-0.607540,-1.102844,11.460150,-0.607482,-1.102743,11.460123,0.0001188500
11.27500,-0.632815,-1.148729,11.311830,-0.632755,-1.148624,11.311802,0.0001235689
11.28000,-0.659153,-1.196997,11.165769,-0.659091,-1.196888,11.165741,0.0001285296
11.28500,-0.686622,-1.247760,11.021966,-0.686558,-1.247646,11.021937,0.0001337438
11.29000,-0.715290,-1.301135,10.880418,-0.715224,-1.301016,10.880389,0.0001392236
11.29500,-0.745231,-1.357246,10.741129,-0.745161,-1.357122,10.741100,0.0001449819
11.30000,-0.776517,-1.416226,10.604105,-0.776445,-1.416097,10.604075,0.0001510322
11.30500,-0.809228,-1.478214,10.469354,-0.809153,-1.478079,10.469323,0.0001573887
11.31000,-0.843443,-1.543357,10.336889,-0.843365,-1.543217,10.336858,0.0001640665
11.31500,-0.879248,-1.611812,10.206727,-0.879167,-1.611665,10.206695,0.0001710815
11.32000,-0.916730,-1.683743,10.078890,-0.916645,-1.683589,10.078856,0.0001784502
11.32500,-0.955981,-1.759322,9.953402,-0.955892,-1.759162,9.953368,0.0001861904
11.33000,-0.997097,-1.838734,9.830296,-0.997005,-1.838566,9.830260,0.0001943204
11.33500,-1.040179,-1.922170,9.709608,-1.040083,-1.921995,9.709571,0.0002028598
11.34000,-1.085332,-2.009834,9.591382,-1.085232,-2.009651,9.591344,0.0002118289
11.34500,-1.132667,-2.101939,9.475669,-1.132562,-2.101748,9.475630,0.0002212493
11.35000,-1.182299,-2.198711,9.362526,-1.182190,-2.198511,9.362485,0.0002311436
11.35500,-1.234349,-2.300384,9.252021,-1.234236,-2.300175,9.251977,0.0002415355
11.36000,-1.288945,-2.407207,9.144228,-1.288827,-2.406989,9.144182,0.0002524500
11.36500,-1.346221,-2.519441,9.039233,-1.346098,-2.519213,9.039185,0.0002639132
11.37000,-1.406315,-2.637360,8.937133,-1.406187,-2.637121,8.937082,0.0002759526
11.37500,-1.469375,-2.761249,8.838037,-1.469241,-2.761000,8.837984,0.0002885969
11.38000,-1.535555,-2.891411,8.742068,-1.535415,-2.891150,8.742012,0.0003018763
11.38500,-1.605016,-3.028159,8.649363,-1.604870,-3.027885,8.649303,0.0003158222
11.39000,-1.677927,-3.171822,8.560075,-1.677774,-3.171536,8.560011,0.0003304677
11.39500,-1.754466,-3.322746,8.474375,-1.754306,-3.322446,8.474308,0.0003458472
11.40000,-1.834818,-3.481288,8.392455,-1.834652,-3.480975,8.392383,0.0003619966
11.40500,-1.919179,-3.647823,8.314526,-1.919005,-3.647495,8.314449,0.0003789535
11.41000,-2.007752,-3.822741,8.240825,-2.007570,-3.822399,8.240743,0.0003967568
11.41500,-2.100751,-4.006448,8.171614,-2.100561,-4.006090,8.171525,0.0004154472
11.42000,-2.198398,-4.199365,8.107183,-2.198199,-4.198990,8.107087,0.0004350667
11.42500,-2.300927,-4.401926,8.047854,-2.300719,-4.401534,8.047751,0.0004556591
11.43000,-2.408581,-4.614582,7.993984,-2.408363,-4.614172,7.993872,0.0004772693
11.43500,-2.521613,-4.837798,7.945965,-2.521386,-4.837369,7.945845,0.0004999440
11.44000,-2.640289,-5.072051,7.904234,-2.640052,-5.071602,7.904104,0.0005237311
11.44500,-2.764883,-5.317829,7.869270,-2.764635,-5.317360,7.869130,0.0005486796
11.45000,-2.895681,-5.575631,7.841604,-2.895421,-5.575141,7.841451,0.0005748397
11.45500,-3.032979,-5.845965,7.821817,-3.032707,-5.845453,7.821652,0.0006022626
11.46000,-3.177083,-6.129343,7.810553,-3.176800,-6.128808,7.810374,0.0006309999
11.46500,-3.328312,-6.426279,7.808517,-3.328015,-6.425721,7.808322,0.0006611040
11.47000,-3.486990,-6.737286,7.816483,-3.486681,-6.736704,7.816271,0.0006926269
11.47500,-3.653454,-7.062870,7.835302,-3.653131,-7.062263,7.835072,0.0007256206
11.48000,-3.828048,-7.403527,7.865905,-3.827710,-7.402894,7.865654,0.0007601359
11.48500,-4.011120,-7.759733,7.909310,-4.010767,-7.759073,7.909037,0.0007962226
11.49000,-4.203028,-8.131936,7.966629,-4.202660,-8.131250,7.966332,0.0008339279
11.49500,-4.404131,-8.520553,8.039076,-4.403746,-8.519839,8.038752,0.0008732965
11.50000,-4.614791,-8.925950,8.127969,-4.614389,-8.925208,8.127616,0.0009143690
11.50500,-4.835367,-9.348438,8.234741,-4.834948,-9.347668,8.234356,0.0009571813
11.51000,-5.066216,-9.788254,8.360945,-5.065779,-9.787456,8.360525,0.0010017631
11.51500,-5.307685,-10.245545,8.508257,-5.307230,-10.244719,8.507800,0.0010481364
11.52000,-5.560111,-10.720352,8.678483,-5.559637,-10.719498,8.677986,0.0010963146
11.52500,-5.823812,-11.212586,8.873563,-5.823319,-11.211704,8.873021,0.0011462999
11.53000,-6.099082,-11.722005,9.095568,-6.098569,-11.721097,9.094978,0.0011980818
11.53500,-6.386186,-12.248190,9.346707,-6.385654,-12.247256,9.346065,0.0012516351
11.54000,-6.685351,-12.790510,9.629315,-6.684798,-12.789553,9.628618,0.0013069172
11.54500,-6.996753,-13.348096,9.945855,-6.996180,-13.347117,9.945098,0.0013638657
11.55000,-7.320514,-13.919801,10.298901,-7.319921,-13.918804,10.298079,0.0014223957
11.55500,-7.656686,-14.504166,10.691124,-7.656073,-14.503153,10.690232,0.0014823973
11.56000,-8.005237,-15.099378,11.125268,-8.004604,-15.098353,11.124303,0.0015437321
11.56500,-8.366040,-15.703229,11.604125,-8.365388,-15.702197,11.603082,0.0016062310
11.57000,-8.738856,-16.313073,12.130493,-8.738185,-16.312039,12.129367,0.0016696910
11.57500,-9.123316,-16.925786,12.707128,-9.122627,-16.924757,12.705915,0.0017338729
11.58000,-9.518905,-17.537728,13.336693,-9.518200,-17.536710,13.335389,0.0017984989
11.58500,-9.924941,-18.144701,14.021678,-9.924222,-18.143703,14.020280,0.0018632515
11.59000,-10.340559,-18.741929,14.764330,-10.339826,-18.740959,14.762834,0.0019277725
11.59500,-10.764685,-19.324029,15.566550,-10.763941,-19.323098,15.564954,0.0019916633
11.60000,-11.196021,-19.885012,16.429791,-11.195270,-19.884131,16.428094,0.0020544865
11.60500,-11.633028,-20.418287,17.354941,-11.632271,-20.417469,17.353142,0.0021157695
11.61000,-12.073902,-20.916694,18.342193,-12.073144,-20.915951,18.340295,0.0021750092
11.61500,-12.516568,-21.372557,19.390914,-12.515813,-21.371902,19.388918,0.0022316797
11.62000,-12.958666,-21.777766,20.499506,-12.957919,-21.777214,20.497418,0.0022852413
11.62500,-13.397547,-22.123895,21.665274,-13.396812,-22.123460,21.663101,0.0023351528
11.63000,-13.830275,-22.402349,22.884304,-13.829558,-22.402046,22.882054,0.0023808855
11.63500,-14.253639,-22.604551,24.151355,-14.252945,-22.604394,24.149040,0.0024219393
11.64000,-14.664170,-22.722159,25.459784,-14.663506,-22.722161,25.457418,0.0024578604
11.64500,-15.058172,-22.747322,26.801506,-15.057545,-22.747494,26.799104,0.0024882592
11.65000,-15.431765,-22.672952,28.166999,-15.431181,-22.673305,28.164581,0.0025128286
11.65500,-15.780937,-22.493018,29.545373,-15.780403,-22.493560,29.542959,0.0025313605
11.66000,-16.101609,-22.202843,30.924496,-16.101133,-22.203579,30.922108,0.0025437585
11.66500,-16.389713,-21.799384,32.291191,-16.389301,-21.800316,32.288854,0.0025500471
11.67000,-16.641276,-21.281489,33.631501,-16.640934,-21.282615,33.629239,0.0025503744
11.67500,-16.852513,-20.650095,34.931020,-16.852247,-20.651410,34.928857,0.0025450078
11.68000,-17.019924,-19.908375,36.175270,-17.019740,-19.909870,36.173232,0.0025343221
11.68500,-17.140391,-19.061789,37.350129,-17.140293,-19.063450,37.348238,0.0025187802
11.69000,-17.211270,-18.118046,38.442261,-17.211261,-18.119856,38.440538,0.0024989071
11.69500,-17.230473,-17.086972,39.439553,-17.230557,-17.088911,39.438017,0.0024752594
11.70000,-17.196544,-15.980275,40.331513,-17.196721,-15.982320,40.330179,0.0024483930
11.70500,-17.108705,-14.811221,41.109614,-17.108975,-14.813347,41.108492,0.0024188313
11.71000,-16.966896,-13.594240,41.767556,-16.967258,-13.596420,41.766654,0.0023870382
11.71500,-16.771782,-12.344474,42.301442,-16.772233,-12.346682,42.300762,0.0023533978
11.72000,-16.524742,-11.077312,42.709838,-16.525279,-11.079519,42.709378,0.0023182036
11.72500,-16.227834,-9.807909,42.993733,-16.228452,-9.810091,42.993488,0.0022816563
11.73000,-15.883741,-8.550751,43.156399,-15.884434,-8.552885,43.156360,0.0022438720
11.73500,-15.495697,-7.319262,43.203163,-15.496459,-7.321325,43.203317,0.0022048966
11.74000,-15.067399,-6.125480,43.141105,-15.068222,-6.127454,43.141436,0.0021647254
11.74500,-14.602912,-4.979822,42.978712,-14.603789,-4.981692,42.979204,0.0021233248
11.75000,-14.106569,-3.890930,42.725517,-14.107491,-3.892684,42.726151,0.0020806532
11.75500,-13.582866,-2.865607,42.391717,-13.583826,-2.867236,42.392475,0.0020366790
11.76000,-13.036367,-1.908826,41.987827,-13.037356,-1.910323,41.988690,0.0019913948
11.76500,-12.471613,-1.023810,41.524356,-12.472624,-1.025173,41.525306,0.0019448267
11.77000,-11.893041,-0.212165,41.011535,-11.894066,-0.213394,41.012553,0.0018970382
11.77500,-11.304912,0.525947,40.459086,-11.305943,0.524850,40.460158,0.0018481315
11.78000,-10.711255,1.191614,39.876057,-10.712287,1.190645,39.877166,0.0017982440
11.78500,-10.115827,1.786969,39.270696,-10.116852,1.786122,39.271830,0.0017475433
11.79000,-9.522071,2.314977,38.650382,-9.523085,2.314246,38.651529,0.0016962204
11.79500,-8.933105,2.779246,38.021594,-8.934102,2.778623,38.022744,0.0016444829
11.80000,-8.351704,3.183838,37.389914,-8.352681,3.183316,37.391058,0.0015925475
11.80500,-7.780306,3.533113,36.760058,-7.781258,3.532682,36.761190,0.0015406338
11.81000,-7.221007,3.831584,36.135931,-7.221932,3.831238,36.137045,0.0014889580
11.81500,-6.675586,4.083807,35.520689,-6.676480,4.083536,35.521782,0.0014377285
11.82000,-6.145508,4.294278,34.916818,-6.146370,4.294075,34.917886,0.0013871418
11.82500,-5.631954,4.467366,34.326208,-5.632783,4.467223,34.327248,0.0013373799
11.83000,-5.135838,4.607253,33.750233,-5.136632,4.607162,33.751243,0.0012886078
11.83500,-4.657831,4.717895,33.189826,-4.658589,4.717850,33.190807,0.0012409731
11.84000,-4.198382,4.802999,32.645552,-4.199105,4.802994,32.646503,0.0011946044
11.84500,-3.757747,4.866005,32.117672,-3.758434,4.866033,32.118593,0.0011496120
11.85000,-3.336007,4.910081,31.606198,-3.336658,4.910139,31.607090,0.0011060877
11.85500,-2.933091,4.938129,31.110951,-2.933707,4.938211,31.111815,0.0010641058
11.86000,-2.548798,4.952783,30.631602,-2.549379,4.952885,30.632439,0.0010237233
11.86500,-2.182811,4.956429,30.167710,-2.183359,4.956547,30.168521,0.0009849816
11.87000,-1.834723,4.951213,29.718757,-1.835238,4.951343,29.719542,0.0009479068
11.87500,-1.504043,4.939057,29.284173,-1.504526,4.939197,29.284934,0.0009125114
11.88000,-1.190219,4.921676,28.863358,-1.190672,4.921822,28.864097,0.0008787949
11.88500,-0.892644,4.900594,28.455701,-0.893068,4.900745,28.456418,0.0008467453
11.89000,-0.610674,4.877160,28.060593,-0.611069,4.877313,28.061290,0.0008163402
11.89500,-0.343631,4.852564,27.677439,-0.344000,4.852718,27.678118,0.0007875474
11.90000,-0.090819,4.827852,27.305666,-0.091162,4.828005,27.306327,0.0007603267
11.90500,0.148474,4.803940,26.944727,0.148155,4.804091,26.945371,0.0007346306
11.91000,0.374967,4.781628,26.594107,0.374671,4.781775,26.594735,0.0007104051
11.91500,0.589380,4.761611,26.253326,0.589105,4.761754,26.253940,0.0006875915
11.92000,0.792428,4.744493,25.921940,0.792174,4.744631,25.922540,0.0006661264
11.92500,0.984821,4.730794,25.599541,0.984586,4.730926,25.600128,0.0006459435
11.93000,1.167256,4.720964,25.285757,1.167038,4.721088,25.286332,0.0006269742
11.93500,1.340417,4.715385,24.980254,1.340216,4.715503,24.980817,0.0006091486
11.94000,1.504973,4.714388,24.682729,1.504787,4.714498,24.683280,0.0005923960
11.94500,1.661572,4.718251,24.392914,1.661401,4.718353,24.393455,0.0005766463
11.95000,1.810847,4.727212,24.110575,1.810689,4.727306,24.111105,0.0005618299
11.95500,1.953409,4.741472,23.835504,1.953263,4.741557,23.836025,0.0005478794
11.96000,2.089847,4.761199,23.567527,2.089712,4.761276,23.568039,0.0005347289
11.96500,2.220730,4.786535,23.306493,2.220605,4.786603,23.306996,0.0005223157
11.97000,2.346606,4.817600,23.052280,2.346490,4.817659,23.052773,0.0005105797
11.97500,2.468001,4.854493,22.804787,2.467894,4.854543,22.805272,0.0004994643
11.98000,2.585420,4.897299,22.563940,2.585320,4.897340,22.564416,0.0004889167
11.98500,2.699347,4.946087,22.329683,2.699254,4.946119,22.330152,0.0004788876
11.99000,2.810245,5.000918,22.101986,2.810158,5.000940,22.102446,0.0004693318
11.99500,2.918559,5.061842,21.880834,2.918476,5.061856,21.881287,0.0004602078
12.00000,3.024712,5.128904,21.666235,3.024634,5.128909,21.666680,0.0004514785
12.00500,3.129110,5.202143,21.458214,3.129036,5.202139,21.458651,0.0004431106
12.01000,3.232142,5.281594,21.256814,3.232070,5.281580,21.257243,0.0004350747
12.01500,3.334176,5.367287,21.062098,3.334108,5.367263,21.062519,0.0004273456
12.02000,3.435568,5.459252,20.874142,3.435501,5.459219,20.874556,0.0004199019
12.02500,3.536655,5.557517,20.693045,3.536589,5.557475,20.693450,0.0004127260
12.03000,3.637759,5.662107,20.518919,3.637695,5.662056,20.519316,0.0004058043
12.03500,3.739190,5.773048,20.351894,3.739126,5.772987,20.352283,0.0003991268
12.04000,3.841241,5.890361,20.192119,3.841177,5.890291,20.192500,0.0003926877
12.04500,3.944193,6.014070,20.039759,3.944129,6.013991,20.040131,0.0003864844
12.05000,4.048316,6.144194,19.894996,4.048250,6.144105,19.895360,0.0003805188
12.05500,4.153865,6.280750,19.758032,4.153798,6.280651,19.758387,0.0003747960
12.06000,4.261084,6.423751,19.629085,4.261015,6.423642,19.629431,0.0003693253
12.06500,4.370207,6.573206,19.508393,4.370136,6.573088,19.508730,0.0003641199
12.07000,4.481456,6.729120,19.396212,4.481383,6.728992,19.396540,0.0003591968
12.07500,4.595042,6.891488,19.292818,4.594966,6.891350,19.293136,0.0003545770
12.08000,4.711166,7.060298,19.198506,4.711086,7.060150,19.198813,0.0003502852
12.08500,4.830017,7.235528,19.113589,4.829934,7.235370,19.113886,0.0003463501
12.09000,4.951775,7.417144,19.038402,4.951688,7.416976,19.038688,0.0003428038
12.09500,5.076608,7.605096,18.973300,5.076517,7.604918,18.973574,0.0003396818
12.10000,5.204674,7.799318,18.918656,5.204578,7.799130,18.918919,0.0003370227
12.10500,5.336119,7.999725,18.874866,5.336019,7.999526,18.875116,0.0003348674
12.11000,5.471077,8.206209,18.842343,5.470972,8.206000,18.842580,0.0003332587
12.11500,5.609671,8.418637,18.821519,5.609560,8.418417,18.821743,0.0003322401
12.12000,5.752008,8.636846,18.812847,5.751892,8.636617,18.813056,0.0003318555
12.12500,5.898184,8.860643,18.816794,5.898062,8.860404,18.816989,0.0003321475
12.13000,6.048278,9.089799,18.833847,6.048150,9.089549,18.834026,0.0003331563
12.13500,6.202354,9.324043,18.864503,6.202220,9.323783,18.864667,0.0003349189
12.14000,6.360459,9.563062,18.909276,6.360319,9.562793,18.909422,0.0003374671
12.14500,6.522621,9.806495,18.968686,6.522473,9.806216,18.968815,0.0003408269
12.15000,6.688846,10.053929,19.043262,6.688692,10.053640,19.043372,0.0003450173
12.15500,6.859120,10.304892,19.133535,6.858960,10.304594,19.133626,0.0003500492
12.16000,7.033406,10.558854,19.240035,7.033239,10.558548,19.240106,0.0003559248
12.16500,7.211639,10.815217,19.363287,7.211465,10.814903,19.363337,0.0003626373
12.17000,7.393728,11.073316,19.503803,7.393547,11.072994,19.503832,0.0003701706
12.17500,7.579552,11.332410,19.662078,7.579364,11.332082,19.662083,0.0003784992
12.18000,7.768958,11.591683,19.838578,7.768762,11.591349,19.838560,0.0003875886
12.18500,7.961756,11.850238,20.033740,7.961554,11.849899,20.033697,0.0003973953
12.19000,8.157725,12.107095,20.247955,8.157516,12.106751,20.247887,0.0004078677
12.19500,8.356599,12.361189,20.481561,8.356383,12.360842,20.481467,0.0004189462
12.20000,8.558075,12.611371,20.734835,8.557853,12.611023,20.734714,0.0004305639
12.20500,8.761805,12.856408,21.007976,8.761577,12.856059,21.007827,0.0004426473
12.21000,8.967397,13.094982,21.301097,8.967162,13.094634,21.300920,0.0004551165
12.21500,9.174409,13.325697,21.614212,9.174169,13.325352,21.614006,0.0004678862
12.22000,9.382354,13.547081,21.947218,9.382110,13.546741,21.946983,0.0004808662
12.22500,9.590694,13.757596,22.299889,9.590445,13.757262,22.299625,0.0004939618
12.23000,9.798840,13.955644,22.671856,9.798587,13.955318,22.671562,0.0005070747
12.23500,10.006153,14.139581,23.062597,10.005897,14.139266,23.062273,0.0005201040
12.24000,10.211945,14.307729,23.471423,10.211686,14.307426,23.471070,0.0005329467
12.24500,10.415478,14.458394,23.897470,10.415217,14.458105,23.897088,0.0005454988
12.25000,10.615968,14.589881,24.339685,10.615706,14.589610,24.339274,0.0005576565
12.25500,10.812586,14.700522,24.796820,10.812324,14.700271,24.796382,0.0005693174
12.26000,11.004465,14.788692,25.267427,11.004205,14.788462,25.266962,0.0005803820
12.26500,11.190702,14.852837,25.749854,11.190444,14.852632,25.749364,0.0005907548
12.27000,11.370364,14.891505,26.242250,11.370108,14.891326,26.241737,0.0006003464
12.27500,11.542495,14.903366,26.742564,11.542244,14.903216,26.742029,0.0006090747
12.28000,11.706126,14.887248,27.248559,11.705881,14.887130,27.248006,0.0006168670
12.28500,11.860282,14.842162,27.757824,11.860044,14.842076,27.757254,0.0006236612
12.29000,12.003992,14.767328,28.267793,12.003762,14.767277,28.267209,0.0006294079
12.29500,12.136301,14.662204,28.775766,12.136080,14.662189,28.775172,0.0006340718
12.30000,12.256278,14.526507,29.278939,12.256069,14.526531,29.278337,0.0006376326
12.30500,12.363034,14.360235,29.774436,12.362837,14.360297,29.773830,0.0006400865
12.31000,12.455728,14.163678,30.259341,12.455544,14.163779,30.258735,0.0006414469
12.31500,12.533581,13.937431,30.730742,12.533413,13.937571,30.730139,0.0006417442
12.32000,12.595892,13.682397,31.185768,12.595739,13.682576,31.185171,0.0006410263
12.32500,12.642041,13.399785,31.621630,12.641906,13.400003,31.621045,0.0006393576
12.33000,12.671509,13.091101,32.035668,12.671392,13.091358,32.035097,0.0006368176
12.33500,12.683881,12.758135,32.425385,12.683783,12.758428,32.424832,0.0006334998
12.34000,12.678854,12.402933,32.788491,12.678776,12.403260,32.787960,0.0006295087
12.34500,12.656249,12.027775,33.122934,12.656191,12.028136,33.122427,0.0006249576
12.35000,12.616009,11.635139,33.426932,12.615973,11.635530,33.426452,0.0006199649
12.35500,12.558207,11.227664,33.698994,12.558192,11.228083,33.698545,0.0006146512
12.36000,12.483043,10.808106,33.937946,12.483050,10.808550,33.937529,0.0006091352
12.36500,12.390843,10.379299,34.142933,12.390872,10.379765,34.142551,0.0006035301
12.37000,12.282059,9.944108,34.313430,12.282109,9.944593,34.313084,0.0005979403
12.37500,12.157257,9.505383,34.449236,12.157329,9.505884,34.448927,0.0005924582
12.38000,12.017115,9.065923,34.550467,12.017208,9.066436,34.550197,0.0005871616
12.38500,11.862413,8.628428,34.617539,11.862527,8.628950,34.617308,0.0005821120
12.39000,11.694021,8.195471,34.651149,11.694155,8.195999,34.650956,0.0005773533
12.39500,11.512887,7.769460,34.652245,11.513040,7.769991,34.652091,0.0005729116
12.40000,11.320026,7.352618,34.622004,11.320198,7.353148,34.621889,0.0005687961
12.40500,11.116510,6.946956,34.561795,11.116699,6.947483,34.561717,0.0005650001
12.41000,10.903447,6.554264,34.473149,10.903652,6.554785,34.473107,0.0005615031
12.41500,10.681974,6.176096,34.357723,10.682195,6.176609,34.357716,0.0005582734
12.42000,10.453244,5.813772,34.217269,10.453479,5.814275,34.217295,0.0005552704
12.42500,10.218411,5.468374,34.053603,10.218658,5.468865,34.053661,0.0005524477
12.43000,9.978620,5.140753,33.868573,9.978878,5.141230,33.868661,0.0005497558
12.43500,9.734995,4.831538,33.664034,9.735264,4.832000,33.664151,0.0005471442
12.44000,9.488633,4.541151,33.441822,9.488912,4.541597,33.441966,0.0005445639
12.44500,9.240593,4.269817,33.203736,9.240878,4.270246,33.203904,0.0005419690
12.45000,8.991885,4.017585,32.951515,8.992178,4.017996,32.951706,0.0005393179
12.45500,8.743474,3.784345,32.686828,8.743772,3.784738,32.687040,0.0005365746
12.46000,8.496265,3.569845,32.411263,8.496567,3.570219,32.411494,0.0005337090
12.46500,8.251104,3.373711,32.126314,8.251409,3.374067,32.126562,0.0005306975
12.47000,8.008777,3.195467,31.833380,8.009084,3.195805,31.833643,0.0005275224
12.47500,7.770003,3.034550,31.533758,7.770311,3.034870,31.534036,0.0005241722
12.48000,7.535439,2.890328,31.228646,7.535748,2.890630,31.228937,0.0005206411
12.48500,7.305679,2.762118,30.919142,7.305986,2.762404,30.919444,0.0005169283
12.49000,7.081249,2.649198,30.606244,7.081555,2.649466,30.606556,0.0005130377
12.49500,6.862619,2.550820,30.290858,6.862923,2.551072,30.291179,0.0005089768
12.50000,6.650196,2.466222,29.973798,6.650497,2.466459,29.974127,0.0005047566
12.50500,6.444329,2.394642,29.655795,6.444627,2.394864,29.656131,0.0005003906
12.51000,6.245317,2.335320,29.337500,6.245610,2.335528,29.337841,0.0004958942
12.51500,6.053403,2.287512,29.019491,6.053692,2.287707,29.019837,0.0004912844
12.52000,5.868786,2.250493,28.702279,5.869070,2.250675,28.702630,0.0004865789
12.52500,5.691618,2.223563,28.386314,5.691897,2.223734,28.386668,0.0004817960
12.53000,5.522011,2.206052,28.071990,5.522285,2.206211,28.072347,0.0004769539
12.53500,5.360041,2.197320,27.759653,5.360308,2.197469,27.760013,0.0004720706
12.54000,5.205748,2.196766,27.449604,5.206009,2.196905,27.449965,0.0004671634
12.54500,5.059141,2.203822,27.142103,5.059397,2.203952,27.142466,0.0004622488
12.55000,4.920206,2.217960,26.837379,4.920455,2.218082,26.837743,0.0004573421
12.55500,4.788900,2.238689,26.535629,4.789142,2.238803,26.535994,0.0004524575
12.56000,4.665161,2.265556,26.237024,4.665397,2.265663,26.237389,0.0004476080
12.56500,4.548910,2.298147,25.941713,4.549139,2.298247,25.942078,0.0004428050
12.57000,4.440050,2.336084,25.649826,4.440274,2.336178,25.650191,0.0004380587
12.57500,4.338475,2.379027,25.361477,4.338692,2.379115,25.361842,0.0004333778
12.58000,4.244065,2.426670,25.076765,4.244275,2.426752,25.077129,0.0004287696
12.58500,4.156692,2.478739,24.795781,4.156896,2.478817,24.796144,0.0004242401
12.59000,4.076224,2.534997,24.518603,4.076422,2.535071,24.518966,0.0004197941
12.59500,4.002523,2.595234,24.245307,4.002714,2.595304,24.245669,0.0004154349
12.60000,3.935448,2.659272,23.975959,3.935634,2.659338,23.976320,0.0004111651
12.60500,3.874858,2.726960,23.710623,3.875038,2.727022,23.710983,0.0004069858
12.61000,3.820611,2.798173,23.449361,3.820785,2.798231,23.449720,0.0004028975
12.61500,3.772568,2.872811,23.192234,3.772736,2.872867,23.192591,0.0003988996
12.62000,3.730590,2.950799,22.939301,3.730753,2.950852,22.939657,0.0003949908
12.62500,3.694545,3.032083,22.690622,3.694702,3.032133,22.690977,0.0003911691
12.63000,3.664302,3.116628,22.446260,3.664454,3.116675,22.446613,0.0003874320
12.63500,3.639737,3.204420,22.206280,3.639884,3.204465,22.206631,0.0003837763
12.64000,3.620732,3.295464,21.970748,3.620873,3.295506,21.971098,0.0003801985
12.64500,3.607174,3.389778,21.739737,3.607311,3.389819,21.740086,0.0003766946
12.65000,3.598958,3.487399,21.513323,3.599090,3.487437,21.513670,0.0003732604
12.65500,3.595986,3.588376,21.291587,3.596114,3.588412,21.291932,0.0003698913
12.66000,3.598168,3.692772,21.074615,3.598291,3.692806,21.074959,0.0003665828
12.66500,3.605421,3.800662,20.862501,3.605539,3.800694,20.862843,0.0003633298
12.67000,3.617669,3.912132,20.655346,3.617783,3.912162,20.655686,0.0003601275
12.67500,3.634846,4.027280,20.453258,3.634956,4.027307,20.453596,0.0003569707
12.68000,3.656894,4.146209,20.256352,3.657000,4.146234,20.256688,0.0003538543
12.68500,3.683762,4.269034,20.064754,3.683864,4.269057,20.065089,0.0003507731
12.69000,3.715408,4.395875,19.878599,3.715507,4.395897,19.878932,0.0003477221
12.69500,3.751799,4.526862,19.698033,3.751893,4.526880,19.698364,0.0003446960
12.70000,3.792907,4.662125,19.523211,3.792998,4.662141,19.523540,0.0003416897
12.70500,3.838716,4.801804,19.354302,3.838803,4.801817,19.354629,0.0003386982
12.71000,3.889214,4.946038,19.191486,3.889297,4.946050,19.191811,0.0003357166
12.71500,3.944399,5.094974,19.034958,3.944478,5.094982,19.035281,0.0003327399
12.72000,4.004274,5.248754,18.884925,4.004350,5.248760,18.885246,0.0003297635
12.72500,4.068851,5.407527,18.741612,4.068924,5.407530,18.741930,0.0003267826
12.73000,4.138149,5.571437,18.605256,4.138218,5.571437,18.605572,0.0003237928
12.73500,4.212189,5.740629,18.476114,4.212255,5.740624,18.476428,0.0003207900
12.74000,4.291003,5.915241,18.354460,4.291065,5.915234,18.354771,0.0003177701
12.74500,4.374626,6.095411,18.240586,4.374684,6.095399,18.240895,0.0003147294
12.75000,4.463096,6.281267,18.134803,4.463151,6.281251,18.135109,0.0003116647
12.75500,4.556458,6.472930,18.037444,4.556509,6.472911,18.037748,0.0003085731
12.76000,4.654759,6.670513,17.948862,4.654807,6.670489,17.949163,0.0003054521
12.76500,4.758050,6.874112,17.869433,4.758095,6.874084,17.869731,0.0003022999
12.77000,4.866383,7.083814,17.799554,4.866424,7.083781,17.799849,0.0002991155
12.77500,4.979811,7.299686,17.739648,4.979848,7.299648,17.739939,0.0002958987
12.78000,5.098389,7.521776,17.690160,5.098422,7.521732,17.690448,0.0002926501
12.78500,5.222168,7.750109,17.651561,5.222197,7.750059,17.651845,0.0002893716
12.79000,5.351199,7.984683,17.624345,5.351224,7.984628,17.624624,0.0002860665
12.79500,5.485531,8.225468,17.609032,5.485552,8.225407,17.609307,0.0002827395
12.80000,5.625206,8.472401,17.606167,5.625223,8.472333,17.606437,0.0002793969
12.80500,5.770262,8.725378,17.616318,5.770274,8.725304,17.616583,0.0002760474
12.81000,5.920726,8.984257,17.640077,5.920735,8.984176,17.640337,0.0002727016
12.81500,6.076619,9.248846,17.678057,6.076623,9.248759,17.678312,0.0002693729
12.82000,6.237949,9.518904,17.730893,6.237949,9.518809,17.731142,0.0002660773
12.82500,6.404710,9.794129,17.799238,6.404705,9.794027,17.799480,0.0002628340
12.83000,6.576881,10.074160,17.883757,6.576871,10.074050,17.883992,0.0002596656
12.83500,6.754422,10.358565,17.985131,6.754406,10.358447,17.985358,0.0002565981
12.84000,6.937272,10.646839,18.104044,6.937251,10.646714,18.104264,0.0002536614
12.84500,7.125346,10.938397,18.241185,7.125320,10.938263,18.241396,0.0002508891
12.85000,7.318535,11.232566,18.397238,7.318504,11.232424,18.397439,0.0002483185
12.85500,7.516697,11.528582,18.572873,7.516660,11.528432,18.573064,0.0002459906
12.86000,7.719660,11.825584,18.768743,7.719617,11.825426,18.768924,0.0002439490
12.86500,7.927214,12.122609,18.985469,7.927165,12.122443,18.985639,0.0002422401
12.87000,8.139110,12.418584,19.223635,8.139055,12.418410,19.223792,0.0002409111
12.87500,8.355056,12.712328,19.483768,8.354996,12.712146,19.483912,0.0002400098
12.88000,8.574716,13.002546,19.766332,8.574650,13.002356,19.766462,0.0002395821
12.88500,8.797702,13.287827,20.071709,8.797629,13.287630,20.071825,0.0002396707
12.89000,9.023573,13.566648,20.400187,9.023494,13.566444,20.400288,0.0002403130
12.89500,9.251834,13.837372,20.751938,9.251749,13.837162,20.752022,0.0002415390
12.90000,9.481932,14.098254,21.127003,9.481841,14.098039,21.127070,0.0002433696
12.90500,9.713251,14.347451,21.525275,9.713154,14.347231,21.525324,0.0002458148
12.91000,9.945116,14.583027,21.946478,9.945012,14.582803,21.946508,0.0002488722
12.91500,10.176785,14.802968,22.390147,10.176676,14.802741,22.390158,0.0002525268
12.92000,10.407456,15.005200,22.855614,10.407340,15.004971,22.855605,0.0002567499
12.92500,10.636260,15.187606,23.341987,10.636139,15.187376,23.341957,0.0002615001
12.93000,10.862271,15.348050,23.848137,10.862144,15.347821,23.848085,0.0002667238
12.93500,11.084500,15.484407,24.372680,11.084368,15.484180,24.372607,0.0002723562
12.94000,11.301905,15.594590,24.913975,11.301770,15.594367,24.913880,0.0002783233
12.94500,11.513397,15.676585,25.470111,11.513257,15.676367,25.469995,0.0002845432
12.95000,11.717840,15.728488,26.038908,11.717696,15.728276,26.038770,0.0002909287
12.95500,11.914067,15.748541,26.617921,11.913921,15.748338,26.617760,0.0002973883
12.96000,12.100887,15.735177,27.204447,12.100738,15.734984,27.204265,0.0003038294
12.96500,12.277094,15.687054,27.795546,12.276943,15.686873,27.795344,0.0003101594
12.97000,12.441482,15.603098,28.388060,12.441330,15.602932,28.387838,0.0003162880
12.97500,12.592862,15.482540,28.978645,12.592709,15.482390,28.978404,0.0003221294
12.98000,12.730069,15.324949,29.563805,12.729917,15.324816,29.563547,0.0003276035
12.98500,12.851986,15.130259,30.139939,12.851835,15.130145,30.139666,0.0003326379
12.99000,12.957556,14.898796,30.703388,12.957407,14.898703,30.703100,0.0003371695
12.99500,13.045798,14.631290,31.250485,13.045653,14.631218,31.250185,0.0003411457
13.00000,13.115826,14.328881,31.777620,13.115685,14.328832,31.777309,0.0003445254
13.00500,13.166864,13.993119,32.281290,13.166728,13.993094,32.280971,0.0003472799
13.01000,13.198256,13.625951,32.758164,13.198126,13.625951,32.757839,0.0003493937
13.01500,13.209484,13.229699,33.205135,13.209361,13.229722,33.204807,0.0003508642
13.02000,13.200179,12.807024,33.619378,13.200064,12.807073,33.619049,0.0003517019
13.02500,13.170124,12.360895,33.998394,13.170017,12.360968,33.998067,0.0003519298
13.03000,13.119265,11.894530,34.340054,13.119168,11.894627,34.339730,0.0003515824
13.03500,13.047715,11.411349,34.642627,13.047628,11.411469,34.642309,0.0003507046
13.04000,12.955748,10.914909,34.904807,12.955672,10.915053,34.904497,0.0003493501
13.04500,12.843804,10.408849,35.125723,12.843739,10.409014,35.125424,0.0003475795
13.05000,12.712477,9.896821,35.304941,12.712423,9.897006,35.304654,0.0003454586
13.05500,12.562510,9.382431,35.442457,12.562468,9.382634,35.442184,0.0003430556
13.06000,12.394784,8.869183,35.538680,12.394755,8.869402,35.538421,0.0003404398
13.06500,12.210304,8.360421,35.594400,12.210287,8.360656,35.594159,0.0003376789
13.07000,12.010184,7.859288,35.610765,12.010180,7.859537,35.610540,0.0003348370
13.07500,11.795631,7.368684,35.589228,11.795639,7.368943,35.589022,0.0003319734
13.08000,11.567928,6.891231,35.531516,11.567949,6.891500,35.531328,0.0003291403
13.08500,11.328416,6.429255,35.439575,11.328450,6.429532,35.439406,0.0003263827
13.09000,11.078477,5.984770,35.315525,11.078523,5.985054,35.315375,0.0003237369
13.09500,10.819516,5.559470,35.161615,10.819573,5.559758,35.161484,0.0003212308
13.10000,10.552943,5.154729,34.980176,10.553011,5.155020,34.980064,0.0003188835
13.10500,10.280159,4.771613,34.773579,10.280238,4.771905,34.773485,0.0003167065
13.11000,10.002542,4.410886,34.544198,10.002632,4.411178,34.544122,0.0003147036
13.11500,9.721433,4.073035,34.294373,9.721532,4.073326,34.294315,0.0003128727
13.12000,9.438124,3.758287,34.026386,9.438233,3.758576,34.026344,0.0003112062
13.12500,9.153850,3.466636,33.742430,9.153968,3.466921,33.742404,0.0003096929
13.13000,8.869781,3.197864,33.444596,8.869906,3.198145,33.444585,0.0003083186
13.13500,8.587012,2.951573,33.134853,8.587145,2.951849,33.134857,0.0003070676
13.14000,8.306564,2.727209,32.815043,8.306704,2.727481,32.815059,0.0003059235
13.14500,8.029376,2.524089,32.486868,8.029522,2.524355,32.486897,0.0003048703
13.15000,7.756307,2.341423,32.151893,7.756459,2.341683,32.151934,0.0003038926
13.15500,7.488132,2.178339,31.811544,7.488290,2.178593,31.811596,0.0003029768
13.16000,7.225546,2.033907,31.467109,7.225707,2.034155,31.467171,0.0003021110
13.16500,6.969160,1.907153,31.119746,6.969326,1.907395,31.119818,0.0003012855
13.17000,6.719511,1.797081,30.770486,6.719680,1.797316,30.770566,0.0003004928
13.17500,6.477058,1.702684,30.420240,6.477230,1.702913,30.420328,0.0002997277
13.18000,6.242191,1.622962,30.069813,6.242366,1.623185,30.069908,0.0002989872
13.18500,6.015232,1.556928,29.719905,6.015409,1.557145,29.720007,0.0002982702
13.19000,5.796437,1.503621,29.371123,5.796616,1.503832,29.371232,0.0002975779
13.19500,5.586007,1.462112,29.023993,5.586187,1.462318,29.024107,0.0002969129
13.20000,5.384087,1.431509,28.678961,5.384269,1.431711,28.679081,0.0002962794
13.20500,5.190773,1.410965,28.336411,5.190956,1.411162,28.336535,0.0002956830
13.21000,5.006116,1.399678,27.996662,5.006299,1.399870,27.996791,0.0002951301
13.21500,4.830127,1.396893,27.659984,4.830310,1.397081,27.660118,0.0002946283
13.22000,4.662779,1.401906,27.326602,4.662962,1.402090,27.326739,0.0002941856
13.22500,4.504015,1.414063,26.996698,4.504199,1.414244,26.996839,0.0002938105
13.23000,4.353751,1.432761,26.670424,4.353934,1.432939,26.670569,0.0002935120
13.23500,4.211876,1.457445,26.347902,4.212059,1.457621,26.348049,0.0002932991
13.24000,4.078262,1.487610,26.029228,4.078444,1.487784,26.029379,0.0002931810
13.24500,3.952760,1.522797,25.714480,3.952942,1.522969,25.714634,0.0002931666
13.25000,3.835210,1.562593,25.403719,3.835391,1.562763,25.403875,0.0002932648
13.25500,3.725439,1.606628,25.096990,3.725620,1.606796,25.097149,0.0002934845
13.26000,3.623267,1.654574,24.794330,3.623447,1.654741,24.794491,0.0002938340
13.26500,3.528506,1.706142,24.495765,3.528686,1.706309,24.495929,0.0002943214
13.27000,3.440966,1.761082,24.201317,3.441145,1.761248,24.201482,0.0002949546
13.27500,3.360453,1.819177,23.911000,3.360632,1.819343,23.911167,0.0002957410
13.28000,3.286774,1.880243,23.624826,3.286952,1.880410,23.624996,0.0002966878
13.28500,3.219737,1.944130,23.342807,3.219914,1.944297,23.342979,0.0002978018
13.29000,3.159151,2.010715,23.064950,3.159328,2.010882,23.065124,0.0002990895
13.29500,3.104832,2.079901,22.791266,3.105008,2.080070,22.791442,0.0003005571
13.30000,3.056599,2.151619,22.521764,3.056775,2.151788,22.521943,0.0003022105
13.30500,3.014277,2.225821,22.256456,3.014453,2.225992,22.256637,0.0003040553
13.31000,2.977699,2.302482,21.995356,2.977874,2.302654,21.995539,0.0003060971
13.31500,2.946703,2.381598,21.738481,2.946878,2.381772,21.738665,0.0003083411
13.32000,2.921139,2.463182,21.485849,2.921314,2.463358,21.486036,0.0003107925
13.32500,2.900861,2.547267,21.237486,2.901036,2.547445,21.237675,0.0003134562
13.33000,2.885736,2.633899,20.993419,2.885911,2.634080,20.993611,0.0003163371
13.33500,2.875637,2.723143,20.753681,2.875813,2.723326,20.753875,0.0003194401
13.34000,2.870449,2.815074,20.518309,2.870626,2.815260,20.518505,0.0003227699
13.34500,2.870066,2.909782,20.287347,2.870243,2.909971,20.287545,0.0003263314
13.35000,2.874390,3.007370,20.060843,2.874568,3.007562,20.061045,0.0003301292
13.35500,2.883337,3.107950,19.838854,2.883515,3.108145,19.839058,0.0003341682
13.36000,2.896828,3.211647,19.621442,2.897007,3.211845,19.621649,0.0003384532
13.36500,2.914798,3.318592,19.408676,2.914978,3.318794,19.408886,0.0003429890
13.37000,2.937190,3.428929,19.200634,2.937372,3.429135,19.200848,0.0003477804
13.37500,2.963958,3.542808,18.997403,2.964141,3.543018,18.997620,0.0003528323
13.38000,2.995065,3.660388,18.799078,2.995249,3.660602,18.799298,0.0003581497
13.38500,3.030483,3.781835,18.605762,3.030669,3.782053,18.605986,0.0003637375
13.39000,3.070196,3.907319,18.417572,3.070383,3.907542,18.417800,0.0003696006
13.39500,3.114194,4.037021,18.234633,3.114383,4.037248,18.234865,0.0003757439
13.40000,3.162480,4.171124,18.057084,3.162671,4.171355,18.057320,0.0003821724
13.40500,3.215063,4.309816,17.885074,3.215257,4.310052,17.885316,0.0003888909
13.41000,3.271963,4.453292,17.718769,3.272159,4.453533,17.719015,0.0003959040
13.41500,3.333207,4.601748,17.558346,3.333405,4.601993,17.558597,0.0004032163
13.42000,3.398831,4.755383,17.403999,3.399031,4.755634,17.404256,0.0004108322
13.42500,3.468878,4.914402,17.255940,3.469081,4.914657,17.256202,0.0004187557
13.43000,3.543401,5.079006,17.114395,3.543607,5.079267,17.114663,0.0004269907
13.43500,3.622460,5.249400,16.979611,3.622668,5.249666,16.979886,0.0004355407
13.44000,3.706119,5.425789,16.851855,3.706330,5.426060,16.852136,0.0004444085
13.44500,3.794452,5.608373,16.731414,3.794666,5.608649,16.731703,0.0004535966
13.45000,3.887538,5.797352,16.618598,3.887756,5.797633,16.618894,0.0004631069
13.45500,3.985462,5.992920,16.513741,3.985683,5.993206,16.514045,0.0004729403
13.46000,4.088315,6.195265,16.417201,4.088539,6.195556,16.417514,0.0004830971
13.46500,4.196190,6.404567,16.329363,4.196417,6.404863,16.329685,0.0004935766
13.47000,4.309186,6.620996,16.250641,4.309417,6.621297,16.250973,0.0005043768
13.47500,4.427405,6.844708,16.181476,4.427640,6.845015,16.181818,0.0005154948
13.48000,4.550951,7.075847,16.122341,4.551189,7.076158,16.122693,0.0005269259
13.48500,4.679930,7.314534,16.073739,4.680172,7.314850,16.074102,0.0005386640
13.49000,4.814447,7.560872,16.036207,4.814692,7.561192,16.036582,0.0005507014
13.49500,4.954607,7.814937,16.010317,4.954856,7.815260,16.010704,0.0005630281
13.50000,5.100514,8.076774,15.996673,5.100767,8.077102,15.997073,0.0005756322
13.50500,5.252266,8.346398,15.995915,5.252522,8.346729,15.996329,0.0005884992
13.51000,5.409957,8.623781,16.008721,5.410218,8.624114,16.009149,0.0006016123
13.51500,5.573676,8.908852,16.035802,5.573940,8.909187,16.036245,0.0006149515
13.52000,5.743499,9.201488,16.077905,5.743767,9.201825,16.078363,0.0006284940
13.52500,5.919495,9.501512,16.135811,5.919766,9.501850,16.136286,0.0006422135
13.53000,6.101716,9.808681,16.210335,6.101990,9.809018,16.210826,0.0006560803
13.53500,6.290201,10.122680,16.302320,6.290478,10.123017,16.302829,0.0006700606
13.54000,6.484967,10.443117,16.412638,6.485247,10.443451,16.413165,0.0006841168
13.54500,6.686010,10.769510,16.542184,6.686293,10.769841,16.542730,0.0006982072
13.55000,6.893302,11.101283,16.691870,6.893587,11.101610,16.692435,0.0007122853
13.55500,7.106784,11.437755,16.862622,7.107071,11.438076,16.863207,0.0007263005
13.56000,7.326363,11.778130,17.055366,7.326651,11.778444,17.055971,0.0007401972
13.56500,7.551911,12.121490,17.271026,7.552200,12.121795,17.271652,0.0007539155
13.57000,7.783257,12.466785,17.510507,7.783546,12.467080,17.511154,0.0007673906
13.57500,8.020183,12.812826,17.774687,8.020473,12.813108,17.775354,0.0007805536
13.58000,8.262422,13.158275,18.064396,8.262712,13.158543,18.065085,0.0007933313
13.58500,8.509651,13.501641,18.380407,8.509938,13.501893,18.381116,0.0008056466
13.59000,8.761483,13.841275,18.723410,8.761768,13.841508,18.724139,0.0008174194
13.59500,9.017468,14.175364,19.093994,9.017751,14.175576,19.094744,0.0008285672
13.60000,9.277086,14.501932,19.492628,9.277365,14.502120,19.493396,0.0008390058
13.60500,9.539741,14.818842,19.919626,9.540015,14.819004,19.920413,0.0008486506
13.61000,9.804758,15.123800,20.375132,9.805025,15.123934,20.375936,0.0008574182
13.61500,10.071379,15.414367,20.859084,10.071639,15.414469,20.859903,0.0008652272
13.62000,10.338761,15.687967,21.371190,10.339013,15.688035,21.372022,0.0008720008
13.62500,10.605975,15.941910,21.910897,10.606216,15.941943,21.911740,0.0008776685
13.63000,10.872001,16.173417,22.477363,10.872231,16.173410,22.478215,0.0008821680
13.63500,11.135733,16.379642,23.069434,11.135951,16.379595,23.070291,0.0008854479
13.64000,11.395980,16.557718,23.685615,11.396184,16.557627,23.686474,0.0008874700
13.64500,11.651469,16.704787,24.324052,11.651658,16.704651,24.324910,0.0008882115
13.65000,11.900850,16.818056,24.982520,11.901022,16.817874,24.983372,0.0008876675
13.65500,12.142707,16.894843,25.658409,12.142860,16.894613,25.659251,0.0008858528
13.66000,12.375564,16.932637,26.348726,12.375697,16.932358,26.349553,0.0008828041
13.66500,12.597901,16.929154,27.050101,12.598013,16.928827,27.050909,0.0008785806
13.67000,12.808169,16.882402,27.758808,12.808258,16.882027,27.759591,0.0008732649
13.67500,13.004803,16.790740,28.470789,13.004868,16.790317,28.471543,0.0008669622
13.68000,13.186246,16.652933,29.181696,13.186287,16.652464,29.182416,0.0008597991
13.68500,13.350968,16.468215,29.886944,13.350983,16.467702,29.887623,0.0008519208
13.69000,13.497488,16.236330,30.581766,13.497476,16.235775,30.582401,0.0008434876
13.69500,13.624397,15.957572,31.261292,13.624358,15.956979,31.261878,0.0008346693
13.70000,13.730387,15.632812,31.920625,13.730319,15.632185,31.921158,0.0008256394
13.70500,13.814266,15.263513,32.554927,13.814170,15.262856,32.555402,0.0008165678
13.71000,13.874989,14.851729,33.159506,13.874865,14.851047,33.159921,0.0008076137
13.71500,13.911676,14.400083,33.729913,13.911524,14.399382,33.730265,0.0007989177
13.72000,13.923630,13.911742,34.262022,13.923452,13.911027,34.262308,0.0007905953
13.72500,13.910356,13.390360,34.752115,13.910152,13.389637,34.752334,0.0007827310
13.73000,13.871573,12.840020,35.196952,13.871343,12.839296,35.197105,0.0007753745
13.73500,13.807219,12.265158,35.593837,13.806964,12.264438,35.593923,0.0007685389
13.74000,13.717460,11.670474,35.940658,13.717183,11.669764,35.940678,0.0007622016
13.74500,13.602688,11.060841,36.235919,13.602391,11.060147,36.235874,0.0007563072
13.75000,13.463515,10.441213,36.478755,13.463199,10.440541,36.478649,0.0007507722
13.75500,13.300767,9.816523,36.668930,13.300434,9.815877,36.668765,0.0007454919
13.76000,13.115463,9.191595,36.806811,13.115116,9.190979,36.806591,0.0007403476
13.76500,12.908809,8.571055,36.893339,12.908449,8.570475,36.893068,0.0007352146
13.77000,12.682167,7.959260,36.929979,12.681798,7.958717,36.929661,0.0007299690
13.77500,12.437040,7.360226,36.918661,12.436663,7.359723,36.918300,0.0007244946
13.78000,12.175041,6.777581,36.861711,12.174659,6.777121,36.861312,0.0007186883
13.78500,11.897873,6.214526,36.761787,11.897489,6.214110,36.761355,0.0007124636
13.79000,11.607302,5.673808,36.621798,11.606917,5.673438,36.621338,0.0007057538
13.79500,11.305128,5.157713,36.444836,11.304745,5.157388,36.444351,0.0006985132
13.80000,10.993165,4.668063,36.234102,10.992786,4.667783,36.233597,0.0006907169
13.80500,10.673215,4.206229,35.992846,10.672842,4.205993,35.992325,0.0006823605
13.81000,10.347050,3.773153,35.724304,10.346684,3.772960,35.723772,0.0006734582
13.81500,10.016389,3.369377,35.431650,10.016033,3.369226,35.431110,0.0006640413
13.82000,9.682887,2.995077,35.117950,9.682542,2.994967,35.117406,0.0006541552
13.82500,9.348118,2.650102,34.786130,9.347785,2.650029,34.785583,0.0006438573
13.83000,9.013564,2.334010,34.438943,9.013244,2.333974,34.438397,0.0006332144
13.83500,8.680606,2.046118,34.078958,8.680302,2.046115,34.078415,0.0006222999
13.84000,8.350522,1.785531,33.708541,8.350233,1.785561,33.708003,0.0006111918
13.84500,8.024477,1.551192,33.329850,8.024205,1.551251,33.329319,0.0005999703
13.85000,7.703526,1.341912,32.944835,7.703270,1.341998,32.944312,0.0005887160
13.85500,7.388612,1.156405,32.555244,7.388373,1.156516,32.554730,0.0005775083
13.86000,7.080565,0.993320,32.162622,7.080344,0.993454,32.162118,0.0005664236
13.86500,6.780111,0.851268,31.768329,6.779908,0.851422,31.767836,0.0005555348
13.87000,6.487871,0.728842,31.373549,6.487685,0.729015,31.373067,0.0005449095
13.87500,6.204366,0.624644,30.979302,6.204199,0.624834,30.978831,0.0005346101
13.88000,5.930027,0.537295,30.586456,5.929877,0.537500,30.585998,0.0005246927
13.88500,5.665193,0.465453,30.195748,5.665061,0.465673,30.195301,0.0005152073
13.89000,5.410127,0.407824,29.807791,5.410012,0.408056,29.807356,0.0005061969
13.89500,5.165013,0.363168,29.423090,5.164916,0.363411,29.422666,0.0004976985
13.90000,4.929971,0.330308,29.042055,4.929890,0.330561,29.041643,0.0004897423
13.90500,4.705056,0.308133,28.665016,4.704992,0.308394,28.664615,0.0004823528
13.91000,4.490270,0.295602,28.292227,4.490222,0.295871,28.291838,0.0004755483
13.91500,4.285566,0.291744,27.923885,4.285533,0.292020,27.923507,0.0004693423
13.92000,4.090851,0.295658,27.560133,4.090834,0.295941,27.559766,0.0004637433
13.92500,3.905998,0.306516,27.201070,3.905995,0.306805,27.200713,0.0004587558
13.93000,3.730844,0.323557,26.846760,3.730856,0.323851,26.846413,0.0004543806
13.93500,3.565202,0.346086,26.497235,3.565228,0.346384,26.496898,0.0004506157
13.94000,3.408859,0.373473,26.152505,3.408898,0.373776,26.152178,0.0004474571
13.94500,3.261584,0.405150,25.812560,3.261636,0.405457,25.812242,0.0004448987
13.95000,3.123131,0.440606,25.477373,3.123196,0.440918,25.477065,0.0004429338
13.95500,2.993244,0.479386,25.146910,2.993321,0.479701,25.146611,0.0004415550
13.96000,2.871656,0.521086,24.821122,2.871744,0.521405,24.820832,0.0004407547
13.96500,2.758096,0.565351,24.499959,2.758196,0.565674,24.499677,0.0004405262
13.97000,2.652290,0.611871,24.183363,2.652401,0.612198,24.183090,0.0004408631
13.97500,2.553962,0.660378,23.871278,2.554084,0.660709,23.871013,0.0004417604
13.98000,2.462840,0.710643,23.563642,2.462972,0.710979,23.563385,0.0004432144
13.98500,2.378653,0.762473,23.260396,2.378795,0.762814,23.260147,0.0004452230
13.99000,2.301135,0.815709,22.961482,2.301286,0.816054,22.961241,0.0004477857
13.99500,2.230025,0.870221,22.666842,2.230186,0.870571,22.666609,0.0004509037
14.00000,2.165071,0.925908,22.376421,2.165242,0.926264,22.376195,0.0004545803
14.00500,2.106028,0.982695,22.090167,2.106208,0.983056,22.089949,0.0004588202
14.01000,2.052661,1.040530,21.808030,2.052850,1.040898,21.807819,0.0004636304
14.01500,2.004742,1.099383,21.529963,2.004939,1.099757,21.529760,0.0004690192
14.02000,1.962054,1.159244,21.255923,1.962261,1.159624,21.255728,0.0004749970
14.02500,1.924394,1.220119,20.985870,1.924609,1.220506,20.985683,0.0004815757
14.03000,1.891564,1.282032,20.719768,1.891788,1.282428,20.719588,0.0004887686
14.03500,1.863381,1.345024,20.457583,1.863613,1.345427,20.457411,0.0004965909
14.04000,1.839672,1.409146,20.199286,1.839913,1.409558,20.199121,0.0005050588
14.04500,1.820276,1.474464,19.944851,1.820526,1.474885,19.944694,0.0005141903
14.05000,1.805043,1.541055,19.694256,1.805301,1.541486,19.694107,0.0005240042
14.05500,1.793833,1.609006,19.447482,1.794100,1.609447,19.447341,0.0005345211
14.06000,1.786520,1.678417,19.204515,1.786795,1.678868,19.204382,0.0005457625
14.06500,1.782986,1.749392,18.965344,1.783270,1.749856,18.965219,0.0005577511
14.07000,1.783127,1.822049,18.729963,1.783421,1.822524,18.729846,0.0005705110
14.07500,1.786849,1.896511,18.498368,1.787151,1.896999,18.498260,0.0005840673
14.08000,1.794067,1.972909,18.270562,1.794379,1.973410,18.270462,0.0005984463
14.08500,1.804710,2.051382,18.046551,1.805032,2.051897,18.046461,0.0006136756
14.09000,1.818715,2.132076,17.826347,1.819047,2.132605,17.826265,0.0006297839
14.09500,1.836031,2.215143,17.609965,1.836372,2.215688,17.609893,0.0006468014
14.10000,1.856614,2.300743,17.397426,1.856966,2.301304,17.397365,0.0006647594
14.10500,1.880435,2.389041,17.188759,1.880797,2.389618,17.188708,0.0006836906
14.11000,1.907469,2.480209,16.983996,1.907843,2.480804,16.983955,0.0007036291
14.11500,1.937706,2.574426,16.783176,1.938091,2.575040,16.783146,0.0007246104
14.12000,1.971142,2.671877,16.586346,1.971538,2.672509,16.586328,0.0007466716
14.12500,2.007783,2.772751,16.393559,2.008191,2.773404,16.393553,0.0007698512
14.13000,2.047645,2.877248,16.204877,2.048066,2.877922,16.204883,0.0007941894
14.13500,2.090753,2.985570,16.020370,2.091187,2.986266,16.020389,0.0008197280
14.14000,2.137140,3.097928,15.840116,2.137587,3.098646,15.840149,0.0008465105
14.14500,2.186847,3.214538,15.664205,2.187308,3.215280,15.664253,0.0008745820
14.15000,2.239927,3.335623,15.492736,2.240402,3.336390,15.492799,0.0009039893
14.15500,2.296438,3.461413,15.325820,2.296928,3.462205,15.325899,0.0009347811
14.16000,2.356449,3.592143,15.163580,2.356954,3.592962,15.163676,0.0009670077
14.16500,2.420035,3.728057,15.006153,2.420556,3.728904,15.006267,0.0010007209
14.17000,2.487280,3.869402,14.853689,2.487818,3.870278,14.853822,0.0010359746
14.17500,2.558279,4.016434,14.706355,2.558834,4.017340,14.706508,0.0010728241
14.18000,2.633131,4.169414,14.564335,2.633704,4.170351,14.564510,0.0011113261
14.18500,2.711945,4.328609,14.427829,2.712536,4.329577,14.428027,0.0011515389
14.19000,2.794837,4.494290,14.297059,2.795448,4.495291,14.297281,0.0011935222
14.19500,2.881933,4.666734,14.172267,2.882563,4.667770,14.172514,0.0012373366
14.20000,2.973363,4.846223,14.053717,2.974014,4.847294,14.053990,0.0012830440
14.20500,3.069266,5.033041,13.941698,3.069939,5.034148,13.942000,0.0013307067
14.21000,3.169790,5.227475,13.836525,3.170485,5.228620,13.836859,0.0013803877
14.21500,3.275087,5.429815,13.738543,3.275805,5.430999,13.738910,0.0014321498
14.22000,3.385317,5.640348,13.648125,3.386058,5.641572,13.648527,0.0014860559
14.22500,3.500646,5.859363,13.565678,3.501412,5.860628,13.566117,0.0015421678
14.23000,3.621247,6.087143,13.491642,3.622038,6.088449,13.492122,0.0016005462
14.23500,3.747296,6.323967,13.426497,3.748113,6.325315,13.427019,0.0016612500
14.24000,3.878975,6.570104,13.370760,3.879820,6.571496,13.371327,0.0017243353
14.24500,4.016471,6.825814,13.324990,4.017344,6.827251,13.325606,0.0017898549
14.25000,4.159973,7.091342,13.289793,4.160874,7.092823,13.290461,0.0018578574
14.25500,4.309672,7.366914,13.265819,4.310603,7.368440,13.266543,0.0019283860
14.26000,4.465762,7.652731,13.253769,4.466722,7.654303,13.254553,0.0020014775
14.26500,4.628433,7.948971,13.254397,4.629425,7.950588,13.255244,0.0020771608
14.27000,4.797879,8.255773,13.268510,4.798901,8.257435,13.269425,0.0021554558
14.27500,4.974285,8.573238,13.296970,4.975340,8.574945,13.297957,0.0022363716
14.28000,5.157834,8.901420,13.340698,5.158922,8.903171,13.341762,0.0023199048
14.28500,5.348700,9.240315,13.400675,5.349821,9.242109,13.401821,0.0024060374
14.29000,5.547048,9.589857,13.477940,5.548203,9.591692,13.479173,0.0024947351
14.29500,5.753029,9.949901,13.573594,5.754218,9.951776,13.574919,0.0025859447
14.30000,5.966777,10.320221,13.688794,5.968001,10.322133,13.690218,0.0026795921
14.30500,6.188408,10.700491,13.824758,6.189666,10.702436,13.826287,0.0027755792
14.31000,6.418011,11.090273,13.982756,6.419303,11.092249,13.984395,0.0028737814
14.31500,6.655649,11.489007,14.164108,6.656976,11.491009,14.165862,0.0029740454
14.32000,6.901350,11.895993,14.370175,6.902710,11.898016,14.372053,0.0030761853
14.32500,7.155103,12.310377,14.602358,7.156495,12.312414,14.604364,0.0031799806
14.33000,7.416850,12.731133,14.862076,7.418275,12.733177,14.864217,0.0032851731
14.33500,7.686485,13.157049,15.150762,7.687940,13.159093,15.153044,0.0033914645
14.34000,7.963841,13.586710,15.469843,7.965324,13.588745,15.472271,0.0034985135
14.34500,8.248683,14.018480,15.820717,8.250192,14.020496,15.823298,0.0036059345
14.35000,8.540705,14.450492,16.204736,8.542238,14.452477,16.207474,0.0037132957
14.35500,8.839517,14.880626,16.623174,8.841072,14.882569,16.626072,0.0038201186
14.36000,9.144640,15.306505,17.077194,9.146212,15.308392,17.080257,0.0039258784
14.36500,9.455493,15.725485,17.567819,9.457079,15.727300,17.571048,0.0040300047
14.37000,9.771391,16.134646,18.095885,9.772986,16.136374,18.099282,0.0041318848
14.37500,10.091531,16.530800,18.662002,10.093130,16.532423,18.665566,0.0042308677
14.38000,10.414988,16.910490,19.266503,10.416586,16.911991,19.270233,0.0043262702
14.38500,10.740708,17.270012,19.909397,10.742297,17.271372,19.913288,0.0044173848
14.39000,11.067499,17.605432,20.590316,11.069073,17.606630,20.594362,0.0045034900
14.39500,11.394035,17.912620,21.308460,11.395586,17.913636,21.312652,0.0045838630
14.40000,11.718845,18.187295,22.062548,11.720365,18.188108,22.066875,0.0046577938
14.40500,12.040320,18.425078,22.850769,12.041801,18.425669,22.855217,0.0047246029
14.41000,12.356717,18.621560,23.670738,12.358148,18.621909,23.675289,0.0047836593
14.41500,12.666159,18.772380,24.519460,12.667531,18.772467,24.524095,0.0048344010
14.42000,12.966656,18.873312,25.393308,12.967959,18.873121,25.398004,0.0048763561
14.42500,13.256111,18.920368,26.288011,13.257333,18.919883,26.292741,0.0049091634
14.43000,13.532343,18.909905,27.198658,13.533475,18.909114,27.203393,0.0049325921
14.43500,13.793112,18.838734,28.119727,13.794142,18.837627,28.124436,0.0049465599
14.44000,14.036145,18.704237,29.045127,14.037063,18.702807,29.049778,0.0049511459
14.44500,14.259166,18.504474,29.968273,14.259962,18.502720,29.972829,0.0049465991
14.45000,14.459938,18.238287,30.882168,14.460602,18.236211,30.886594,0.0049333407
14.45500,14.636295,17.905388,31.779528,14.636818,17.902997,31.783787,0.0049119578
14.46000,14.786187,17.506430,32.652905,14.786559,17.503736,32.656961,0.0048831885
14.46500,14.907718,17.043050,33.494845,14.907934,17.040071,33.498664,0.0048478987
14.47000,14.999191,16.517892,34.298046,14.999244,16.514649,34.301594,0.0048070494
14.47500,15.059144,15.934590,35.055522,15.059030,15.931109,35.058769,0.0047616571
14.48000,15.086387,15.297724,35.760774,15.086105,15.294035,35.763694,0.0047127487
14.48500,15.080035,14.612744,36.407943,15.079582,14.608882,36.410514,0.0046613140
14.49000,15.039529,13.885860,36.991953,15.038906,13.881861,36.994157,0.0046082593
14.49500,14.964656,13.123906,37.508627,14.963866,13.119809,37.510453,0.0045543659
14.50000,14.855561,12.334183,37.954780,14.854608,12.330028,37.956221,0.0045002568
14.50500,14.712745,11.524290,38.328278,14.711635,11.520116,38.329332,0.0044463759
14.51000,14.537057,10.701941,38.628056,14.535798,10.697786,38.628729,0.0043929789
14.51500,14.329682,9.874788,38.854116,14.328283,9.870691,38.854416,0.0043401397
14.52000,14.092115,9.050252,39.007474,14.090586,9.046246,39.007415,0.0042877680
14.52500,13.826131,8.235366,39.090090,13.824484,8.231484,39.089690,0.0042356384
14.53000,13.533748,7.436640,39.104768,13.531997,7.432910,39.104048,0.0041834251
14.53500,13.217191,6.659954,39.055037,13.215347,6.656400,39.054021,0.0041307414
14.54000,12.878842,5.910472,38.945018,12.876919,5.907114,38.943734,0.0040771771
14.54500,12.521203,5.192592,38.779291,12.519215,5.189446,38.777764,0.0040223341
14.55000,12.146847,4.509918,38.562750,12.144809,4.506995,38.561009,0.0039658551
14.55500,11.758379,3.865258,38.300475,11.756303,3.862566,38.298548,0.0039074461
14.56000,11.358395,3.260650,37.997608,11.356295,3.258194,37.995522,0.0038468915
14.56500,10.949444,2.697403,37.659243,10.947332,2.695182,37.657024,0.0037840618
14.57000,10.534000,2.176148,37.290331,10.531888,2.174160,37.288003,0.0037189156
14.57500,10.114429,1.696913,36.895604,10.112329,1.695152,36.893191,0.0036514962
14.58000,9.692972,1.259189,36.479514,9.690894,1.257649,36.477036,0.0035819245
14.58500,9.271723,0.862015,36.046189,9.269677,0.860685,36.043665,0.0035103891
14.59000,8.852619,0.504046,35.599404,8.850612,0.502917,35.596851,0.0034371353
14.59500,8.437427,0.183635,35.142566,8.435468,0.182695,35.140000,0.0033624524
14.60000,8.027742,-0.101099,34.678713,8.025838,-0.101862,34.676146,0.0032866624
14.60500,7.624987,-0.352210,34.210515,7.623142,-0.352809,34.207958,0.0032101085
14.61000,7.230411,-0.571863,33.740294,7.228630,-0.572311,33.737755,0.0031331445
14.61500,6.845093,-0.762287,33.270036,6.843381,-0.762596,33.267524,0.0030561258
14.62000,6.469953,-0.925728,32.801425,6.468312,-0.925910,32.798945,0.0029794013
14.62500,6.105755,-1.064417,32.335860,6.104188,-1.064485,32.333417,0.0029033072
14.63000,5.753119,-1.180539,31.874487,5.751628,-1.180503,31.872084,0.0028281607
14.63500,5.412529,-1.276207,31.418228,5.411115,-1.276079,31.415868,0.0027542570
14.64000,5.084345,-1.353449,30.967803,5.083009,-1.353238,30.965488,0.0026818649
14.64500,4.768814,-1.414190,30.523763,4.767554,-1.413906,30.521493,0.0026112257
14.65000,4.466076,-1.460247,30.086507,4.464894,-1.459899,30.084284,0.0025425511
14.65500,4.176184,-1.493320,29.656313,4.175077,-1.492915,29.654135,0.0024760229
14.66000,3.899102,-1.514992,29.233350,3.898071,-1.514539,29.231217,0.0024117930
14.66500,3.634728,-1.526728,28.817701,3.633770,-1.526232,28.815613,0.0023499837
14.67000,3.382891,-1.529876,28.409379,3.382005,-1.529344,28.407335,0.0022906889
14.67500,3.143368,-1.525671,28.008341,3.142552,-1.525108,28.006339,0.0022339756
14.68000,2.915890,-1.515239,27.614497,2.915142,-1.514649,27.612536,0.0021798852
14.68500,2.700146,-1.499602,27.227726,2.699464,-1.498990,27.225805,0.0021284357
14.69000,2.495796,-1.479683,26.847880,2.495178,-1.479052,26.845998,0.0020796238
14.69500,2.302472,-1.456313,26.474795,2.301915,-1.455667,26.472950,0.0020334272
14.70000,2.119786,-1.430237,26.108294,2.119287,-1.429579,26.106484,0.0019898068
14.70500,1.947333,-1.402119,25.748195,1.946891,-1.401451,25.746418,0.0019487095
14.71000,1.784701,-1.372550,25.394310,1.784313,-1.371874,25.392566,0.0019100702
14.71500,1.631467,-1.342053,25.046456,1.631132,-1.341371,25.044743,0.0018738146
14.72000,1.487207,-1.311087,24.704449,1.486921,-1.310400,24.702767,0.0018398612
14.72500,1.351496,-1.280056,24.368114,1.351258,-1.279365,24.366460,0.0018081238
14.73000,1.223912,-1.249311,24.037277,1.223719,-1.248617,24.035651,0.0017785131
14.73500,1.104036,-1.219157,23.711776,1.103886,-1.218460,23.710176,0.0017509394
14.74000,0.991457,-1.189857,23.391452,0.991348,-1.189158,23.389878,0.0017253135
14.74500,0.885771,-1.161636,23.076158,0.885703,-1.160936,23.074609,0.0017015486
14.75000,0.786586,-1.134685,22.765753,0.786555,-1.133983,22.764227,0.0016795617
14.75500,0.693518,-1.109166,22.460103,0.693523,-1.108463,22.458601,0.0016592747
14.76000,0.606196,-1.085214,22.159084,0.606235,-1.084509,22.157604,0.0016406149
14.76500,0.524260,-1.062941,21.862578,0.524331,-1.062233,21.861119,0.0016235166
14.77000,0.447363,-1.042436,21.570474,0.447465,-1.041725,21.569035,0.0016079206
14.77500,0.375171,-1.023775,21.282668,0.375303,-1.023061,21.281249,0.0015937756
14.78000,0.307363,-1.007014,20.999064,0.307524,-1.006296,20.997664,0.0015810379
14.78500,0.243633,-0.992199,20.719568,0.243821,-0.991477,20.718188,0.0015696717
14.79000,0.183684,-0.979364,20.444097,0.183898,-0.978637,20.442734,0.0015596491
14.79500,0.127236,-0.968534,20.172567,0.127475,-0.967800,20.171222,0.0015509502
14.80000,0.074020,-0.959724,19.904905,0.074283,-0.958983,19.903576,0.0015435628
14.80500,0.023778,-0.952947,19.641036,0.024065,-0.952198,19.639725,0.0015374826
14.81000,-0.023732,-0.948208,19.380895,-0.023423,-0.947451,19.379599,0.0015327123
14.81500,-0.068745,-0.945511,19.124417,-0.068413,-0.944743,19.123136,0.0015292619
14.82000,-0.111481,-0.944855,18.871541,-0.111127,-0.944076,18.870276,0.0015271485
14.82500,-0.152151,-0.946238,18.622210,-0.151776,-0.945448,18.620960,0.0015263955
14.83000,-0.190955,-0.949660,18.376371,-0.190560,-0.948856,18.375134,0.0015270326
14.83500,-0.228083,-0.955118,18.133971,-0.227668,-0.954300,18.132747,0.0015290955
14.84000,-0.263717,-0.962612,17.894961,-0.263282,-0.961778,17.893751,0.0015326256
14.84500,-0.298029,-0.972141,17.659295,-0.297573,-0.971290,17.658098,0.0015376695
14.85000,-0.331182,-0.983710,17.426929,-0.330707,-0.982841,17.425744,0.0015442788
14.85500,-0.363332,-0.997322,17.197821,-0.362837,-0.996434,17.196648,0.0015525098
14.86000,-0.394629,-1.012988,16.971931,-0.394115,-1.012078,16.970769,0.0015624232
14.86500,-0.425214,-1.030717,16.749222,-0.424680,-1.029786,16.748071,0.0015740839
14.87000,-0.455223,-1.050526,16.529657,-0.454669,-1.049571,16.528516,0.0015875608
14.87500,-0.484787,-1.072435,16.313202,-0.484213,-1.071454,16.312071,0.0016029261
14.88000,-0.514029,-1.096467,16.099827,-0.513434,-1.095460,16.098705,0.0016202558
14.88500,-0.543070,-1.122651,15.889500,-0.542454,-1.121616,15.888387,0.0016396290
14.89000,-0.572025,-1.151021,15.682194,-0.571388,-1.149956,15.681090,0.0016611281
14.89500,-0.601006,-1.181615,15.477884,-0.600348,-1.180519,15.476787,0.0016848382
14.90000,-0.630121,-1.214479,15.276545,-0.629441,-1.213349,15.275455,0.0017108478
14.90500,-0.659476,-1.249661,15.078155,-0.658773,-1.248496,15.077072,0.0017392481
14.91000,-0.689174,-1.287218,14.882696,-0.688447,-1.286016,14.881619,0.0017701333
14.91500,-0.719314,-1.327212,14.690149,-0.718563,-1.325971,14.689077,0.0018036005
14.92000,-0.749996,-1.369710,14.500501,-0.749220,-1.368428,14.499433,0.0018397503
14.92500,-0.781318,-1.414786,14.313738,-0.780516,-1.413461,14.312675,0.0018786862
14.93000,-0.813375,-1.462523,14.129852,-0.812547,-1.461153,14.128792,0.0019205154
14.93500,-0.846264,-1.513008,13.948836,-0.845409,-1.511590,13.947778,0.0019653487
14.94000,-0.880081,-1.566336,13.770687,-0.879197,-1.564869,13.769629,0.0020133008
14.94500,-0.914922,-1.622610,13.595404,-0.914008,-1.621090,13.594346,0.0020644909
14.95000,-0.950882,-1.681939,13.422990,-0.949937,-1.680364,13.421932,0.0021190425
14.95500,-0.988060,-1.744441,13.253454,-0.987083,-1.742809,13.252394,0.0021770843
14.96000,-1.026554,-1.810242,13.086805,-1.025543,-1.808551,13.085742,0.0022387502
14.96500,-1.066463,-1.879477,12.923061,-1.065417,-1.877722,12.921994,0.0023041799
14.97000,-1.107889,-1.952286,12.762242,-1.106808,-1.950466,12.761169,0.0023735191
14.97500,-1.150937,-2.028823,12.604374,-1.149818,-2.026934,12.603294,0.0024469204
14.98000,-1.195714,-2.109247,12.449487,-1.194555,-2.107286,12.448399,0.0025245429
14.98500,-1.242328,-2.193729,12.297621,-1.241128,-2.191692,12.296523,0.0026065535
14.99000,-1.290892,-2.282446,12.148820,-1.289650,-2.280331,12.147709,0.0026931268
14.99500,-1.341523,-2.375590,12.003135,-1.340236,-2.373392,12.002011,0.0027844457
15.00000,-1.394339,-2.473360,11.860627,-1.393006,-2.471076,11.859486,0.0028807017
15.00500,-1.449467,-2.575966,11.721363,-1.448085,-2.573592,11.720204,0.0029820955
15.01000,-1.507033,-2.683630,11.585423,-1.505600,-2.681161,11.584243,0.0030888371
15.01500,-1.567172,-2.796583,11.452893,-1.565686,-2.794015,11.451690,0.0032011466
15.02000,-1.630021,-2.915069,11.323875,-1.628480,-2.912398,11.322645,0.0033192539
15.02500,-1.695725,-3.039343,11.198479,-1.694127,-3.036566,11.197220,0.0034433996
15.03000,-1.764434,-3.169674,11.076832,-1.762775,-3.166784,11.075540,0.0035738350
15.03500,-1.836302,-3.306340,10.959073,-1.834580,-3.303333,10.957745,0.0037108222
15.04000,-1.911493,-3.449633,10.845359,-1.909705,-3.446504,10.843990,0.0038546346
15.04500,-1.990174,-3.599857,10.735864,-1.988318,-3.596600,10.734451,0.0040055567
15.05000,-2.072521,-3.757328,10.630780,-2.070593,-3.753939,10.629318,0.0041638842
15.05500,-2.158716,-3.922376,10.530323,-2.156714,-3.918849,10.528806,0.0043299240
15.06000,-2.248951,-4.095341,10.434728,-2.246871,-4.091670,10.433151,0.0045039942
15.06500,-2.343423,-4.276576,10.344257,-2.341261,-4.272756,10.342614,0.0046864233
15.07000,-2.442336,-4.466447,10.259200,-2.440090,-4.462472,10.257485,0.0048775503
15.07500,-2.545906,-4.665329,10.179876,-2.543572,-4.661192,10.178081,0.0050777238
15.08000,-2.654354,-4.873608,10.106635,-2.651928,-4.869303,10.104753,0.0052873014
15.08500,-2.767910,-5.091679,10.039863,-2.765388,-5.087201,10.037886,0.0055066487
15.09000,-2.886812,-5.319947,9.979986,-2.884190,-5.315289,9.977905,0.0057361378
15.09500,-3.011307,-5.558821,9.927470,-3.008581,-5.553977,9.925274,0.0059761460
15.10000,-3.141649,-5.808717,9.882825,-3.138816,-5.803681,9.880505,0.0062270539
15.10500,-3.278102,-6.070052,9.846613,-3.275156,-6.064817,9.844156,0.0064892430
15.11000,-3.420936,-6.343242,9.819445,-3.417873,-6.337804,9.816839,0.0067630934
15.11500,-3.570426,-6.628701,9.801992,-3.567243,-6.623054,9.799225,0.0070489798
15.12000,-3.726859,-6.926835,9.794986,-3.723550,-6.920973,9.792041,0.0073472688
15.12500,-3.890521,-7.238036,9.799223,-3.887083,-7.231955,9.796086,0.0076583138
15.13000,-4.061709,-7.562681,9.815572,-4.058136,-7.556376,9.812226,0.0079824501
15.13500,-4.240718,-7.901120,9.844976,-4.237006,-7.894588,9.841402,0.0083199892
15.14000,-4.427849,-8.253674,9.888459,-4.423994,-8.246912,9.884637,0.0086712122
15.14500,-4.623400,-8.620621,9.947128,-4.619398,-8.613628,9.943038,0.0090363618
15.15000,-4.827669,-9.002191,10.022182,-4.823515,-8.994966,10.017801,0.0094156339
15.15500,-5.040949,-9.398553,10.114913,-5.036639,-9.391097,10.110216,0.0098091677
15.16000,-5.263523,-9.809801,10.226707,-5.259054,-9.802117,10.221670,0.0102170350
15.16500,-5.495665,-10.235942,10.359055,-5.491034,-10.228035,10.353650,0.0106392275
15.17000,-5.737634,-10.676877,10.513546,-5.732837,-10.668753,10.507744,0.0110756439
15.17500,-5.989665,-11.132386,10.691875,-5.984701,-11.124055,10.685647,0.0115260748
15.18000,-6.251971,-11.602105,10.895838,-6.246839,-11.593579,10.889150,0.0119901864
15.18500,-6.524732,-12.085507,11.127328,-6.519430,-12.076801,11.120149,0.0124675035
15.19000,-6.808088,-12.581874,11.388333,-6.802616,-12.573009,11.380629,0.0129573912
15.19500,-7.102133,-13.090276,11.680928,-7.096492,-13.081276,11.672663,0.0134590353
15.20000,-7.406905,-13.609539,12.007257,-7.401097,-13.600432,11.998395,0.0139714223
15.20500,-7.722376,-14.138218,12.369521,-7.716405,-14.129038,12.360028,0.0144933199
15.21000,-8.048441,-14.674565,12.769958,-8.042312,-14.665351,12.759797,0.0150232570
15.21500,-8.384908,-15.216501,13.210808,-8.378629,-15.207299,13.199946,0.0155595051
15.22000,-8.731484,-15.761582,13.694289,-8.725064,-15.752444,13.682692,0.0161000619
15.22500,-9.087761,-16.306973,14.222547,-9.081212,-16.297958,14.210186,0.0166426382
15.23000,-9.453204,-16.849417,14.797611,-9.446538,-16.840592,14.784459,0.0171846482
15.23500,-9.827131,-17.385219,15.421336,-9.820366,-17.376658,15.407370,0.0177232072
15.24000,-10.208705,-17.910224,16.095334,-10.201861,-17.902008,16.080539,0.0182551351
15.24500,-10.596915,-18.419811,16.820900,-10.590014,-18.412028,16.805268,0.0187769712
15.25000,-10.990563,-18.908895,17.598932,-10.983631,-18.901642,17.582461,0.0192849981
15.25500,-11.388248,-19.371941,18.429834,-11.381316,-19.365321,18.412537,0.0197752802
15.26000,-11.788359,-19.803001,19.313426,-11.781460,-19.797121,19.295325,0.0202437159
15.26500,-12.189063,-20.195755,20.248845,-12.182235,-20.190728,20.229977,0.0206861059
15.27000,-12.588303,-20.543591,21.234440,-12.581586,-20.539532,21.214856,0.0210982378
15.27500,-12.983792,-20.839694,22.267684,-12.977231,-20.836717,22.247453,0.0214759866
15.28000,-13.373020,-21.077167,23.345085,-13.366662,-21.075385,23.324293,0.0218154302
15.28500,-13.753265,-21.249173,24.462115,-13.747162,-21.248695,24.440866,0.0221129766
15.29000,-14.121608,-21.349104,25.613162,-14.115813,-21.350029,25.591580,0.0223654983
15.29500,-14.474959,-21.370767,26.791510,-14.469529,-21.373183,26.769736,0.0225704682
15.30000,-14.810094,-21.308592,27.989350,-14.805084,-21.312572,27.967543,0.0227260884
15.30500,-15.123691,-21.157840,29.197835,-15.119159,-21.163438,29.176169,0.0228314032
15.31000,-15.412385,-20.914823,30.407181,-15.408388,-20.922069,30.385843,0.0228863852
15.31500,-15.672826,-20.577105,31.606809,-15.669418,-20.586005,31.585995,0.0228919846
15.32000,-15.901742,-20.143687,32.785542,-15.898974,-20.154218,32.765453,0.0228501313
15.32500,-16.096011,-19.615157,33.931844,-16.093931,-19.627268,33.912682,0.0227636837
15.33000,-16.252734,-18.993794,35.034090,-16.251383,-19.007402,35.016051,0.0226363191
15.33500,-16.369305,-18.283618,36.080877,-16.368718,-18.298610,36.064146,0.0224723675
15.34000,-16.443486,-17.490372,37.061331,-16.443690,-17.506606,37.046078,0.0222765963
15.34500,-16.473468,-16.621439,37.965432,-16.474481,-16.638750,37.951806,0.0220539603
15.35000,-16.457928,-15.685693,38.784307,-16.459758,-15.703892,38.772429,0.0218093343
15.35500,-16.396071,-14.693279,39.510494,-16.398718,-14.712161,39.500456,0.0215472538
15.36000,-16.287665,-13.655346,40.138156,-16.291116,-13.674694,40.130020,0.0212716871
15.36500,-16.133049,-12.583733,40.663232,-16.137282,-12.603327,40.657024,0.0209858613
15.37000,-15.933131,-11.490633,41.083521,-15.938115,-11.510253,41.079233,0.0206921593
15.37500,-15.689375,-10.388248,41.398683,-15.695069,-10.407681,41.396278,0.0203920943
15.38000,-15.403760,-9.288455,41.610183,-15.410116,-9.307500,41.609592,0.0200863627
15.38500,-15.078734,-8.202500,41.721155,-15.085694,-8.220975,41.722283,0.0197749610
15.39000,-14.717151,-7.140732,41.736217,-14.724656,-7.158475,41.738948,0.0194573515
15.39500,-14.322206,-6.112391,41.661244,-14.330190,-6.129264,41.665443,0.0191326531
15.40000,-13.897359,-5.125454,41.503112,-13.905752,-5.141344,41.508633,0.0187998347
15.40500,-13.446255,-4.186535,41.269429,-13.454988,-4.201356,41.276119,0.0184578935
15.41000,-12.972651,-3.300855,40.968270,-12.981653,-3.314546,40.975972,0.0181060024
15.41500,-12.480340,-2.472253,40.607925,-12.489542,-2.484778,40.616486,0.0177436194
15.42000,-11.973086,-1.703250,40.196674,-11.982421,-1.714594,40.205942,0.0173705558
15.42500,-11.454560,-0.995144,39.742583,-11.463964,-1.005312,39.752417,0.0169870068
15.43000,-10.928292,-0.348135,39.253351,-10.937705,-0.357151,39.263620,0.0165935477
15.43500,-10.397624,0.238534,38.736180,-10.406990,0.230634,38.746764,0.0161911051
15.44000,-9.865678,0.766429,38.197686,-9.874946,0.759596,38.208477,0.0157809103
15.44500,-9.335329,1.237778,37.643842,-9.344454,1.231954,37.654746,0.0153644403
15.45000,-8.809194,1.655323,37.079955,-8.818133,1.650445,37.090891,0.0149433557
15.45500,-8.289613,2.022188,36.510657,-8.298333,2.018189,36.521555,0.0145194383
15.46000,-7.778658,2.341763,35.939926,-7.787127,2.338571,35.950730,0.0140945318
15.46500,-7.278126,2.617588,35.371121,-7.286320,2.615134,35.381785,0.0136704900
15.47000,-6.789556,2.853272,34.807020,-6.797453,2.851486,34.817507,0.0132491311
15.47500,-6.314232,3.052413,34.249878,-6.321816,3.051228,34.260161,0.0128322010
15.48000,-5.853203,3.218539,33.701474,-5.860462,3.217890,33.711533,0.0124213432
15.48500,-5.407299,3.355060,33.163175,-5.414223,3.354886,33.172997,0.0120180767
15.49000,-4.977144,3.465234,32.635985,-4.983728,3.465478,32.645561,0.0116237802
15.49500,-4.563179,3.552142,32.120598,-4.569421,3.552750,32.129925,0.0112396813
15.50000,-4.165677,3.618672,31.617452,-4.171577,3.619594,31.626530,0.0108668511
15.50500,-3.784762,3.667508,31.126766,-3.790323,3.668700,31.135600,0.0105062018
15.51000,-3.420427,3.701130,30.648588,-3.425652,3.702551,30.657183,0.0101584881
15.51500,-3.072547,3.721815,30.182825,-3.077444,3.723427,30.191188,0.0098243104
15.52000,-2.740901,3.731641,29.729276,-2.745476,3.733410,29.737416,0.0095041206
15.52500,-2.425177,3.732495,29.287658,-2.429440,3.734393,29.295585,0.0091982286
15.53000,-2.124995,3.726083,28.857630,-2.128955,3.728083,28.865354,0.0089068103
15.53500,-1.839913,3.713943,28.438810,-1.843580,3.716021,28.446341,0.0086299166
15.54000,-1.569439,3.697452,28.030790,-1.572824,3.699586,28.038139,0.0083674834
15.54500,-1.313041,3.677839,27.633152,-1.316156,3.680012,27.640329,0.0081193407
15.55000,-1.070159,3.656200,27.245475,-1.073016,3.658396,27.252489,0.0078852242
15.55500,-0.840207,3.633507,26.867342,-0.842817,3.635712,26.874203,0.0076647856
15.56000,-0.622586,3.610617,26.498351,-0.624960,3.612820,26.505069,0.0074576037
15.56500,-0.416683,3.588288,26.138115,-0.418834,3.590478,26.144697,0.0072631954
15.57000,-0.221883,3.567183,25.786264,-0.223824,3.569352,25.792719,0.0070810271
15.57500,-0.037571,3.547885,25.442454,-0.039312,3.550026,25.448790,0.0069105249
15.58000,0.136866,3.530901,25.106362,0.135313,3.533007,25.112586,0.0067510854
15.58500,0.302033,3.516673,24.777688,0.300658,3.518740,24.783806,0.0066020854
15.59000,0.458527,3.505586,24.456157,0.457319,3.507609,24.462175,0.0064628914
15.59500,0.606931,3.497970,24.141518,0.605880,3.499946,24.147442,0.0063328675
15.60000,0.747818,3.494113,23.833542,0.746913,3.496040,23.839377,0.0062113836
15.60500,0.881744,3.494263,23.532022,0.880975,3.496139,23.537772,0.0060978218
15.61000,1.009248,3.498633,23.236773,1.008607,3.500456,23.242445,0.0059915818
15.61500,1.130854,3.507406,22.947633,1.130332,3.509176,22.953228,0.0058920858
15.62000,1.247069,3.520743,22.664455,1.246657,3.522459,22.669979,0.0057987820
15.62500,1.358381,3.538779,22.387114,1.358072,3.540442,22.392569,0.0057111475
15.63000,1.465263,3.561637,22.115502,1.465049,3.563245,22.120892,0.0056286898
15.63500,1.568167,3.589419,21.849527,1.568040,3.590974,21.854854,0.0055509485
15.64000,1.667531,3.622222,21.589114,1.667485,3.623723,21.594381,0.0054774947
15.64500,1.763773,3.660128,21.334202,1.763801,3.661577,21.339412,0.0054079316
15.65000,1.857298,3.703215,21.084745,1.857394,3.704612,21.089900,0.0053418935
15.65500,1.948491,3.751556,20.840713,1.948650,3.752902,20.845815,0.0052790444
15.66000,2.037725,3.805220,20.602088,2.037941,3.806516,20.607139,0.0052190769
15.66500,2.125357,3.864275,20.368865,2.125624,3.865521,20.373867,0.0051617104
15.67000,2.211729,3.928789,20.141053,2.212042,3.929986,20.146007,0.0051066892
15.67500,2.297171,3.998829,19.918674,2.297526,3.999978,19.923582,0.0050537808
15.68000,2.381998,4.074466,19.701762,2.382391,4.075568,19.706626,0.0050027733
15.68500,2.466517,4.155773,19.490365,2.466943,4.156828,19.495186,0.0049534745
15.69000,2.551020,4.242826,19.284544,2.551476,4.243834,19.289323,0.0049057089
15.69500,2.635790,4.335705,19.084373,2.636272,4.336668,19.089112,0.0048593165
15.70000,2.721101,4.434495,18.889939,2.721605,4.435412,18.894638,0.0048141508
15.70500,2.807216,4.539285,18.701345,2.807739,4.540156,18.706005,0.0047700771
15.71000,2.894392,4.650168,18.518705,2.894930,4.650993,18.523328,0.0047269712
15.71500,2.982875,4.767242,18.342153,2.983427,4.768023,18.346739,0.0046847176
15.72000,3.072908,4.890612,18.171834,3.073469,4.891346,18.176384,0.0046432085
15.72500,3.164723,5.020383,18.007912,3.165291,5.021071,18.012427,0.0046023425
15.73000,3.258549,5.156668,17.850567,3.259122,5.157309,17.855047,0.0045620237
15.73500,3.354608,5.299579,17.699999,3.355183,5.300173,17.704444,0.0045221606
15.74000,3.453117,5.449236,17.556423,3.453693,5.449781,17.560835,0.0044826655
15.74500,3.554290,5.605756,17.420078,3.554862,5.606252,17.424457,0.0044434538
15.75000,3.658332,5.769259,17.291222,3.658900,5.769705,17.295567,0.0044044436
15.75500,3.765449,5.939866,17.170135,3.766010,5.940259,17.174446,0.0043655554
15.76000,3.875840,6.117693,17.057120,3.876391,6.118032,17.061398,0.0043267115
15.76500,3.989699,6.302855,16.952504,3.990238,6.303139,16.956748,0.0042878365
15.77000,4.107218,6.495461,16.856640,4.107744,6.495688,16.860850,0.0042488571
15.77500,4.228585,6.695615,16.769907,4.229095,6.695783,16.774082,0.0042097025
15.78000,4.353982,6.903408,16.692712,4.354473,6.903514,16.696852,0.0041703046
15.78500,4.483586,7.118923,16.625491,4.484057,7.118965,16.629595,0.0041305993
15.79000,4.617572,7.342224,16.568709,4.618020,7.342199,16.572775,0.0040905265
15.79500,4.756106,7.573362,16.522862,4.756530,7.573267,16.526889,0.0040500320
15.80000,4.899350,7.812361,16.488478,4.899747,7.812194,16.492464,0.0040090682
15.80500,5.047457,8.059224,16.466116,5.047825,8.058981,16.470059,0.0039675965
15.81000,5.200574,8.313922,16.456370,5.200909,8.313600,16.460268,0.0039255884
15.81500,5.358836,8.576392,16.459865,5.359137,8.575989,16.463716,0.0038830285
15.82000,5.522369,8.846533,16.477260,5.522634,8.846044,16.481060,0.0038399168
15.82500,5.691288,9.124198,16.509246,5.691514,9.123620,16.512991,0.0037962717
15.83000,5.865691,9.409188,16.556544,5.865876,9.408518,16.560231,0.0037521336
15.83500,6.045663,9.701249,16.619907,6.045803,9.700482,16.623532,0.0037075685
15.84000,6.231268,10.000060,16.700116,6.231362,9.999194,16.703673,0.0036626720
15.84500,6.422553,10.305231,16.797974,6.422598,10.304263,16.801459,0.0036175744
15.85000,6.619539,10.616293,16.914307,6.619532,10.615218,16.917714,0.0035724449
15.85500,6.822223,10.932689,17.049958,6.822160,10.931505,17.053280,0.0035274965
15.86000,7.030570,11.253769,17.205779,7.030450,11.252473,17.209010,0.0034829912
15.86500,7.244515,11.578778,17.382626,7.244335,11.577367,17.385758,0.0034392444
15.87000,7.463956,11.906851,17.581350,7.463713,11.905323,17.584374,0.0033966284
15.87500,7.688750,12.237004,17.802787,7.688441,12.235357,17.805695,0.0033555758
15.88000,7.918711,12.568127,18.047746,7.918334,12.566360,18.050528,0.0033165799
15.88500,8.153605,12.898975,18.316996,8.153157,12.897089,18.319642,0.0032801939
15.89000,8.393143,13.228166,18.611252,8.392623,13.226160,18.613751,0.0032470259
15.89500,8.636982,13.554171,18.931155,8.636386,13.552046,18.933497,0.0032177309
15.90000,8.884716,13.875316,19.277259,8.884043,13.873075,19.279432,0.0031929974
15.90500,9.135874,14.189776,19.650004,9.135121,14.187422,19.651995,0.0031735292
15.91000,9.389914,14.495582,20.049697,9.389081,14.493120,20.051495,0.0031600219
15.91500,9.646223,14.790619,20.476490,9.645308,14.788056,20.478081,0.0031531343
15.92000,9.904110,15.072639,20.930350,9.903112,15.069981,20.931723,0.0031534560
15.92500,10.162806,15.339268,21.411041,10.161725,15.336525,21.412182,0.0031614738
15.93000,10.421460,15.588026,21.918091,10.420296,15.585209,21.918988,0.0031775372
15.93500,10.679138,15.816343,22.450770,10.677892,15.813465,22.451412,0.0032018289
15.94000,10.934829,16.021588,23.008066,10.933502,16.018663,23.008442,0.0032343400
15.94500,11.187437,16.201097,23.588663,11.186031,16.198141,23.588763,0.0032748549
15.95000,11.435792,16.352211,24.190920,11.434310,16.349242,24.190736,0.0033229457
15.95500,11.678653,16.472314,24.812859,11.677099,16.469352,24.812383,0.0033779770
15.96000,11.914712,16.558881,25.452154,11.913090,16.555948,25.451381,0.0034391213
15.96500,12.142607,16.609526,26.106127,12.140922,16.606646,26.105054,0.0035053825
15.97000,12.360928,16.622057,26.771755,12.359187,16.619252,26.770382,0.0035756255
15.97500,12.568235,16.594526,27.445681,12.566444,16.591822,27.444010,0.0036486113
15.98000,12.763070,16.525287,28.124237,12.761237,16.522710,28.122273,0.0037230337
15.98500,12.943972,16.413051,28.803477,12.942107,16.410626,28.801228,0.0037975569
15.99000,13.109502,16.256933,29.479216,13.107614,16.254685,29.476693,0.0038708531
15.99500,13.258256,16.056499,30.147086,13.256355,16.054454,30.144303,0.0039416378
16.00000,13.388890,15.811805,30.802593,13.386988,15.809987,30.799569,0.0040087032
16.00500,13.500142,15.523424,31.441190,13.498250,15.521855,31.437945,0.0040709478
16.01000,13.590851,15.192465,32.058347,13.588981,15.191165,32.054905,0.0041274032
16.01500,13.659981,14.820575,32.649633,13.658145,14.819562,32.646020,0.0041772561
16.02000,13.706639,14.409934,33.210798,13.704851,14.409222,33.207043,0.0042198658
16.02500,13.730095,13.963228,33.737849,13.728368,13.962829,33.733982,0.0042547764
16.03000,13.729799,13.483616,34.227130,13.728144,13.483537,34.223182,0.0042817232
16.03500,13.705390,12.974677,34.675389,13.703820,12.974922,34.671392,0.0043006344
16.04000,13.656709,12.440346,35.079837,13.655236,12.440916,35.075825,0.0043116251
16.04500,13.583805,11.884848,35.438199,13.582439,11.885739,35.434204,0.0043149870
16.05000,13.486934,11.312610,35.748751,13.485686,11.313814,35.744804,0.0043111722
16.05500,13.366561,10.728182,36.010334,13.365440,10.729688,36.006464,0.0043007721
16.06000,13.223350,10.136148,36.222365,13.222364,10.137943,36.218602,0.0042844921
16.06500,13.058156,9.541043,36.384829,13.057313,9.543110,36.381196,0.0042631238
16.07000,12.872011,8.947272,36.498250,12.871315,8.949591,36.494771,0.0042375153
16.07500,12.666104,8.359034,36.563660,12.665562,8.361584,36.560356,0.0042085403
16.08000,12.441769,7.780259,36.582551,12.441382,7.783017,36.579438,0.0041770689
16.08500,12.200455,7.214554,36.556821,12.200226,7.217496,36.553911,0.0041439399
16.09000,11.943708,6.665159,36.488709,11.943638,6.668261,36.486014,0.0041099364
16.09500,11.673150,6.134916,36.380736,11.673238,6.138154,36.378263,0.0040757659
16.10000,11.390447,5.626253,36.235634,11.390692,5.629604,36.233388,0.0040420449
16.10500,11.097298,5.141176,36.056287,11.097696,5.144617,36.054269,0.0040092893
16.11000,10.795401,4.681271,35.845663,10.795950,4.684781,35.843873,0.0039779093
16.11500,10.486442,4.247720,35.606764,10.487136,4.251277,35.605198,0.0039482107
16.12000,10.172072,3.841319,35.342570,10.172907,3.844905,35.341223,0.0039203995
16.12500,9.853890,3.462505,35.055995,9.854860,3.466103,35.054860,0.0038945912
16.13000,9.533433,3.111390,34.749852,9.534531,3.114984,34.748923,0.0038708222
16.13500,9.212158,2.787793,34.426823,9.213377,2.791370,34.426090,0.0038490636
16.14000,8.891439,2.491279,34.089434,8.892772,2.494827,34.088887,0.0038292354
16.14500,8.572552,2.221191,33.740037,8.573993,2.224700,33.739667,0.0038112209
16.15000,8.256679,1.976693,33.380805,8.258219,1.980155,33.380601,0.0037948799
16.15500,7.944896,1.756799,33.013721,7.946528,1.760208,33.013673,0.0037800614
16.16000,7.638177,1.560407,32.640582,7.639894,1.563758,32.640680,0.0037666137
16.16500,7.337392,1.386332,32.262999,7.339188,1.389621,32.263232,0.0037543931
16.17000,7.043310,1.233329,31.882405,7.045177,1.236553,31.882763,0.0037432707
16.17500,6.756601,1.100119,31.500063,6.758532,1.103278,31.500536,0.0037331372
16.18000,6.477838,0.985412,31.117077,6.479828,0.988505,31.117656,0.0037239061
16.18500,6.207504,0.887920,30.734403,6.209547,0.890949,30.735081,0.0037155156
16.19000,5.945998,0.806377,30.352863,5.948087,0.809343,30.353631,0.0037079290
16.19500,5.693635,0.739550,29.973154,5.695765,0.742455,29.974005,0.0037011344
16.20000,5.450658,0.686248,29.595864,5.452825,0.689095,29.596791,0.0036951435
16.20500,5.217241,0.645331,29.221484,5.219439,0.648123,29.222480,0.0036899898
16.21000,4.993494,0.615716,28.850414,4.995720,0.618456,28.851475,0.0036857266
16.21500,4.779472,0.596378,28.482982,4.781722,0.599070,28.484101,0.0036824248
16.22000,4.575178,0.586359,28.119449,4.577448,0.589007,28.120621,0.0036801703
16.22500,4.380569,0.584762,27.760017,4.382857,0.587371,27.761239,0.0036790617
16.23000,4.195564,0.590758,27.404842,4.197866,0.593332,27.406110,0.0036792083
16.23500,4.020044,0.603580,27.054038,4.022359,0.606124,27.055349,0.0036807275
16.24000,3.853864,0.622526,26.707687,3.856189,0.625044,26.709036,0.0036837428
16.24500,3.696849,0.646955,26.365838,3.699184,0.649452,26.367224,0.0036883825
16.25000,3.548806,0.676285,26.028521,3.551148,0.678765,26.029941,0.0036947778
16.25500,3.409524,0.709990,25.695744,3.411872,0.712458,25.697197,0.0037030612
16.26000,3.278776,0.747601,25.367504,3.281130,0.750061,25.368986,0.0037133660
16.26500,3.156326,0.788696,25.043782,3.158685,0.791153,25.045294,0.0037258247
16.27000,3.041931,0.832906,24.724554,3.044294,0.835363,24.726092,0.0037405686
16.27500,2.935340,0.879903,24.409786,2.937708,0.882365,24.411350,0.0037577274
16.28000,2.836303,0.929404,24.099441,2.838676,0.931876,24.101031,0.0037774285
16.28500,2.744566,0.981165,23.793481,2.746944,0.983650,23.795096,0.0037997969
16.29000,2.659879,1.034980,23.491863,2.662263,1.037482,23.493502,0.0038249555
16.29500,2.581994,1.090674,23.194547,2.584384,1.093198,23.196209,0.0038530244
16.30000,2.510667,1.148107,22.901490,2.513064,1.150657,22.903175,0.0038841219
16.30500,2.445660,1.207167,22.612652,2.448065,1.209745,22.614361,0.0039183644
16.31000,2.386742,1.267768,22.327997,2.389157,1.270379,22.329729,0.0039558665
16.31500,2.333689,1.329849,22.047486,2.336115,1.332497,22.049242,0.0039967420
16.32000,2.286288,1.393373,21.771087,2.288725,1.396061,21.772867,0.0040411039
16.32500,2.244331,1.458324,21.498771,2.246781,1.461056,21.500574,0.0040890649
16.33000,2.207623,1.524703,21.230508,2.210089,1.527483,21.232337,0.0041407384
16.33500,2.175979,1.592531,20.966276,2.178461,1.595362,20.968130,0.0041962386
16.34000,2.149222,1.661845,20.706054,2.151722,1.664730,20.707935,0.0042556810
16.34500,2.127188,1.732696,20.449826,2.129708,1.735639,20.451734,0.0043191836
16.35000,2.109723,1.805148,20.197580,2.112266,1.808154,20.199516,0.0043868664
16.35500,2.096685,1.879282,19.949306,2.099251,1.882353,19.951271,0.0044588530
16.36000,2.087941,1.955185,19.705000,2.090534,1.958325,19.706996,0.0045352704
16.36500,2.083371,2.032960,19.464663,2.085992,2.036173,19.466692,0.0046162497
16.37000,2.082865,2.112717,19.228299,2.085517,2.116006,19.230361,0.0047019266
16.37500,2.086325,2.194577,18.995917,2.089010,2.197947,18.998016,0.0047924418
16.38000,2.093663,2.278670,18.767533,2.096383,2.282124,18.769669,0.0048879413
16.38500,2.104802,2.365135,18.543165,2.107560,2.368676,18.545341,0.0049885768
16.39000,2.119676,2.454117,18.322839,2.122475,2.457750,18.325057,0.0050945063
16.39500,2.138229,2.545771,18.106587,2.141071,2.549500,18.108849,0.0052058937
16.40000,2.160417,2.640258,17.894445,2.163304,2.644087,17.896755,0.0053229100
16.40500,2.186203,2.737747,17.686458,2.189139,2.741680,17.688818,0.0054457325
16.41000,2.215564,2.838415,17.482677,2.218552,2.842456,17.485090,0.0055745458
16.41500,2.248485,2.942443,17.283161,2.251527,2.946596,17.285631,0.0057095413
16.42000,2.284960,3.050021,17.087977,2.288059,3.054291,17.090507,0.0058509178
16.42500,2.324994,3.161345,16.897200,2.328153,3.165735,16.899795,0.0059988810
16.43000,2.368602,3.276616,16.710916,2.371823,3.281132,16.713579,0.0061536437
16.43500,2.415805,3.396043,16.529219,2.419093,3.400688,16.531956,0.0063154260
16.44000,2.466638,3.519840,16.352216,2.469995,3.524620,16.355030,0.0064844543
16.44500,2.521141,3.648227,16.180023,2.524571,3.653147,16.182921,0.0066609620
16.45000,2.579365,3.781432,16.012771,2.582871,3.786495,16.015758,0.0068451886
16.45500,2.641369,3.919685,15.850603,2.644955,3.924898,15.853685,0.0070373791
16.46000,2.707220,4.063225,15.693677,2.710889,4.068591,15.696860,0.0072377843
16.46500,2.776996,4.212294,15.542166,2.780752,4.217818,15.545457,0.0074466590
16.47000,2.850780,4.367139,15.396260,2.854625,4.372826,15.399668,0.0076642622
16.47500,2.928664,4.528012,15.256169,2.932604,4.533867,15.259700,0.0078908555
16.48000,3.010749,4.695169,15.122119,3.014786,4.701196,15.125782,0.0081267024
16.48500,3.097143,4.868868,14.994359,3.101282,4.875072,14.998164,0.0083720668
16.49000,3.187961,5.049371,14.873159,3.192205,5.055756,14.877115,0.0086272114
16.49500,3.283326,5.236941,14.758815,3.287679,5.243511,14.762933,0.0088923962
16.50000,3.383367,5.431841,14.651648,3.387833,5.438601,14.655939,0.0091678762
16.50500,3.488220,5.634333,14.552005,3.492802,5.641287,14.556480,0.0094538996
16.51000,3.598027,5.844679,14.460263,3.602729,5.851829,14.464936,0.0097507045
16.51500,3.712935,6.063134,14.376832,3.717762,6.070485,14.381716,0.0100585164
16.52000,3.833098,6.289949,14.302155,3.838053,6.297502,14.307263,0.0103775448
16.52500,3.958673,6.525366,14.236707,3.963760,6.533123,14.242056,0.0107079793
16.53000,4.089822,6.769614,14.181005,4.095044,6.777577,14.186611,0.0110499855
16.53500,4.226708,7.022911,14.135604,4.232069,7.031081,14.141483,0.0114037001
16.54000,4.369498,7.285455,14.101100,4.375001,7.293831,14.107271,0.0117692257
16.54500,4.518359,7.557424,14.078133,4.524007,7.566004,14.084616,0.0121466253
16.55000,4.673460,7.838967,14.067391,4.679256,7.847749,14.074205,0.0125359151
16.55500,4.834965,8.130203,14.069607,4.840911,8.139183,14.076773,0.0129370583
16.56000,5.003037,8.431215,14.085563,5.009136,8.440388,14.093105,0.0133499569
16.56500,5.177834,8.742040,14.116095,5.184088,8.751399,14.124034,0.0137744433
16.57000,5.359507,9.062666,14.162086,5.365916,9.072202,14.170448,0.0142102715
16.57500,5.548195,9.393023,14.224474,5.554762,9.402724,14.233284,0.0146571071
16.58000,5.744030,9.732971,14.304248,5.750753,9.742824,14.313531,0.0151145175
16.58500,5.947125,10.082296,14.402448,5.954004,10.092284,14.412230,0.0155819603
16.59000,6.157576,10.440695,14.520161,6.164609,10.450800,14.530471,0.0160587727
16.59500,6.375458,10.807769,14.658523,6.382643,10.817968,14.669388,0.0165441593
16.60000,6.600819,11.183008,14.818710,6.608153,11.193275,14.830158,0.0170371806
16.60500,6.833677,11.565780,15.001937,6.841156,11.576085,15.013996,0.0175367412
16.61000,7.074017,11.955316,15.209445,7.081634,11.965626,15.222141,0.0180415781
16.61500,7.321781,12.350701,15.442496,7.329528,12.360977,15.455856,0.0185502507
16.62000,7.576866,12.750854,15.702359,7.584735,12.761053,15.716409,0.0190611308
16.62500,7.839119,13.154518,15.990300,7.847099,13.164592,16.005062,0.0195723947
16.63000,8.108325,13.560248,16.307558,8.116403,13.570144,16.323053,0.0200820182
16.63500,8.384207,13.966392,16.655331,8.392368,13.976052,16.671577,0.0205877735
16.64000,8.666414,14.371086,17.034750,8.674641,14.380446,17.051761,0.0210872308
16.64500,8.954517,14.772240,17.446856,8.962790,14.781231,17.464642,0.0215777640
16.65000,9.247999,15.167534,17.892566,9.256297,15.176081,17.911128,0.0220565620
16.65500,9.546251,15.554408,18.372639,9.554548,15.562433,18.391976,0.0225206467
16.66000,9.848560,15.930071,18.887645,9.856830,15.937488,18.907747,0.0229668986
16.66500,10.154110,16.291498,19.437920,10.162322,16.298219,19.458767,0.0233920899
16.67000,10.461969,16.635443,20.023528,10.470089,16.641376,20.045091,0.0237929278
16.67500,10.771088,16.958459,20.644212,10.779080,16.963510,20.666452,0.0241661063
16.68000,11.080296,17.256922,21.299355,11.088120,17.260995,21.322221,0.0245083689
16.68500,11.388299,17.527065,21.987934,11.395914,17.530065,22.011362,0.0248165804
16.69000,11.693680,17.765023,22.708475,11.701042,17.766855,22.732389,0.0250878073
16.69500,11.994901,17.966883,23.459022,12.001962,17.967458,23.483330,0.0253194062
16.70000,12.290308,18.128752,24.237096,12.297021,18.127984,24.261694,0.0255091175
16.70500,12.578141,18.246823,25.039680,12.584454,18.244636,25.064450,0.0256551608
16.71000,12.856543,18.317462,25.863197,12.862405,18.313790,25.888007,0.0257563288
16.71500,13.123575,18.337294,26.703517,13.128935,18.332082,26.728223,0.0258120742
16.72000,13.377240,18.303294,27.555966,13.382045,18.296505,27.580412,0.0258225841
16.72500,13.615497,18.212886,28.415357,13.619698,18.204498,28.439379,0.0257888354
16.73000,13.836295,18.064034,29.276044,13.839842,18.054046,29.299470,0.0257126246
16.73500,14.037598,17.855335,30.131983,14.040446,17.843767,30.154638,0.0255965656
16.74000,14.217417,17.586097,30.976825,14.219524,17.572991,30.998532,0.0254440490
16.74500,14.373847,17.256412,31.804015,14.375176,17.241834,31.824600,0.0252591608
16.75000,14.505100,16.867200,32.606913,14.505619,16.851238,32.626208,0.0250465569
16.75500,14.609541,16.420242,33.378924,14.609224,16.403008,33.396770,0.0248112964
16.76000,14.685723,15.918188,34.113638,14.684552,15.899815,34.129891,0.0245586394
16.76500,14.732418,15.364531,34.804967,14.730384,15.345171,34.819501,0.0242938183
16.77000,14.748653,14.763564,35.447287,14.745752,14.743387,35.459996,0.0240217985
16.77500,14.733724,14.120305,36.035564,14.729965,14.099493,36.046365,0.0237470444
16.78000,14.687226,13.440398,36.565469,14.682623,13.419143,36.574302,0.0234733114
16.78500,14.609060,12.729994,37.033470,14.603639,12.708493,37.040304,0.0232034805
16.79000,14.499444,11.995616,37.436904,14.493236,11.974067,37.441734,0.0229394537
16.79500,14.358906,11.244012,37.774020,14.351953,11.222610,37.776867,0.0226821170
16.80000,14.188283,10.482005,38.043993,14.180633,10.460939,38.044901,0.0224313765
16.80500,13.988701,9.716345,38.246908,13.980408,9.695789,38.245948,0.0221862602
16.81000,13.761555,8.953561,38.383724,13.752680,8.933678,38.380985,0.0219450745
16.81500,13.508485,8.199840,38.456206,13.499093,8.180776,38.451795,0.0217055979
16.82000,13.231339,7.460912,38.466839,13.221498,7.442791,38.460878,0.0214652928
16.82500,12.932143,6.741957,38.418730,12.921924,6.724885,38.411351,0.0212215148
16.83000,12.613062,6.047542,38.315498,12.602535,6.031602,38.306841,0.0209717054
16.83500,12.276360,5.381570,38.161155,12.265599,5.366827,38.151363,0.0207135541
16.84000,11.924366,4.747266,37.959994,11.913441,4.733762,37.949210,0.0204451232
16.84500,11.559436,4.147165,37.716474,11.548416,4.134924,37.704841,0.0201649336
16.85000,11.183917,3.583140,37.435119,11.172869,3.572167,37.422773,0.0198720117
16.85500,10.800119,3.056429,37.120425,10.789105,3.046715,37.107496,0.0195659019
16.86000,10.410282,2.567684,36.776776,10.399363,2.559203,36.763387,0.0192466509
16.86500,10.016559,2.117022,36.408382,10.005788,2.109740,36.394645,0.0189147695
16.87000,9.620989,1.704094,36.019223,9.610416,1.697963,36.005239,0.0185711795
16.87500,9.225485,1.328139,35.613009,9.215156,1.323107,35.598872,0.0182171504
16.88000,8.831821,0.988058,35.193157,8.821777,0.984065,35.178946,0.0178542317
16.88500,8.441626,0.682472,34.762771,8.431900,0.679455,34.748557,0.0174841852
16.89000,8.056372,0.409782,34.324638,8.046997,0.407675,34.310483,0.0171089191
16.89500,7.677381,0.168229,33.881234,7.668381,0.166964,33.867187,0.0167304276
16.90000,7.305821,-0.044064,33.434728,7.297217,-0.044552,33.420832,0.0163507362
16.90500,6.942707,-0.229037,32.987003,6.934518,-0.228814,32.973292,0.0159718541
16.91000,6.588913,-0.388666,32.539667,6.581150,-0.387796,32.526169,0.0155957335
16.91500,6.245171,-0.524919,32.094084,6.237844,-0.523463,32.080818,0.0152242363
16.92000,5.912084,-0.639739,31.651386,5.905198,-0.637755,31.638369,0.0148591072
16.92500,5.590129,-0.735014,31.212503,5.583688,-0.732557,31.199745,0.0145019533
16.93000,5.279673,-0.812566,30.778186,5.273676,-0.809686,30.765692,0.0141542287
16.93500,4.980976,-0.874132,30.349023,4.975421,-0.870877,30.336798,0.0138172250
16.94000,4.694202,-0.921362,29.925468,4.689086,-0.917774,29.913510,0.0134920656
16.94500,4.419432,-0.955804,29.507853,4.414747,-0.951924,29.496161,0.0131797042
16.95000,4.156667,-0.978908,29.096413,4.152407,-0.974772,29.084983,0.0128809271
16.95500,3.905842,-0.992021,28.691296,3.901997,-0.987660,28.680122,0.0125963575
16.96000,3.666830,-0.996387,28.292581,3.663390,-0.991830,28.281657,0.0123264636
16.96500,3.439453,-0.993151,27.900291,3.436407,-0.988424,27.889609,0.0120715676
16.97000,3.223488,-0.983359,27.514400,3.220825,-0.978485,27.503953,0.0118318576
16.97500,3.018676,-0.967967,27.134850,3.016383,-0.962964,27.124629,0.0116074003
16.98000,2.824722,-0.947837,26.761551,2.822788,-0.942724,26.751550,0.0113981549
16.98500,2.641310,-0.923752,26.394395,2.639722,-0.918542,26.384604,0.0112039877
16.99000,2.468100,-0.896412,26.033258,2.466846,-0.891117,26.023670,0.0110246874
16.99500,2.304738,-0.866444,25.678004,2.303806,-0.861074,25.668611,0.0108599801
17.00000,2.150858,-0.834407,25.328494,2.150235,-0.828970,25.319288,0.0107095443
17.00500,2.006086,-0.800794,24.984583,2.005760,-0.795297,24.975557,0.0105730253
17.01000,1.870044,-0.766043,24.646126,1.870003,-0.760489,24.637274,0.0104500485
17.01500,1.742351,-0.730534,24.312980,1.742584,-0.724927,24.304295,0.0103402328
17.02000,1.622629,-0.694600,23.985005,1.623126,-0.688942,23.976481,0.0102432014
17.02500,1.510504,-0.658528,23.662064,1.511253,-0.652819,23.653695,0.0101585923
17.03000,1.405604,-0.622566,23.344027,1.406597,-0.616805,23.335807,0.0100860670
17.03500,1.307567,-0.586922,23.030765,1.308794,-0.581109,23.022690,0.0100253186
17.04000,1.216038,-0.551774,22.722159,1.217490,-0.545905,22.714224,0.0099760770
17.04500,1.130672,-0.517268,22.418094,1.132341,-0.511340,22.410294,0.0099381148
17.05000,1.051135,-0.483524,22.118459,1.053012,-0.477533,22.110790,0.0099112502
17.05500,0.977101,-0.450638,21.823152,0.979181,-0.444579,21.815610,0.0098953499
17.06000,0.908259,-0.418685,21.532073,0.910534,-0.412552,21.524656,0.0098903308
17.06500,0.844308,-0.387722,21.245130,0.846774,-0.381509,21.237833,0.0098961600
17.07000,0.784962,-0.357787,20.962234,0.787612,-0.351487,20.955054,0.0099128554
17.07500,0.729944,-0.328906,20.683302,0.732775,-0.322513,20.676236,0.0099404849
17.08000,0.678991,-0.301093,20.408253,0.681998,-0.294598,20.401299,0.0099791645
17.08500,0.631854,-0.274347,20.137013,0.635034,-0.267743,20.130168,0.0100290577
17.09000,0.588294,-0.248662,19.869509,0.591644,-0.241940,19.862771,0.0100903728
17.09500,0.548085,-0.224023,19.605674,0.551602,-0.217173,19.599040,0.0101633613
17.10000,0.511014,-0.200406,19.345442,0.514697,-0.193420,19.338911,0.0102483153
17.10500,0.476878,-0.177783,19.088751,0.480726,-0.170650,19.082320,0.0103455658
17.11000,0.445486,-0.156120,18.835541,0.449498,-0.148832,18.829209,0.0104554802
17.11500,0.416659,-0.135382,18.585756,0.420835,-0.127926,18.579520,0.0105784605
17.12000,0.390227,-0.115527,18.339339,0.394567,-0.107894,18.333199,0.0107149411
17.12500,0.366032,-0.096514,18.096239,0.370537,-0.088691,18.090192,0.0108653878
17.13000,0.343925,-0.078296,17.856403,0.348597,-0.070272,17.850448,0.0110302959
17.13500,0.323765,-0.060829,17.619782,0.328606,-0.052591,17.613919,0.0112101892
17.14000,0.305423,-0.044065,17.386329,0.310435,-0.035601,17.380555,0.0114056196
17.14500,0.288777,-0.027956,17.155997,0.293963,-0.019253,17.150312,0.0116171665
17.15000,0.273713,-0.012454,16.928740,0.279077,-0.003498,16.923142,0.0118454365
17.15500,0.260127,0.002488,16.704515,0.265672,0.011711,16.699004,0.0120910641
17.16000,0.247918,0.016920,16.483279,0.253650,0.026424,16.477853,0.0123547121
17.16500,0.236997,0.030887,16.264989,0.242920,0.040689,16.259647,0.0126370726
17.17000,0.227280,0.044438,16.049606,0.233400,0.054553,16.044347,0.0129388686
17.17500,0.218688,0.057619,15.837088,0.225011,0.068064,15.831912,0.0132608552
17.18000,0.211150,0.070476,15.627396,0.217682,0.081267,15.622303,0.0136038218
17.18500,0.204600,0.083054,15.420493,0.211349,0.094210,15.415482,0.0139685945
17.19000,0.198976,0.095398,15.216341,0.205949,0.106937,15.211411,0.0143560383
17.19500,0.194224,0.107551,15.014902,0.201430,0.119494,15.010052,0.0147670599
17.20000,0.190293,0.119557,14.816140,0.197740,0.131923,14.811371,0.0152026108
17.20500,0.187136,0.131457,14.620020,0.194834,0.144268,14.615332,0.0156636906
17.21000,0.184712,0.143295,14.426508,0.192670,0.156572,14.421899,0.0161513500
17.21500,0.182982,0.155110,14.235567,0.191212,0.168877,14.231038,0.0166666947
17.22000,0.181914,0.166944,14.047165,0.190426,0.181225,14.042716,0.0172108893
17.22500,0.181476,0.178836,13.861269,0.190283,0.193657,13.856900,0.0177851607
17.23000,0.181641,0.190827,13.677845,0.190755,0.206214,13.673556,0.0183908028
17.23500,0.182387,0.202956,13.496862,0.191821,0.218937,13.492654,0.0190291803
17.24000,0.183692,0.215262,13.318288,0.193461,0.231866,13.314162,0.0197017336
17.24500,0.185539,0.227785,13.142093,0.195657,0.245043,13.138048,0.0204099831
17.25000,0.187912,0.240565,12.968245,0.198395,0.258508,12.964283,0.0211555342
17.25500,0.190800,0.253639,12.796715,0.201665,0.272302,12.792837,0.0219400823
17.26000,0.194193,0.267049,12.627474,0.205456,0.286466,12.623681,0.0227654179
17.26500,0.198084,0.280835,12.460492,0.209764,0.301043,12.456785,0.0236334324
17.27000,0.202467,0.295036,12.295741,0.214583,0.316074,12.292122,0.0245461235
17.27500,0.207340,0.309694,12.133193,0.219913,0.331603,12.129664,0.0255056013
17.28000,0.212703,0.324851,11.972822,0.225753,0.347674,11.969384,0.0265140946
17.28500,0.218556,0.340550,11.814600,0.232106,0.364331,11.811257,0.0275739574
17.29000,0.224904,0.356835,11.658502,0.238977,0.381621,11.655255,0.0286876756
17.29500,0.231751,0.373750,11.504501,0.246373,0.399591,11.501354,0.0298578746
17.30000,0.239106,0.391341,11.352573,0.254302,0.418290,11.349528,0.0310873266
17.30500,0.246978,0.409657,11.202693,0.262776,0.437768,11.199755,0.0323789588
17.31000,0.255378,0.428747,11.054838,0.271806,0.458077,11.052011,0.0337358613
17.31500,0.264320,0.448661,10.908985,0.281408,0.479271,10.906273,0.0351612966
17.32000,0.273818,0.469453,10.765111,0.291598,0.501406,10.762518,0.0366587085
17.32500,0.283889,0.491178,10.623194,0.302395,0.524541,10.620727,0.0382317321
17.33000,0.294553,0.513892,10.483213,0.313820,0.548736,10.480879,0.0398842039
17.33500,0.305830,0.537655,10.345148,0.325895,0.574054,10.342953,0.0416201729
17.34000,0.317744,0.562530,10.208980,0.338645,0.600561,10.206931,0.0434439122
17.34500,0.330318,0.588582,10.074690,0.352096,0.628327,10.072796,0.0453599307
17.35000,0.343579,0.615878,9.942260,0.366278,0.657423,9.940530,0.0473729864
17.35500,0.357558,0.644490,9.811674,0.381221,0.687926,9.810118,0.0494880994
17.36000,0.372283,0.674493,9.682915,0.396960,0.719915,9.681545,0.0517105664
17.36500,0.387790,0.705964,9.555969,0.413529,0.753472,9.554797,0.0540459756
17.37000,0.404113,0.738985,9.430823,0.430967,0.788686,9.429862,0.0565002224
17.37500,0.421290,0.773644,9.307463,0.449315,0.825648,9.306730,0.0590795262
17.38000,0.439362,0.810029,9.185879,0.468615,0.864454,9.185390,0.0617904477
17.38500,0.458372,0.848238,9.066062,0.488915,0.905206,9.065834,0.0646399074
17.39000,0.478364,0.888369,8.948003,0.510261,0.948011,8.948058,0.0676352050
17.39500,0.499389,0.930528,8.831697,0.532707,0.992979,8.832056,0.0707840400
17.40000,0.521496,0.974826,8.717137,0.556307,1.040230,8.717826,0.0740945328
17.40500,0.544740,1.021379,8.604323,0.581119,1.089887,8.605368,0.0775752477
17.41000,0.569180,1.070310,8.493253,0.607205,1.142082,8.494684,0.0812352162
17.41500,0.594874,1.121749,8.383929,0.634629,1.196951,8.385780,0.0850839621
17.42000,0.621889,1.175830,8.276356,0.663461,1.254640,8.278663,0.0891315276
17.42500,0.650292,1.232698,8.170542,0.693772,1.315300,8.173344,0.0933885004
17.43000,0.680154,1.292504,8.066495,0.725640,1.379093,8.069837,0.0978660427
17.43500,0.711553,1.355406,7.964231,0.759145,1.446188,7.968162,0.1025759206
17.44000,0.744567,1.421572,7.863767,0.794373,1.516763,7.868340,0.1075305358
17.44500,0.779282,1.491179,7.765123,0.831415,1.591005,7.770398,0.1127429580
17.45000,0.815787,1.564411,7.668327,0.870365,1.669112,7.674369,0.1182269587
17.45500,0.854177,1.641465,7.573408,0.911324,1.751292,7.580289,0.1239970466
17.46000,0.894550,1.722546,7.480403,0.954398,1.837764,7.488203,0.1300685041
17.46500,0.937012,1.807872,7.389355,0.999699,1.928758,7.398161,0.1364574249
17.47000,0.981674,1.897670,7.300311,1.047344,2.024516,7.310221,0.1431807534
17.47500,1.028652,1.992180,7.213329,1.097459,2.125293,7.224449,0.1502563242
17.48000,1.078069,2.091657,7.128471,1.150173,2.231357,7.140920,0.1577029038
17.48500,1.130055,2.196364,7.045811,1.205624,2.342991,7.059719,0.1655402319
17.49000,1.184747,2.306582,6.965432,1.263959,2.460490,6.980943,0.1737890645
17.49500,1.242288,2.422605,6.887427,1.325330,2.584165,6.904699,0.1824712161
17.50000,1.302830,2.544741,6.811900,1.389897,2.714342,6.831109,0.1916096031
17.50500,1.366533,2.673313,6.738971,1.457832,2.851364,6.760311,0.2012282860
17.51000,1.433566,2.808663,6.668773,1.529312,2.995590,6.692456,0.2113525114
17.51500,1.504104,2.951145,6.601454,1.604524,3.147395,6.627717,0.2220087519
17.52000,1.578333,3.101135,6.537181,1.683666,3.307173,6.566285,0.2332247446
17.52500,1.656451,3.259022,6.476141,1.766945,3.475335,6.508373,0.2450295261
17.53000,1.738661,3.425216,6.418541,1.854579,3.652311,6.454219,0.2574534640
17.53500,1.825180,3.600144,6.364614,1.946797,3.838548,6.404089,0.2705282827
17.54000,1.916234,3.784251,6.314618,2.043836,4.034513,6.358276,0.2842870835
17.54500,2.012063,3.978002,6.268841,2.145950,4.240689,6.317109,0.2987643557
17.55000,2.112913,4.181879,6.227601,2.253400,4.457580,6.280950,0.3139959781
17.55500,2.219048,4.396385,6.191256,2.366462,4.685707,6.250205,0.3300192081
17.56000,2.330740,4.622038,6.160197,2.485422,4.925606,6.225321,0.3468726557
17.56500,2.448275,4.859375,6.134865,2.610582,5.177830,6.206793,0.3645962396
17.57000,2.571952,5.108950,6.115742,2.742253,5.442948,6.195170,0.3832311214
17.57500,2.702081,5.371330,6.103366,2.880762,5.721540,6.191060,0.4028196150
17.58000,2.838987,5.647097,6.098331,3.026446,6.014194,6.195134,0.4234050645
17.58500,2.983007,5.936844,6.101294,3.179656,6.321510,6.208132,0.4450316872
17.59000,3.134489,6.241170,6.112980,3.340754,6.644086,6.230872,0.4677443748
17.59500,3.293797,6.560680,6.134190,3.510116,6.982521,6.264253,0.4915884451
17.60000,3.461304,6.895979,6.165806,3.688125,7.337406,6.309265,0.5166093384
17.60500,3.637395,7.247666,6.208799,3.875177,7.709317,6.366998,0.5428522478
17.61000,3.822465,7.616328,6.264237,4.071674,8.098809,6.438645,0.5703616746
17.61500,4.016917,8.002529,6.333293,4.278028,8.506405,6.525514,0.5991808988
17.62000,4.221164,8.406809,6.417253,4.494651,8.932581,6.629036,0.6293513522
17.62500,4.435621,8.829662,6.517522,4.721959,9.377758,6.750771,0.6609118820
17.63000,4.660708,9.271530,6.635637,4.960368,9.842285,6.892420,0.6938978920
17.63500,4.896842,9.732788,6.773272,5.210286,10.326417,7.055827,0.7283403482
17.64000,5.144439,10.213721,6.932247,5.472112,10.830299,7.242992,0.7642646344
17.64500,5.403904,10.714508,7.114535,5.746229,11.353938,7.456073,0.8016892458
17.65000,5.675627,11.235198,7.322265,6.032999,11.897178,7.697388,0.8406243090
17.65500,5.959980,11.775682,7.557735,6.332752,12.459670,7.969421,0.8810699179
17.66000,6.257306,12.335663,7.823402,6.645781,13.040834,8.274819,0.9230142813
17.66500,6.567911,12.914623,8.121893,6.972329,13.639823,8.616384,0.9664316812
17.67000,6.892055,13.511787,8.455994,7.312580,14.255484,8.997069,1.0112802477
17.67500,7.229941,14.126076,8.828643,7.666642,14.886306,9.419953,1.0574995697
17.68000,7.581699,14.756067,9.242917,8.034537,15.530377,9.888228,1.1050081676
17.68500,7.947377,15.399944,9.702007,8.416179,16.185329,10.405158,1.1537008762
17.69000,8.326919,16.055444,10.209192,8.811360,16.848289,10.974044,1.2034462009
17.69500,8.720150,16.719807,10.767797,9.219728,17.515821,11.598164,1.2540837366
17.70000,9.126755,17.389718,11.381143,9.640767,18.183879,12.280713,1.3054217640
17.70500,9.546259,18.061260,12.052483,10.073771,18.847759,13.024716,1.3572351683
17.71000,9.978002,18.729859,12.784920,10.517822,19.502056,13.832933,1.4092638585
17.71500,10.421118,19.390246,13.581321,10.971768,20.140638,14.707748,1.4612118943
17.72000,10.874507,20.036420,14.444199,11.434192,20.756629,15.651037,1.5127475595
17.72500,11.336812,20.661633,15.375590,11.903395,21.342418,16.664023,1.5635046407
17.73000,11.806394,21.258387,16.376907,12.377373,21.889686,17.747121,1.6130851789
17.73500,12.281311,21.818460,17.448787,12.853795,22.389472,18.899766,1.6610639543
17.74000,12.759298,22.332962,18.590920,13.329994,22.832269,20.120243,1.7069949263
17.74500,13.237752,22.792421,19.801877,13.802961,23.208166,21.405518,1.7504197837
17.75000,13.713724,23.186920,21.078933,14.269340,23.507028,22.751078,1.7908786510
17.75500,14.183915,23.506266,22.417910,14.725447,23.718736,24.150798,1.8279228432
17.76000,14.644692,23.740220,23.813024,15.167289,23.833454,25.596841,1.8611293645
17.76500,15.092100,23.878761,25.256786,15.590601,23.841955,27.079609,1.8901166143
17.77000,15.521902,23.912402,26.739928,15.990899,23.735969,28.587752,1.9145605094
17.77500,15.929625,23.832540,28.251406,16.363544,23.508554,30.108262,1.9342099784
17.78000,16.310623,23.631827,29.778466,16.703826,23.154472,31.626638,1.9489005831
17.78500,16.660158,23.304549,31.306803,17.007059,22.670538,33.127151,1.9585648937
17.79000,16.973492,22.846994,32.820798,17.268687,22.055940,34.593196,1.9632382638
17.79500,17.245992,22.257778,34.303859,17.484400,21.312475,36.007726,1.9630588420
17.80000,17.473248,21.538111,35.738840,17.650252,20.444703,37.353744,1.9582610529
17.80500,17.651190,20.691970,37.108535,17.762783,19.459987,38.614855,1.9491623833
17.81000,17.776212,19.726171,38.396217,17.819126,18.368406,39.775814,1.9361440571
17.81500,17.845282,18.650302,39.586202,17.817111,17.182537,40.823069,1.9196270048
17.82000,17.856052,17.476541,40.664405,17.755338,15.917111,41.745241,1.9000452748
17.82500,17.806938,16.219327,41.618836,17.633241,14.588565,42.533523,1.8778195518
17.83000,17.697182,14.894930,42.440034,17.451112,13.214501,43.181960,1.8533336031
17.83500,17.526894,13.520916,43.121370,17.210106,11.813097,43.687603,1.8269161765
17.84000,17.297055,12.115567,43.659235,16.912208,10.402505,44.050519,1.7988301484
17.84500,17.009493,10.697258,44.053080,16.560179,9.000267,44.273660,1.7692696801
17.85000,16.666833,9.283868,44.305312,16.157476,7.622789,44.362619,1.7383649871
17.85500,16.272423,7.892228,44.421067,15.708149,6.284897,44.325273,1.7061933005
17.86000,15.830230,6.537655,44.407874,15.216730,4.999501,44.171364,1.6727938949
17.86500,15.344732,5.233586,44.275233,14.688103,3.777368,43.912028,1.6381847795
17.87000,14.820789,3.991326,44.034153,14.127389,2.627011,43.559327,1.6023788037
17.87500,14.263524,2.819915,43.696670,13.539816,1.554686,43.125783,1.5653974014
17.88000,13.678191,1.726101,43.275373,12.930607,0.564475,42.623967,1.5272808569
17.88500,13.070065,0.714412,42.782978,12.304883,-0.341550,42.066135,1.4880946435
17.89000,12.444331,-0.212694,42.231945,11.667566,-1.163114,41.463932,1.4479319678
17.89500,11.805994,-1.054618,41.634168,11.023318,-1.901488,40.828170,1.4069130592
17.90000,11.159804,-1.812378,41.000734,10.376474,-2.559228,40.168671,1.3651819751
17.90500,10.510197,-2.488336,40.341752,9.731009,-3.139911,39.494175,1.3229017590
17.91000,9.861247,-3.085938,39.666247,9.090511,-3.647881,38.812301,1.2802487355
17.91500,9.216641,-3.609448,38.982115,8.458165,-4.088022,38.129557,1.2374065992
17.92000,8.579665,-4.063718,38.296124,7.836754,-4.465552,37.451383,1.1945607953
17.92500,7.953195,-4.453968,37.613948,7.228666,-4.785853,36.782222,1.1518935242
17.93000,7.339709,-4.785614,36.940241,6.635910,-5.054321,36.125605,1.1095795615
17.93500,6.741297,-5.064112,36.278717,6.060135,-5.276259,35.484253,1.0677829654
17.94000,6.159684,-5.294834,35.632250,5.502655,-5.456782,34.860171,1.0266546571
17.94500,5.596251,-5.482983,35.002978,4.964478,-5.600758,34.254753,0.9863308040
17.95000,5.052066,-5.633515,34.392400,4.446330,-5.712763,33.668878,0.9469319005
17.95500,4.527908,-5.751100,33.801478,3.948689,-5.797051,33.102995,0.9085624288
17.96000,4.024299,-5.840084,33.230728,3.471807,-5.857546,32.557208,0.8713109791
17.96500,3.541532,-5.904480,32.680301,3.015743,-5.897834,32.031343,0.8352507182
17.97000,3.079697,-5.947962,32.150057,2.580386,-5.921175,31.525017,0.8004401089
17.97500,2.638711,-5.973868,31.639634,2.165479,-5.930511,31.037684,0.7669237959
17.98000,2.218338,-5.985216,31.148500,1.770642,-5.928482,30.568687,0.7347335932
17.98500,1.818215,-5.984715,30.676001,1.395390,-5.917450,30.117293,0.7038895205
17.99000,1.437872,-5.974786,30.221403,1.039156,-5.899510,29.682724,0.6744008496
17.99500,1.076750,-5.957583,29.783921,0.701301,-5.876522,29.264182,0.6462671352
18.00000,0.734218,-5.935015,29.362746,0.381135,-5.850122,28.860870,0.6194792116
18.00500,0.409590,-5.908764,28.957069,0.077925,-5.821750,28.472005,0.5940201463
18.01000,0.102133,-5.880308,28.566094,-0.209090,-5.792664,28.096833,0.5698661450
18.01500,-0.188913,-5.850942,28.189050,-0.480695,-5.763962,27.734635,0.5469874090
18.02000,-0.464334,-5.821792,27.825201,-0.737683,-5.736595,27.384731,0.5253489458
18.02500,-0.724926,-5.793839,27.473853,-0.980853,-5.711389,27.046490,0.5049113380
18.03000,-0.971493,-5.767930,27.134357,-1.211002,-5.689053,26.719325,0.4856314743
18.03500,-1.204836,-5.744794,26.806113,-1.428920,-5.670195,26.402698,0.4674632455
18.04000,-1.425752,-5.725059,26.488567,-1.635387,-5.655334,26.096120,0.4503582109
18.04500,-1.635026,-5.709257,26.181216,-1.831167,-5.644912,25.799148,0.4342662351
18.05000,-1.833430,-5.697843,25.883605,-2.017007,-5.639300,25.511386,0.4191360969
18.05500,-2.021716,-5.691198,25.595324,-2.193635,-5.638809,25.232479,0.4049160703
18.06000,-2.200619,-5.689644,25.316009,-2.361756,-5.643700,24.962117,0.3915544746
18.06500,-2.370852,-5.693447,25.045337,-2.522053,-5.654184,24.700029,0.3790001935
18.07000,-2.533104,-5.702826,24.783029,-2.675184,-5.670437,24.445979,0.3672031573
18.07500,-2.688042,-5.717961,24.528840,-2.821785,-5.692598,24.199770,0.3561147886
18.08000,-2.836306,-5.738995,24.282565,-2.962465,-5.720778,23.961235,0.3456884064
18.08500,-2.978512,-5.766042,24.044029,-3.097807,-5.755062,23.730240,0.3358795880
18.09000,-3.115252,-5.799189,23.813091,-3.228372,-5.795514,23.506679,0.3266464873
18.09500,-3.247090,-5.838501,23.589640,-3.354696,-5.842180,23.290474,0.3179501086
18.10000,-3.374569,-5.884025,23.373592,-3.477287,-5.895090,23.081574,0.3097545383
18.10500,-3.498204,-5.935790,23.164890,-3.596634,-5.954261,22.879950,0.3020271345
18.11000,-3.618488,-5.993813,22.963501,-3.713201,-6.019697,22.685597,0.2947386782
18.11500,-3.735889,-6.058097,22.769416,-3.827427,-6.091395,22.498533,0.2878634881
18.12000,-3.850853,-6.128637,22.582648,-3.939733,-6.169342,22.318796,0.2813795026
18.12500,-3.963805,-6.205419,22.403231,-4.050517,-6.253518,22.146443,0.2752683308
18.13000,-4.075145,-6.288419,22.231220,-4.160156,-6.343897,21.981553,0.2695152757
18.13500,-4.185256,-6.377610,22.066689,-4.269007,-6.440444,21.824220,0.2641093298
18.14000,-4.294497,-6.472954,21.909728,-4.377409,-6.543123,21.674557,0.2590431434
18.14500,-4.403212,-6.574412,21.760450,-4.485682,-6.651888,21.532697,0.2543129640
18.15000,-4.511722,-6.681934,21.618980,-4.594128,-6.766689,21.398787,0.2499185437
18.15500,-4.620332,-6.795467,21.485465,-4.703030,-6.887469,21.272991,0.2458630105
18.16000,-4.729328,-6.914951,21.360064,-4.812658,-7.014165,21.155490,0.2421526958
18.16500,-4.838981,-7.040318,21.242956,-4.923262,-7.146705,21.046480,0.2387969125
18.17000,-4.949544,-7.171494,21.134332,-5.035078,-7.285010,20.946175,0.2358076753
18.17500,-5.061252,-7.308393,21.034402,-5.148326,-7.428989,20.854800,0.2331993562
18.18000,-5.174329,-7.450923,20.943388,-5.263210,-7.578543,20.772598,0.2309882686
18.18500,-5.288978,-7.598980,20.861528,-5.379920,-7.733557,20.699826,0.2291921788
18.19000,-5.405390,-7.752445,20.789075,-5.498629,-7.893906,20.636754,0.2278297446
18.19500,-5.523739,-7.911187,20.726293,-5.619498,-8.059445,20.583666,0.2269198894
18.20000,-5.644185,-8.075062,20.673462,-5.742669,-8.230015,20.540858,0.2264811236
18.20500,-5.766872,-8.243902,20.630871,-5.868273,-8.405435,20.508637,0.2265308355
18.21000,-5.891928,-8.417526,20.598823,-5.996421,-8.585503,20.487323,0.2270845746
18.21500,-6.019467,-8.595727,20.577630,-6.127211,-8.769992,20.477242,0.2281553591
18.22000,-6.149584,-8.778275,20.567612,-6.260723,-8.958649,20.478732,0.2297530390
18.22500,-6.282360,-8.964915,20.569098,-6.397022,-9.151192,20.492134,0.2318837415
18.23000,-6.417857,-9.155362,20.582423,-6.536152,-9.347307,20.517795,0.2345494256
18.23500,-6.556122,-9.349300,20.607925,-6.678143,-9.546646,20.556063,0.2377475603
18.24000,-6.697181,-9.546380,20.645943,-6.823002,-9.748823,20.607287,0.2414709322
18.24500,-6.841041,-9.746216,20.696817,-6.970718,-9.953414,20.671812,0.2457075797
18.25000,-6.987691,-9.948384,20.760881,-7.121257,-10.159953,20.749975,0.2504408406
18.25500,-7.137096,-10.152417,20.838463,-7.274565,-10.367930,20.842102,0.2556494941
18.26000,-7.289201,-10.357808,20.929880,-7.430563,-10.576786,20.948508,0.2613079741
18.26500,-7.443926,-10.564002,21.035432,-7.589149,-10.785917,21.069484,0.2673866316
18.27000,-7.601169,-10.770397,21.155402,-7.750193,-10.994667,21.205299,0.2738520234
18.27500,-7.760802,-10.976342,21.290045,-7.913540,-11.202328,21.356191,0.2806672118
18.28000,-7.922667,-11.181138,21.439589,-8.079006,-11.408142,21.522362,0.2877920617
18.28500,-8.086583,-11.384031,21.604224,-8.246377,-11.611296,21.703971,0.2951835293
18.29000,-8.252336,-11.584221,21.784097,-8.415411,-11.810927,21.901129,0.3027959396
18.29500,-8.419685,-11.780854,21.979307,-8.585832,-12.006119,22.113887,0.3105812569
18.30000,-8.588357,-11.973027,22.189897,-8.757332,-12.195908,22.342235,0.3184893512
18.30500,-8.758045,-12.159792,22.415845,-8.929570,-12.379285,22.586090,0.3264682717
18.31000,-8.928413,-12.340154,22.657058,-9.102173,-12.555197,22.845288,0.3344645341
18.31500,-9.099090,-12.513079,22.913365,-9.274731,-12.722555,23.119579,0.3424234328
18.32000,-9.269672,-12.677499,23.184510,-9.446802,-12.880240,23.408616,0.3502893868
18.32500,-9.439722,-12.832314,23.470141,-9.617910,-13.027108,23.711952,0.3580063286
18.33000,-9.608769,-12.976406,23.769806,-9.787547,-13.162002,24.029028,0.3655181413
18.33500,-9.776313,-13.108641,24.082948,-9.955171,-13.283762,24.359171,0.3727691518
18.34000,-9.941819,-13.227885,24.408893,-10.120211,-13.391233,24.701586,0.3797046805
18.34500,-10.104727,-13.333010,24.746853,-10.282069,-13.483283,25.055356,0.3862716488
18.35000,-10.264447,-13.422912,25.095917,-10.440120,-13.558812,25.419434,0.3924192429
18.35500,-10.420365,-13.496520,25.455051,-10.593719,-13.616769,25.792648,0.3980996258
18.36000,-10.571848,-13.552809,25.823095,-10.742201,-13.656168,26.173698,0.4032686908
18.36500,-10.718242,-13.590823,26.198770,-10.884888,-13.676105,26.561161,0.4078868433
18.37000,-10.858882,-13.609683,26.580672,-11.021093,-13.675772,26.953497,0.4119197937
18.37500,-10.993097,-13.608606,26.967288,-11.150126,-13.654473,27.349053,0.4153393444
18.38000,-11.120208,-13.586921,27.356994,-11.271300,-13.611643,27.746080,0.4181241468
18.38500,-11.239545,-13.544082,27.748074,-11.383936,-13.546861,28.142741,0.4202604026
18.39000,-11.350443,-13.479685,28.138726,-11.487375,-13.459865,28.537127,0.4217424827
18.39500,-11.452257,-13.393482,28.527079,-11.580977,-13.350559,28.927275,0.4225734340
18.40000,-11.544362,-13.285389,28.911212,-11.664137,-13.219031,29.311189,0.4227653420
18.40500,-11.626168,-13.155495,29.289172,-11.736284,-13.065553,29.686859,0.4223395213
18.41000,-11.697117,-13.004074,29.658992,-11.796898,-12.890587,30.052287,0.4213265027
18.41500,-11.756701,-12.831584,30.018719,-11.845506,-12.694791,30.405507,0.4197657927
18.42000,-11.804462,-12.638670,30.366432,-11.881700,-12.479008,30.744612,0.4177053829
18.42500,-11.839999,-12.426159,30.700265,-11.905134,-12.244267,31.067776,0.4152009936
18.43000,-11.862977,-12.195061,31.018436,-11.915534,-11.991771,31.373281,0.4123150469
18.43500,-11.873131,-11.946552,31.319263,-11.912705,-11.722885,31.659531,0.4091153717
18.44000,-11.870268,-11.681965,31.601189,-11.896527,-11.439119,31.925083,0.4056736601
18.44500,-11.854276,-11.402775,31.862799,-11.866966,-11.142110,32.168656,0.4020637063
18.45000,-11.825121,-11.110582,32.102841,-11.824072,-10.833602,32.389147,0.3983594781
18.45500,-11.782852,-10.807086,32.320234,-11.767978,-10.515419,32.585647,0.3946330885
18.46000,-11.727602,-10.494069,32.514085,-11.698902,-10.189445,32.757445,0.3909527473
18.46500,-11.659584,-10.173371,32.683694,-11.617146,-9.857597,32.904033,0.3873807907
18.47000,-11.579092,-9.846863,32.828558,-11.523087,-9.521801,33.025108,0.3839718875
18.47500,-11.486497,-9.516425,32.948374,-11.417181,-9.183962,33.120568,0.3807715247
18.48000,-11.382245,-9.183921,33.043035,-11.299951,-8.845950,33.190505,0.3778148637
18.48500,-11.266847,-8.851175,33.112621,-11.171987,-8.509567,33.235199,0.3751260343
18.49000,-11.140879,-8.519954,33.157397,-11.033933,-8.176537,33.255099,0.3727179116
18.49500,-11.004974,-8.191943,33.177793,-10.886487,-7.848480,33.250818,0.3705923800
18.50000,-10.859811,-7.868732,33.174397,-10.730385,-7.526905,33.223108,0.3687410562
18.50500,-10.706113,-7.551800,33.147935,-10.566401,-7.213190,33.172846,0.3671464074
18.51000,-10.544636,-7.242501,33.099258,-10.395334,-6.908581,33.101017,0.3657831764
18.51500,-10.376164,-6.942062,33.029317,-10.218001,-6.614180,33.008692,0.3646200083
18.52000,-10.201495,-6.651570,32.939155,-10.035229,-6.330946,32.897012,0.3636211701
18.52500,-10.021443,-6.371971,32.829879,-9.847849,-6.059691,32.767167,0.3627482598
18.53000,-9.836820,-6.104072,32.702648,-9.656687,-5.801085,32.620382,0.3619618166
18.53500,-9.648437,-5.848539,32.558656,-9.462558,-5.555659,32.457898,0.3612227651
18.54000,-9.457094,-5.605902,32.399115,-9.266260,-5.323808,32.280959,0.3604936457
18.54500,-9.263575,-5.376564,32.225240,-9.068567,-5.105806,32.090798,0.3597396084
18.55000,-9.068643,-5.160801,32.038237,-8.870228,-4.901807,31.888627,0.3589291631
18.55500,-8.873032,-4.958779,31.839293,-8.671958,-4.711857,31.675623,0.3580346969
18.56000,-8.677447,-4.770555,31.629563,-8.474439,-4.535908,31.452926,0.3570327769
18.56500,-8.482560,-4.596093,31.410166,-8.278313,-4.373823,31.221627,0.3559042672
18.57000,-8.289006,-4.435271,31.182175,-8.084184,-4.225391,30.982765,0.3546342898
18.57500,-8.097379,-4.287893,30.946613,-7.892614,-4.090335,30.737327,0.3532120595
18.58000,-7.908235,-4.153697,30.704453,-7.704122,-3.968323,30.486237,0.3516306232
18.58500,-7.722089,-4.032368,30.456608,-7.519186,-3.858977,30.230364,0.3498865316
18.59000,-7.539414,-3.923545,30.203936,-7.338239,-3.761885,29.970517,0.3479794644
18.59500,-7.360639,-3.826831,29.947239,-7.161674,-3.676606,29.707447,0.3459118324
18.60000,-7.186156,-3.741802,29.687261,-6.989842,-3.602681,29.441847,0.3436883708
18.60500,-7.016314,-3.668013,29.424691,-6.823055,-3.539638,29.174357,0.3413157380
18.61000,-6.851423,-3.605007,29.160165,-6.661585,-3.486998,28.905563,0.3388021300
18.61500,-6.691757,-3.552320,28.894268,-6.505669,-3.444284,28.636003,0.3361569185
18.62000,-6.537553,-3.509487,28.627535,-6.355509,-3.411023,28.366166,0.3333903163
18.62500,-6.389013,-3.476047,28.360458,-6.211272,-3.386749,28.096502,0.3305130765
18.63000,-6.246308,-3.451548,28.093484,-6.073098,-3.371013,27.827416,0.3275362239
18.63500,-6.109579,-3.435548,27.827023,-5.941096,-3.363378,27.559280,0.3244708222
18.64000,-5.978938,-3.427621,27.561446,-5.815350,-3.363427,27.292430,0.3213277752
18.64500,-5.854472,-3.427359,27.297094,-5.695919,-3.370763,27.027174,0.3181176611
18.65000,-5.736244,-3.434373,27.034276,-5.582843,-3.385009,26.763790,0.3148505985
18.65500,-5.624295,-3.448293,26.773274,-5.476139,-3.405815,26.502534,0.3115361425
18.66000,-5.518648,-3.468773,26.514346,-5.375808,-3.432849,26.243638,0.3081832079
18.66500,-5.419307,-3.495489,26.257729,-5.281836,-3.465807,25.987315,0.3048000174
18.67000,-5.326260,-3.528140,26.003641,-5.194194,-3.504408,25.733764,0.3013940722
18.67500,-5.239484,-3.566450,25.752281,-5.112842,-3.548394,25.483166,0.2979721438
18.68000,-5.158943,-3.610164,25.503837,-5.037731,-3.597532,25.235691,0.2945402817
18.68500,-5.084590,-3.659051,25.258481,-4.968802,-3.651611,24.991500,0.2911038376
18.69000,-5.016370,-3.712903,25.016378,-4.905989,-3.710443,24.750742,0.2876675026
18.69500,-4.954221,-3.771533,24.777681,-4.849223,-3.773863,24.513561,0.2842353554
18.70000,-4.898078,-3.834777,24.542538,-4.798428,-3.841725,24.280095,0.2808109195
18.70500,-4.847867,-3.902490,24.311090,-4.753526,-3.913904,24.050478,0.2773972287
18.71000,-4.803515,-3.974547,24.083475,-4.714439,-3.990295,23.824840,0.2739968984
18.71500,-4.764944,-4.050843,23.859826,-4.681085,-4.070810,23.603312,0.2706122024
18.72000,-4.732078,-4.131289,23.640277,-4.653384,-4.155379,23.386020,0.2672451529
18.72500,-4.704840,-4.215814,23.424959,-4.631258,-4.243947,23.173093,0.2638975851
18.73000,-4.683151,-4.304363,23.214003,-4.614628,-4.336475,22.964662,0.2605712433
18.73500,-4.666936,-4.396895,23.007543,-4.603418,-4.432938,22.760859,0.2572678700
18.74000,-4.656122,-4.493382,22.805714,-4.597556,-4.533323,22.561818,0.2539892971
18.74500,-4.650639,-4.593810,22.608655,-4.596972,-4.637630,22.367679,0.2507375382
18.75000,-4.650417,-4.698177,22.416506,-4.601600,-4.745868,22.178586,0.2475148838
18.75500,-4.655394,-4.806488,22.229416,-4.611379,-4.858057,21.994687,0.2443239980
18.76000,-4.665507,-4.918762,22.047534,-4.626250,-4.974226,21.816137,0.2411680175
18.76500,-4.680701,-5.035023,21.871020,-4.646159,-5.094409,21.643099,0.2380506524
18.77000,-4.700923,-5.155303,21.700038,-4.671059,-5.218648,21.475740,0.2349762892
18.77500,-4.726124,-5.279640,21.534758,-4.700904,-5.346991,21.314239,0.2319500963
18.78000,-4.756260,-5.408077,21.375361,-4.735655,-5.479487,21.158781,0.2289781298
18.78500,-4.791293,-5.540660,21.222035,-4.775277,-5.616191,21.009561,0.2260674415
18.79000,-4.831186,-5.677439,21.074977,-4.819737,-5.757157,20.866784,0.2232261848
18.79500,-4.875908,-5.818463,20.934394,-4.869010,-5.902440,20.730667,0.2204637198
18.80000,-4.925433,-5.963783,20.800503,-4.923073,-6.052094,20.601434,0.2177907121
18.80500,-4.979736,-6.113448,20.673534,-4.981907,-6.206172,20.479326,0.2152192242
18.81000,-5.038798,-6.267502,20.553724,-5.045495,-6.364721,20.364590,0.2127627939
18.81500,-5.102602,-6.425989,20.441327,-5.113825,-6.527782,20.257491,0.2104364943
18.82000,-5.171132,-6.588942,20.336605,-5.186888,-6.695392,20.158304,0.2082569691
18.82500,-5.244379,-6.756391,20.239835,-5.264673,-6.867575,20.067317,0.2062424349
18.83000,-5.322331,-6.928355,20.151305,-5.347176,-7.044349,19.984834,0.2044126431
18.83500,-5.404978,-7.104842,20.071320,-5.434389,-7.225716,19.911170,0.2027887901
18.84000,-5.492314,-7.285846,20.000193,-5.526306,-7.411664,19.846655,0.2013933685
18.84500,-5.584329,-7.471349,19.938255,-5.622922,-7.602165,19.791634,0.2002499508
18.85000,-5.681013,-7.661312,19.885847,-5.724228,-7.797173,19.746464,0.1993828977
18.85500,-5.782354,-7.855679,19.843326,-5.830212,-7.996618,19.711515,0.1988169898
18.86000,-5.888340,-8.054373,19.811060,-5.940863,-8.200408,19.687173,0.1985769826
18.86500,-5.998951,-8.257290,19.789429,-6.056160,-8.408423,19.673833,0.1986870918
18.87000,-6.114165,-8.464300,19.778825,-6.176080,-8.620515,19.671903,0.1991704220
18.87500,-6.233954,-8.675244,19.779650,-6.300592,-8.836502,19.681800,0.2000483576
18.88000,-6.358281,-8.889931,19.792317,-6.429656,-9.056167,19.703950,0.2013399413
18.88500,-6.487102,-9.108130,19.817243,-6.563225,-9.279256,19.738787,0.2030612671
18.89000,-6.620364,-9.329577,19.854853,-6.701238,-9.505470,19.786747,0.2052249186
18.89500,-6.758000,-9.553963,19.905575,-6.843622,-9.734469,19.848271,0.2078394780
18.90000,-6.899932,-9.780933,19.969837,-6.990291,-9.965861,19.923796,0.2109091305
18.90500,-7.046066,-10.010087,20.048065,-7.141142,-10.199204,20.013755,0.2144333761
18.91000,-7.196294,-10.240971,20.140678,-7.296054,-10.434003,20.118575,0.2184068572
18.91500,-7.350488,-10.473079,20.248085,-7.454886,-10.669703,20.238665,0.2228192983
18.92000,-7.508501,-10.705846,20.370679,-7.617477,-10.905689,20.374418,0.2276555467
18.92500,-7.670163,-10.938650,20.508836,-7.783641,-11.141286,20.526204,0.2328956999
18.93000,-7.835281,-11.170806,20.662900,-7.953167,-11.375752,20.694357,0.2385152995
18.93500,-8.003638,-11.401565,20.833188,-8.125816,-11.608278,20.879179,0.2444855738
18.94000,-8.174987,-11.630114,21.019973,-8.301319,-11.837991,21.080923,0.2507737119
18.94500,-8.349054,-11.855576,21.223482,-8.479378,-12.063948,21.299787,0.2573431566
18.95000,-8.525532,-12.077008,21.443889,-8.659659,-12.285141,21.535910,0.2641539068
18.95500,-8.704083,-12.293403,21.681299,-8.841798,-12.500497,21.789356,0.2711628273
18.96000,-8.884334,-12.503693,21.935747,-9.025389,-12.708880,22.060109,0.2783239640
18.96500,-9.065877,-12.706750,22.207184,-9.209994,-12.909099,22.348060,0.2855888702
18.97000,-9.248267,-12.901393,22.495470,-9.395134,-13.099910,22.653000,0.2929069500
18.97500,-9.431023,-13.086392,22.800361,-9.580293,-13.280022,22.974608,0.3002258263
18.98000,-9.613625,-13.260479,23.121504,-9.764915,-13.448110,23.312440,0.3074917429
18.98500,-9.795516,-13.422350,23.458421,-9.948408,-13.602823,23.665926,0.3146500082
18.99000,-9.976104,-13.570683,23.810510,-10.130140,-13.742797,24.034352,0.3216454885
18.99500,-10.154759,-13.704147,24.177029,-10.309446,-13.866668,24.416864,0.3284231559
19.00000,-10.330816,-13.821415,24.557093,-10.485624,-13.973087,24.812451,0.3349286944
19.00500,-10.503582,-13.921183,24.949669,-10.657943,-14.060741,25.219949,0.3411091643
19.01000,-10.672330,-14.002183,25.353571,-10.825646,-14.128366,25.638037,0.3469137215
19.01500,-10.836313,-14.063205,25.767461,-10.987952,-14.174772,26.065236,0.3522943857
19.02000,-10.994760,-14.103112,26.189849,-11.144060,-14.198860,26.499912,0.3572068471
19.02500,-11.146884,-14.120867,26.619098,-11.293160,-14.199647,26.940283,0.3616112955
19.03000,-11.291892,-14.115545,27.053428,-11.434436,-14.176280,27.384431,0.3654732559
19.03500,-11.428984,-14.086360,27.490928,-11.567074,-14.128067,27.830308,0.3687644054
19.04000,-11.557366,-14.032681,27.929569,-11.690270,-14.054486,28.275758,0.3714633481
19.04500,-11.676258,-13.954052,28.367222,-11.803238,-13.955210,28.718532,0.3735563172
19.05000,-11.784896,-13.850208,28.801672,-11.905220,-13.830120,29.156315,0.3750377750
19.05500,-11.882550,-13.721089,29.230644,-11.995494,-13.679319,29.586745,0.3759108772
19.06000,-11.968526,-13.566855,29.651830,-12.073385,-13.503139,30.007445,0.3761877711
19.06500,-12.042176,-13.387887,30.062909,-12.138273,-13.302151,30.416049,0.3758896957
19.07000,-12.102910,-13.184800,30.461585,-12.189599,-13.077160,30.810238,0.3750468563
19.07500,-12.150201,-12.958435,30.845606,-12.226880,-12.829208,31.187763,0.3736980520
19.08000,-12.183595,-12.709861,31.212804,-12.249711,-12.559563,31.546482,0.3718900384
19.08500,-12.202717,-12.440365,31.561117,-12.257774,-12.269707,31.884389,0.3696766204
19.09000,-12.207278,-12.151434,31.888621,-12.250845,-11.961317,32.199640,0.3671174772
19.09500,-12.197082,-11.844743,32.193556,-12.228796,-11.636247,32.490576,0.3642767394
19.10000,-12.172027,-11.522133,32.474348,-12.191598,-11.296501,32.755751,0.3612213469
19.10500,-12.132108,-11.185584,32.729631,-12.139328,-10.944206,32.993946,0.3580192386
19.11000,-12.077423,-10.837187,32.958262,-12.072162,-10.581579,33.204181,0.3547374361
19.11500,-12.008166,-10.479117,33.159334,-11.990379,-10.210899,33.385725,0.3514400993
19.12000,-11.924632,-10.113602,33.332182,-11.894356,-9.834471,33.538103,0.3481866462
19.12500,-11.827208,-9.742888,33.476387,-11.784563,-9.454596,33.661089,0.3450300295
19.13000,-11.716374,-9.369210,33.591771,-11.661560,-9.073537,33.754704,0.3420152672
19.13500,-11.592693,-8.994765,33.678396,-11.525987,-8.693491,33.819203,0.3391783108
19.14000,-11.456808,-8.621678,33.736548,-11.378560,-8.316565,33.855063,0.3365453178
19.14500,-11.309429,-8.251982,33.766724,-11.220057,-7.944745,33.862965,0.3341323673
19.15000,-11.151330,-7.887592,33.769615,-11.051315,-7.579881,33.843772,0.3319456281
19.15500,-10.983338,-7.530286,33.746087,-10.873214,-7.223671,33.798507,0.3299819515
19.16000,-10.806321,-7.181693,33.697158,-10.686672,-6.877642,33.728331,0.3282298344
19.16500,-10.621180,-6.843276,33.623975,-10.492629,-6.543148,33.634516,0.3266706707
19.17000,-10.428842,-6.516330,33.527788,-10.292044,-6.221362,33.518424,0.3252801950
19.17500,-10.230244,-6.201972,33.409934,-10.085882,-5.913276,33.381480,0.3240300197
19.18000,-10.026329,-5.901146,33.271806,-9.875103,-5.619701,33.225151,0.3228891689
19.18500,-9.818037,-5.614620,33.114836,-9.660656,-5.341274,33.050925,0.3218255276
19.19000,-9.606293,-5.342996,32.940474,-9.443471,-5.078465,32.860290,0.3208071440
19.19500,-9.392005,-5.086715,32.750169,-9.224451,-4.831588,32.654721,0.3198033388
19.20000,-9.176053,-4.846066,32.545354,-9.004469,-4.600810,32.435660,0.3187856019
19.20500,-8.959283,-4.621198,32.327431,-8.784357,-4.386163,32.204507,0.3177282670
19.21000,-8.742508,-4.412134,32.097760,-8.564906,-4.187562,31.962608,0.3166089760
19.21500,-8.526495,-4.218781,31.857648,-8.346863,-4.004813,31.711249,0.3154089481
19.22000,-8.311970,-4.040944,31.608342,-8.130925,-3.837631,31.451645,0.3141130816
19.22500,-8.099610,-3.878339,31.351023,-7.917741,-3.685653,31.184942,0.3127099138
19.23000,-7.890044,-3.730610,31.086804,-7.707907,-3.548446,30.912211,0.3111914690
19.23500,-7.683851,-3.597333,30.816723,-7.501968,-3.425529,30.634447,0.3095530211
19.24000,-7.481561,-3.478039,30.541749,-7.300419,-3.316375,30.352569,0.3077927964
19.24500,-7.283651,-3.372215,30.262775,-7.103703,-3.220428,30.067424,0.3059116367
19.25000,-7.090552,-3.279320,29.980625,-6.912215,-3.137112,29.779787,0.3039126436
19.25500,-6.902647,-3.198795,29.696054,-6.726301,-3.065837,29.490365,0.3018008162
19.26000,-6.720272,-3.130068,29.409750,-6.546261,-3.006009,29.199799,0.2995826960
19.26500,-6.543717,-3.072564,29.122341,-6.372354,-2.957039,28.908669,0.2972660275
19.27000,-6.373233,-3.025710,28.834394,-6.204795,-2.918343,28.617499,0.2948594404
19.27500,-6.209028,-2.988943,28.546422,-6.043762,-2.889354,28.326761,0.2923721589
19.28000,-6.051275,-2.961712,28.258887,-5.889396,-2.869521,28.036878,0.2898137405
19.28500,-5.900112,-2.943485,27.972204,-5.741805,-2.858315,27.748228,0.2871938452
19.29000,-5.755643,-2.933750,27.686748,-5.601068,-2.855230,27.461151,0.2845220364
19.29500,-5.617943,-2.932019,27.402853,-5.467234,-2.859789,27.175950,0.2818076119
19.30000,-5.487062,-2.937828,27.120819,-5.340328,-2.871539,26.892896,0.2790594644
19.30500,-5.363024,-2.950741,26.840916,-5.220352,-2.890060,26.612232,0.2762859697
19.31000,-5.245831,-2.970351,26.563387,-5.107290,-2.914959,26.334176,0.2734949011
19.31500,-5.135468,-2.996278,26.288448,-5.001105,-2.945873,26.058925,0.2706933658
19.32000,-5.031899,-3.028172,26.016297,-4.901747,-2.982470,25.786654,0.2678877644
19.32500,-4.935077,-3.065712,25.747111,-4.809154,-3.024445,25.517525,0.2650837676
19.33000,-4.844940,-3.108604,25.481054,-4.723250,-3.071525,25.251684,0.2622863097
19.33500,-4.761417,-3.156584,25.218274,-4.643952,-3.123462,24.989266,0.2594995969
19.34000,-4.684429,-3.209413,24.958909,-4.571170,-3.180038,24.730396,0.2567271266
19.34500,-4.613886,-3.266881,24.703087,-4.504806,-3.241061,24.475191,0.2539717170
19.35000,-4.549696,-3.328802,24.450929,-4.444761,-3.306362,24.223764,0.2512355448
19.35500,-4.491764,-3.395015,24.202550,-4.390932,-3.375798,23.976219,0.2485201886
19.36000,-4.439988,-3.465383,23.958060,-4.343213,-3.449249,23.732661,0.2458266777
19.36500,-4.394269,-3.539788,23.717567,-4.301500,-3.526616,23.493190,0.2431555437
19.37000,-4.354507,-3.618138,23.481175,-4.265690,-3.607820,23.257906,0.2405068744
19.37500,-4.320600,-3.700358,23.248989,-4.235680,-3.692804,23.026911,0.2378803693
19.38000,-4.292450,-3.786391,23.021114,-4.211370,-3.781526,22.800305,0.2352753949
19.38500,-4.269962,-3.876200,22.797657,-4.192664,-3.873962,22.578192,0.2326910405
19.39000,-4.253044,-3.969763,22.578726,-4.179470,-3.970104,22.360678,0.2301261726
19.39500,-4.241605,-4.067072,22.364431,-4.171699,-4.069959,22.147874,0.2275794893
19.40000,-4.235563,-4.168135,22.154889,-4.169269,-4.173546,21.939893,0.2250495734
19.40500,-4.234837,-4.272973,21.950219,-4.172102,-4.280898,21.736857,0.2225349440
19.41000,-4.239352,-4.381616,21.750546,-4.180125,-4.392058,21.538890,0.2200341087
19.41500,-4.249041,-4.494109,21.556001,-4.193274,-4.507080,21.346126,0.2175456139
19.42000,-4.263839,-4.610502,21.366723,-4.211487,-4.626025,21.158702,0.2150680958
19.42500,-4.283689,-4.730857,21.182856,-4.234711,-4.748964,20.976769,0.2126003316
19.43000,-4.308540,-4.855243,21.004555,-4.262897,-4.875976,20.800480,0.2101412915
19.43500,-4.338345,-4.983732,20.831980,-4.296006,-5.007141,20.630004,0.2076901926
19.44000,-4.373066,-5.116406,20.665306,-4.334000,-5.142550,20.465514,0.2052465545
19.44500,-4.412669,-5.253348,20.504712,-4.376852,-5.282291,20.307199,0.2028102583
19.45000,-4.457126,-5.394644,20.350392,-4.424537,-5.426461,20.155255,0.2003816087
19.45500,-4.506414,-5.540384,20.202551,-4.477039,-5.575152,20.009893,0.1979614008
19.46000,-4.560518,-5.690655,20.061404,-4.534346,-5.728461,19.871336,0.1955509920
19.46500,-4.619425,-5.845547,19.927182,-4.596449,-5.886480,19.739820,0.1931523788
19.47000,-4.683129,-6.005146,19.800127,-4.663349,-6.049301,19.615596,0.1907682801
19.47500,-4.751627,-6.169533,19.680496,-4.735046,-6.217009,19.498929,0.1884022269
19.48000,-4.824921,-6.338787,19.568560,-4.811548,-6.389686,19.390099,0.1860586574
19.48500,-4.903016,-6.512978,19.464607,-4.892864,-6.567405,19.289404,0.1837430190
19.49000,-4.985920,-6.692168,19.368940,-4.979007,-6.750229,19.197156,0.1814618738
19.49500,-5.073644,-6.876409,19.281877,-5.069991,-6.938212,19.113687,0.1792230089
19.50000,-5.166201,-7.065741,19.203756,-5.165834,-7.131393,19.039344,0.1770355457
19.50500,-5.263603,-7.260189,19.134928,-5.266553,-7.329796,18.974492,0.1749100480
19.51000,-5.365864,-7.459761,19.075765,-5.372164,-7.533427,18.919516,0.1728586213
19.51500,-5.472997,-7.664447,19.026654,-5.482684,-7.742272,18.874817,0.1708949987
19.52000,-5.585012,-7.874213,18.988000,-5.598127,-7.956293,18.840815,0.1690346045
19.52500,-5.701919,-8.089003,18.960227,-5.718504,-8.175426,18.817947,0.1672945864
19.53000,-5.823721,-8.308730,18.943772,-5.843821,-8.399578,18.806669,0.1656938038
19.53500,-5.950419,-8.533281,18.939091,-5.974079,-8.628624,18.807452,0.1642527609
19.54000,-6.082004,-8.762504,18.946654,-6.109272,-8.862402,18.820783,0.1629934694
19.54500,-6.218462,-8.996211,18.966946,-6.249385,-9.100709,18.847162,0.1619392293
19.55000,-6.359769,-9.234175,19.000463,-6.394394,-9.343301,18.887103,0.1611143147
19.55500,-6.505889,-9.476120,19.047710,-6.544262,-9.589885,18.941129,0.1605435588
19.56000,-6.656774,-9.721723,19.109202,-6.698937,-9.840114,19.009771,0.1602518347
19.56500,-6.812360,-9.970608,19.185457,-6.858354,-10.093590,19.093564,0.1602634387
19.57000,-6.972569,-10.222341,19.276996,-7.022429,-10.349849,19.193041,0.1606013922
19.57500,-7.137301,-10.476427,19.384335,-7.191058,-10.608367,19.308736,0.1612866864
19.58000,-7.306438,-10.732305,19.507983,-7.364114,-10.868550,19.441167,0.1623375063
19.58500,-7.479836,-10.989346,19.648434,-7.541447,-11.129729,19.590842,0.1637684726
19.59000,-7.657328,-11.246848,19.806164,-7.722878,-11.391164,19.758244,0.1655899481
19.59500,-7.838718,-11.504034,19.981622,-7.908201,-11.652031,19.943827,0.1678074465
19.60000,-8.023779,-11.760047,20.175221,-8.097176,-11.911427,20.148006,0.1704211786
19.60500,-8.212253,-12.013951,20.387331,-8.289529,-12.168363,20.371150,0.1734257565
19.61000,-8.403845,-12.264726,20.618271,-8.484949,-12.421767,20.613568,0.1768100632
19.61500,-8.598224,-12.511272,20.868292,-8.683087,-12.670480,20.875503,0.1805572824
19.62000,-8.795019,-12.752406,21.137576,-8.883551,-12.913260,21.157116,0.1846450714
19.62500,-8.993818,-12.986866,21.426216,-9.085906,-13.148784,21.458476,0.1890458522
19.63000,-9.194165,-13.213313,21.734206,-9.289671,-13.375650,21.779545,0.1937271968
19.63500,-9.395559,-13.430339,22.061433,-9.494320,-13.592385,22.120169,0.1986522784
19.64000,-9.597453,-13.636471,22.407655,-9.699278,-13.797454,22.480059,0.2037803703
19.64500,-9.799255,-13.830180,22.772500,-9.903922,-13.989268,22.858784,0.2090673755
19.65000,-10.000324,-14.009895,23.155443,-10.107581,-14.166195,23.255754,0.2144663801
19.65500,-10.199976,-14.174015,23.555801,-10.309536,-14.326579,23.670208,0.2199282256
19.66000,-10.397477,-14.320923,23.972720,-10.509023,-14.468756,24.101208,0.2254021023
19.66500,-10.592055,-14.449006,24.405168,-10.705233,-14.591069,24.547626,0.2308361671
19.67000,-10.782894,-14.556676,24.851924,-10.897317,-14.691896,25.008138,0.2361781897
19.67500,-10.969144,-14.642388,25.311578,-11.084390,-14.769672,25.481224,0.2413762322
19.68000,-11.149919,-14.704672,25.782526,-11.265535,-14.822912,25.965160,0.2463793619
19.68500,-11.324312,-14.742148,26.262973,-11.439810,-14.850242,26.458028,0.2511383973
19.69000,-11.491390,-14.753561,26.750936,-11.606256,-14.850422,26.957718,0.2556066823
19.69500,-11.650213,-14.737806,27.244256,-11.763903,-14.822380,27.461942,0.2597408776
19.70000,-11.799834,-14.693951,27.740608,-11.911781,-14.765236,27.968247,0.2635017571
19.70500,-11.939313,-14.621267,28.237522,-12.048931,-14.678329,28.474037,0.2668549905
19.71000,-12.067725,-14.519252,28.732402,-12.174412,-14.561240,28.976599,0.2697718903
19.71500,-12.184172,-14.387648,29.222556,-12.287317,-14.413816,29.473126,0.2722300976
19.72000,-12.287793,-14.226466,29.705221,-12.386782,-14.236185,29.960760,0.2742141806
19.72500,-12.377778,-14.035993,30.177601,-12.471999,-14.028770,30.436618,0.2757161161
19.73000,-12.453376,-13.816809,30.636902,-12.542225,-13.792295,30.897838,0.2767356261
19.73500,-12.513908,-13.569781,31.080369,-12.596799,-13.527786,31.341616,0.2772803432
19.74000,-12.558779,-13.296071,31.505327,-12.635149,-13.236571,31.765249,0.2773657825
19.74500,-12.587486,-12.997121,31.909222,-12.656801,-12.920260,32.166176,0.2770150994
19.75000,-12.599627,-12.674640,32.289656,-12.661392,-12.580733,32.542016,0.2762586250
19.75500,-12.594909,-12.330585,32.644423,-12.648672,-12.220116,32.890602,0.2751331735
19.76000,-12.573155,-11.967133,32.971545,-12.618514,-11.840748,33.210021,0.2736811295
19.76500,-12.534307,-11.586650,33.269298,-12.570916,-11.445148,33.498630,0.2719493319
19.77000,-12.478431,-11.191658,33.536236,-12.506000,-11.035975,33.755087,0.2699877838
19.77500,-12.405713,-10.784792,33.771208,-12.424017,-10.615989,33.978363,0.2678482286
19.78000,-12.316462,-10.368763,33.973371,-12.325342,-10.188006,34.167747,0.2655826438
19.78500,-12.211105,-9.946313,34.142191,-12.210468,-9.754854,34.322854,0.2632417155
19.79000,-12.090181,-9.520177,34.277443,-12.080001,-9.319331,34.443613,0.2608733592
19.79500,-11.954336,-9.093040,34.379207,-11.934655,-8.884166,34.530261,0.2585213597
19.80000,-11.804314,-8.667503,34.447845,-11.775237,-8.451977,34.583321,0.2562241982
19.80500,-11.640946,-8.246045,34.483990,-11.602640,-8.025244,34.603584,0.2540141265
19.81000,-11.465139,-7.830994,34.488520,-11.417830,-7.606273,34.592079,0.2519165362
19.81500,-11.277865,-7.424503,34.462529,-11.221835,-7.197179,34.550045,0.2499496499
19.82000,-11.080152,-7.028532,34.407301,-11.015730,-6.799863,34.478899,0.2481245407
19.82500,-10.873064,-6.644826,34.324276,-10.800623,-6.416003,34.380204,0.2464454623
19.83000,-10.657696,-6.274913,34.215023,-10.577647,-6.047044,34.255636,0.2449104517
19.83500,-10.435157,-5.920095,34.081204,-10.347944,-5.694199,34.106952,0.2435121486
19.84000,-10.206561,-5.581451,33.924546,-10.112651,-5.358448,33.935958,0.2422387652
19.84500,-9.973013,-5.259838,33.746815,-9.872896,-5.040548,33.744485,0.2410751366
19.85000,-9.735602,-4.955903,33.549787,-9.629779,-4.741042,33.534359,0.2400037847
19.85500,-9.495392,-4.670090,33.335225,-9.384372,-4.460273,33.307381,0.2390059364
19.86000,-9.253408,-4.402658,33.104861,-9.137705,-4.198398,33.065307,0.2380624496
19.86500,-9.010638,-4.153692,32.860375,-8.890761,-3.955406,32.809830,0.2371546153
19.87000,-8.768018,-3.923123,32.603385,-8.644471,-3.731137,32.542570,0.2362648156
19.87500,-8.526434,-3.710745,32.335432,-8.399709,-3.525296,32.265062,0.2353770317
19.88000,-8.286716,-3.516231,32.057972,-8.157291,-3.337478,31.978748,0.2344772059
19.88500,-8.049632,-3.339152,31.772373,-7.917969,-3.167182,31.684975,0.2335534685
19.89000,-7.815894,-3.178993,31.479907,-7.682432,-3.013827,31.384991,0.2325962457
19.89500,-7.586148,-3.035171,31.181752,-7.451306,-2.876771,31.079944,0.2315982672
19.90000,-7.360982,-2.907049,30.878991,-7.225155,-2.755327,30.770884,0.2305544932
19.90500,-7.140920,-2.793948,30.572614,-7.004480,-2.648773,30.458767,0.2294619796
19.91000,-6.926430,-2.695163,30.263520,-6.789722,-2.556366,30.144456,0.2283196974
19.91500,-6.717920,-2.609973,29.952523,-6.581263,-2.477355,29.828730,0.2271283248
19.92000,-6.515744,-2.537652,29.640353,-6.379431,-2.410989,29.512284,0.2258900201
19.92500,-6.320203,-2.477475,29.327666,-6.184502,-2.356525,29.195738,0.2246081913
19.93000,-6.131547,-2.428730,29.015047,-5.996701,-2.313234,28.879642,0.2232872660
19.93500,-5.949982,-2.390721,28.703013,-5.816208,-2.280412,28.564484,0.2219324716
19.94000,-5.775668,-2.362774,28.392024,-5.643160,-2.257377,28.250690,0.2205496285
19.94500,-5.608726,-2.344240,28.082485,-5.477656,-2.243480,27.938636,0.2191449603
19.95000,-5.449242,-2.334504,27.774751,-5.319758,-2.238103,27.628652,0.2177249228
19.95500,-5.297264,-2.332980,27.469135,-5.169496,-2.240666,27.321023,0.2162960528
19.96000,-5.152815,-2.339118,27.165910,-5.026871,-2.250621,27.016000,0.2148648376
19.96500,-5.015888,-2.352403,26.865316,-4.891859,-2.267461,26.713800,0.2134376036
19.97000,-4.886453,-2.372355,26.567561,-4.764412,-2.290715,26.414612,0.2120204246
19.97500,-4.764458,-2.398533,26.272828,-4.644464,-2.319950,26.118600,0.2106190479
19.98000,-4.649835,-2.430531,25.981279,-4.531930,-2.354770,25.825910,0.2092388366
19.98500,-4.542497,-2.467977,25.693054,-4.426713,-2.394817,25.536665,0.2078847281
19.99000,-4.442348,-2.510538,25.408278,-4.328702,-2.439765,25.250978,0.2065612053
19.99500,-4.349278,-2.557910,25.127062,-4.237778,-2.489325,24.968947,0.2052722797
20.00000,-4.263171,-2.609827,24.849505,-4.153813,-2.543240,24.690660,0.2040214859
20.00500,-4.183902,-2.666049,24.575698,-4.076676,-2.601286,24.416196,0.2028118839
20.01000,-4.111342,-2.726371,24.305725,-4.006228,-2.663268,24.145631,0.2016460693
20.01500,-4.045360,-2.790615,24.039661,-3.942333,-2.729018,23.879032,0.2005261892
20.02000,-3.985823,-2.858629,23.777581,-3.884850,-2.798398,23.616465,0.1994539627
20.02500,-3.932597,-2.930289,23.519556,-3.833642,-2.871294,23.357994,0.1984307054
20.03000,-3.885549,-3.005495,23.265653,-3.788570,-2.947617,23.103681,0.1974573550
20.03500,-3.844548,-3.084168,23.015941,-3.749502,-3.027299,22.853589,0.1965344995
20.04000,-3.809469,-3.166252,22.770490,-3.716308,-3.110297,22.607782,0.1956624053
20.04500,-3.780186,-3.251713,22.529369,-3.688860,-3.196582,22.366325,0.1948410448
20.05000,-3.756583,-3.340533,22.292652,-3.667041,-3.286150,22.129288,0.1940701239
20.05500,-3.738545,-3.432712,22.060414,-3.650734,-3.379008,21.896740,0.1933491070
20.06000,-3.725965,-3.528268,21.832735,-3.639833,-3.475185,21.668759,0.1926772416
20.06500,-3.718742,-3.627233,21.609699,-3.634237,-3.574719,21.445425,0.1920535795
20.07000,-3.716784,-3.729652,21.391394,-3.633852,-3.677667,21.226825,0.1914769963
20.07500,-3.720002,-3.835585,21.177917,-3.638591,-3.784094,21.013049,0.1909462083
20.08000,-3.728317,-3.945103,20.969369,-3.648377,-3.894080,20.804198,0.1904597870
20.08500,-3.741658,-4.058287,20.765858,-3.663139,-4.007715,20.600378,0.1900161704
20.09000,-3.759960,-4.175229,20.567500,-3.682815,-4.125096,20.401703,0.1896136725
20.09500,-3.783167,-4.296029,20.374421,-3.707351,-4.246332,20.208295,0.1892504895
20.10000,-3.811231,-4.420794,20.186754,-3.736699,-4.371538,20.020287,0.1889247046
20.10500,-3.844111,-4.549641,20.004644,-3.770823,-4.500836,19.837821,0.1886342891
20.11000,-3.881774,-4.682690,19.828244,-3.809692,-4.634355,19.661050,0.1883771032
20.11500,-3.924195,-4.820066,19.657719,-3.853283,-4.772226,19.490138,0.1881508928
20.12000,-3.971357,-4.961900,19.493248,-3.901582,-4.914588,19.325261,0.1879532867
20.12500,-4.023248,-5.108325,19.335019,-3.954583,-5.061579,19.166609,0.1877817906
20.13000,-4.079864,-5.259476,19.183238,-4.012283,-5.213343,19.014386,0.1876337804
20.13500,-4.141211,-5.415488,19.038121,-4.074692,-5.370022,18.868808,0.1875064946
20.14000,-4.207296,-5.576496,18.899902,-4.141822,-5.531758,18.730110,0.1873970261
20.14500,-4.278137,-5.742635,18.768829,-4.213693,-5.698693,18.598540,0.1873023122
20.15000,-4.353754,-5.914035,18.645169,-4.290331,-5.870966,18.474366,0.1872191258
20.15500,-4.434175,-6.090822,18.529205,-4.371768,-6.048709,18.357872,0.1871440659
20.16000,-4.519430,-6.273117,18.421238,-4.458038,-6.232051,18.249363,0.1870735485
20.16500,-4.609556,-6.461033,18.321591,-4.549183,-6.421114,18.149161,0.1870037981
20.17000,-4.704591,-6.654671,18.230605,-4.645247,-6.616008,18.057612,0.1869308406
20.17500,-4.804578,-6.854124,18.148641,-4.746276,-6.816834,17.975081,0.1868504973
20.18000,-4.909561,-7.059469,18.076084,-4.852319,-7.023677,17.901955,0.1867583816
20.18500,-5.019585,-7.270768,18.013340,-4.963428,-7.236607,17.838647,0.1866498973
20.19000,-5.134694,-7.488061,17.960838,-5.079654,-7.455676,17.785591,0.1865202408
20.19500,-5.254936,-7.711370,17.919028,-5.201047,-7.680913,17.743244,0.1863644070
20.20000,-5.380352,-7.940690,17.888387,-5.327657,-7.912322,17.712090,0.1861771991
20.20500,-5.510982,-8.175988,17.869412,-5.459529,-8.149881,17.692636,0.1859532448
20.21000,-5.646863,-8.417198,17.862624,-5.596705,-8.393533,17.685413,0.1856870180
20.21500,-5.788025,-8.664219,17.868567,-5.739222,-8.643185,17.690975,0.1853728682
20.22000,-5.934489,-8.916911,17.887808,-5.887110,-8.898707,17.709901,0.1850050583
20.22500,-6.086270,-9.175087,17.920931,-6.040387,-9.159921,17.742791,0.1845778123
20.23000,-6.243370,-9.438512,17.968541,-6.199064,-9.426599,17.790265,0.1840853734
20.23500,-6.405778,-9.706897,18.031261,-6.363137,-9.698459,17.852961,0.1835220747
20.24000,-6.573470,-9.979892,18.109724,-6.532587,-9.975159,17.931532,0.1828824240
20.24500,-6.746403,-10.257083,18.204577,-6.707379,-10.256291,18.026646,0.1821612035
20.25000,-6.924514,-10.537986,18.316471,-6.887456,-10.541374,18.138976,0.1813535859
20.25500,-7.107718,-10.822041,18.446059,-7.072741,-10.829852,18.269198,0.1804552687
20.26000,-7.295905,-11.108605,18.593991,-7.263128,-11.121082,18.417988,0.1794626278
20.26500,-7.488937,-11.396950,18.760902,-7.458487,-11.414336,18.586010,0.1783728898
20.27000,-7.686644,-11.686256,18.947412,-7.658653,-11.708789,18.773910,0.1771843257
20.27500,-7.888824,-11.975605,19.154110,-7.863428,-12.003517,18.982309,0.1758964627
20.28000,-8.095236,-12.263980,19.381547,-8.072577,-12.297493,19.211790,0.1745103150
20.28500,-8.305598,-12.550258,19.630224,-8.285820,-12.589581,19.462888,0.1730286287
20.29000,-8.519586,-12.833210,19.900583,-8.502838,-12.878533,19.736076,0.1714561378
20.29500,-8.736828,-13.111499,20.192986,-8.723258,-13.162991,20.031752,0.1697998225
20.30000,-8.956904,-13.383681,20.507707,-8.946662,-13.441485,20.350223,0.1680691611
20.30500,-9.179339,-13.648206,20.844914,-9.172573,-13.712431,20.691691,0.1662763612
20.31000,-9.403605,-13.903422,21.204650,-9.400461,-13.974140,21.056231,0.1644365526
20.31500,-9.629116,-14.147582,21.586822,-9.629734,-14.224823,21.443777,0.1625679203
20.32000,-9.855227,-14.378854,21.991177,-9.859742,-14.462597,21.854105,0.1606917494
20.32500,-10.081234,-14.595330,22.417286,-10.089771,-14.685500,22.286810,0.1588323525
20.33000,-10.306372,-14.795043,22.864532,-10.319046,-14.891505,22.741289,0.1570168445
20.33500,-10.529816,-14.975986,23.332085,-10.546728,-15.078537,23.216727,0.1552747310
20.34000,-10.750685,-15.136129,23.818898,-10.771917,-15.244497,23.712080,0.1536372808
20.34500,-10.968039,-15.273451,24.323684,-10.993657,-15.387286,24.226058,0.1521366621
20.35000,-11.180887,-15.385960,24.844912,-11.210934,-15.504837,24.757120,0.1508048395
20.35500,-11.388193,-15.471730,25.380803,-11.422685,-15.595140,25.303460,0.1496722529
20.36000,-11.588875,-15.528931,25.929321,-11.627804,-15.656285,25.863011,0.1487663328
20.36500,-11.781823,-15.555869,26.488180,-11.825147,-15.686496,26.433441,0.1481099371
20.37000,-11.965898,-15.551016,27.054852,-12.013545,-15.684166,27.012167,0.1477198273
20.37500,-12.139949,-15.513053,27.626580,-12.191812,-15.647902,27.596361,0.1476053216
20.38000,-12.302824,-15.440904,28.200399,-12.358758,-15.576562,28.182977,0.1477672641
20.38500,-12.453379,-15.333773,28.773160,-12.513202,-15.469289,28.768775,0.1481974295
20.39000,-12.590496,-15.191175,29.341567,-12.653986,-15.325550,29.350357,0.1488784442
20.39500,-12.713095,-15.012962,29.902212,-12.779993,-15.145160,29.924203,0.1497842474
20.40000,-12.820152,-14.799349,30.451623,-12.890159,-14.928314,30.486724,0.1508810600
20.40500,-12.910710,-14.550928,30.986306,-12.983491,-14.675597,31.034304,0.1521287753
20.41000,-12.983899,-14.268677,31.502808,-13.059084,-14.387996,31.563364,0.1534826530
20.41500,-13.038948,-13.953959,31.997760,-13.116133,-14.066904,32.070412,0.1548951820
20.42000,-13.075201,-13.608513,32.467938,-13.153953,-13.714106,32.552102,0.1563179781
20.42500,-13.092124,-13.234439,32.910318,-13.171986,-13.331763,33.005295,0.1577036058
20.43000,-13.089324,-12.834166,33.322119,-13.169816,-12.922383,33.427105,0.1590072322
20.43500,-13.066550,-12.410422,33.700858,-13.147180,-12.488787,33.814955,0.1601880509
20.44000,-13.023704,-11.966188,34.044386,-13.103968,-12.034061,34.166614,0.1612104390
20.44500,-12.960844,-11.504648,34.350918,-13.040234,-11.561506,34.480235,0.1620448293
20.45000,-12.878182,-11.029141,34.619064,-12.956194,-11.074582,34.754379,0.1626682967
20.45500,-12.776088,-10.543096,34.847836,-12.852225,-10.576847,34.988029,0.1630648706
20.46000,-12.655080,-10.049980,35.036660,-12.728859,-10.071895,35.180601,0.1632255924
20.46500,-12.515822,-9.553241,35.185369,-12.586780,-9.563300,35.331933,0.1631483431
20.47000,-12.359109,-9.056245,35.294189,-12.426807,-9.054553,35.442278,0.1628374712
20.47500,-12.185861,-8.562236,35.363721,-12.249890,-8.549009,35.512273,0.1623032515
20.48000,-11.997106,-8.074280,35.394907,-12.057090,-8.049840,35.542916,0.1615612090
20.48500,-11.793967,-7.595231,35.389002,-11.849566,-7.559996,35.535527,0.1606313395
20.49000,-11.577645,-7.127697,35.347529,-11.628559,-7.082164,35.491704,0.1595372619
20.49500,-11.349402,-6.674015,35.272238,-11.395371,-6.618749,35.413281,0.1583053315
20.50000,-11.110548,-6.236235,35.165068,-11.151353,-6.171855,35.302283,0.1569637460
20.50500,-10.862420,-5.816108,35.028095,-10.897884,-5.743272,35.160874,0.1555416700
20.51000,-10.606368,-5.415087,34.863493,-10.636356,-5.334479,34.991321,0.1540684044
20.51500,-10.343739,-5.034327,34.673495,-10.368157,-4.946645,34.795945,0.1525726209
20.52000,-10.075866,-4.674698,34.460355,-10.094657,-4.580641,34.577084,0.1510816819
20.52500,-9.804051,-4.336799,34.226310,-9.817195,-4.237056,34.337057,0.1496210589
20.53000,-9.529554,-4.020975,33.973557,-9.537067,-3.916216,34.078135,0.1482138626
20.53500,-9.253587,-3.727338,33.704225,-9.255515,-3.618209,33.802516,0.1468804905
20.54000,-8.977303,-3.455792,33.420354,-8.973719,-3.342905,33.512302,0.1456383954
20.54500,-8.701787,-3.206056,33.123880,-8.692792,-3.089986,33.209482,0.1445019728
20.55000,-8.428056,-2.977691,32.816621,-8.413772,-2.858971,32.895923,0.1434825613
20.55500,-8.157052,-2.770120,32.500275,-8.137619,-2.649238,32.573360,0.1425885452
20.56000,-7.889638,-2.582654,32.176408,-7.865214,-2.460055,32.243395,0.1418255454
20.56500,-7.626602,-2.414518,31.846457,-7.597356,-2.290598,31.907490,0.1411966812
20.57000,-7.368653,-2.264864,31.511730,-7.334764,-2.139976,31.566974,0.1407028846
20.57500,-7.116421,-2.132797,31.173407,-7.078077,-2.007250,31.223044,0.1403432482
20.58000,-6.870464,-2.017390,30.832551,-6.827856,-1.891447,30.876771,0.1401153869
20.58500,-6.631263,-1.917697,30.490107,-6.584586,-1.791584,30.529107,0.1400157985
20.59000,-6.399234,-1.832772,30.146911,-6.348682,-1.706672,30.180892,0.1400402064
20.59500,-6.174722,-1.761673,29.803702,-6.120489,-1.635737,29.832864,0.1401838760
20.60000,-5.958014,-1.703478,29.461125,-5.900290,-1.577820,29.485663,0.1404418943
20.60500,-5.749335,-1.657290,29.119740,-5.688307,-1.531996,29.139847,0.1408094100
20.61000,-5.548858,-1.622245,28.780031,-5.484706,-1.497371,28.795893,0.1412818305
20.61500,-5.356707,-1.597516,28.442416,-5.289604,-1.473093,28.454208,0.1418549775
20.62000,-5.172958,-1.582316,28.107250,-5.103071,-1.458352,28.115140,0.1425252024
20.62500,-4.997648,-1.575905,27.774834,-4.925135,-1.452388,27.778981,0.1432894663
20.63000,-4.830778,-1.577586,27.445424,-4.755787,-1.454484,27.445974,0.1441453878
20.63500,-4.672313,-1.586711,27.119231,-4.594986,-1.463978,27.116322,0.1450912642
20.64000,-4.522192,-1.602679,26.796434,-4.442658,-1.480252,26.790192,0.1461260700
20.64500,-4.380329,-1.624935,26.477180,-4.298709,-1.502742,26.467720,0.1472494389
20.65000,-4.246613,-1.652972,26.161590,-4.163019,-1.530928,26.149017,0.1484616317
20.65500,-4.120920,-1.686329,25.849763,-4.035452,-1.564340,25.834172,0.1497634952
20.66000,-4.003105,-1.724587,25.541779,-3.915855,-1.602551,25.523255,0.1511564148
20.66500,-3.893014,-1.767370,25.237705,-3.804065,-1.645180,25.216322,0.1526422640
20.67000,-3.790484,-1.814344,24.937594,-3.699907,-1.691886,24.913416,0.1542233522
20.67500,-3.695342,-1.865214,24.641488,-3.603201,-1.742368,24.614572,0.1559023741
20.68000,-3.607412,-1.919720,24.349424,-3.513761,-1.796364,24.319816,0.1576823599
20.68500,-3.526513,-1.977639,24.061432,-3.431398,-1.853647,24.029170,0.1595666303
20.69000,-3.452464,-2.038780,23.777536,-3.355923,-1.914024,23.742650,0.1615587538
20.69500,-3.385084,-2.102982,23.497759,-3.287146,-1.977332,23.460270,0.1636625092
20.70000,-3.324194,-2.170116,23.222123,-3.224880,-2.043439,23.182045,0.1658818524
20.70500,-3.269618,-2.240077,22.950648,-3.168941,-2.112240,22.907985,0.1682208875
20.71000,-3.221184,-2.312787,22.683355,-3.119151,-2.183657,22.638105,0.1706838427
20.71500,-3.178724,-2.388194,22.420266,-3.075335,-2.257635,22.372419,0.1732750504
20.72000,-3.142078,-2.466263,22.161404,-3.037326,-2.334140,22.110943,0.1759989312
20.72500,-3.111092,-2.546984,21.906796,-3.004964,-2.413162,21.853696,0.1788599811
20.73000,-3.085620,-2.630364,21.656472,-2.978096,-2.494709,21.600700,0.1818627625
20.73500,-3.065522,-2.716428,21.410465,-2.956579,-2.578804,21.351981,0.1850118971
20.74000,-3.050668,-2.805220,21.168812,-2.940275,-2.665491,21.107569,0.1883120619
20.74500,-3.040938,-2.896795,20.931556,-2.929060,-2.754827,20.867498,0.1917679860
20.75000,-3.036218,-2.991225,20.698744,-2.922815,-2.846884,20.631807,0.1953844494
20.75500,-3.036406,-3.088595,20.470428,-2.921432,-2.941747,20.400541,0.1991662822
20.76000,-3.041407,-3.189001,20.246669,-2.924815,-3.039514,20.173752,0.2031183641
20.76500,-3.051139,-3.292553,20.027531,-2.932874,-3.140294,19.951495,0.2072456241
20.77000,-3.065526,-3.399368,19.813087,-2.945533,-3.244205,19.733835,0.2115530397
20.77500,-3.084503,-3.509576,19.603418,-2.962721,-3.351379,19.520844,0.2160456344
20.78000,-3.108016,-3.623312,19.398613,-2.984380,-3.461953,19.312599,0.2207284751
20.78500,-3.136019,-3.740725,19.198769,-3.010463,-3.576075,19.109189,0.2256066672
20.79000,-3.168476,-3.861966,19.003993,-3.040930,-3.693900,18.910711,0.2306853474
20.79500,-3.205361,-3.987196,18.814402,-3.075752,-3.815590,18.717270,0.2359696744
20.80000,-3.246656,-4.116582,18.630124,-3.114909,-3.941315,18.528982,0.2414648176
20.80500,-3.292352,-4.250296,18.451299,-3.158391,-4.071250,18.345976,0.2471759411
20.81000,-3.342452,-4.388516,18.278077,-3.206196,-4.205576,18.168391,0.2531081858
20.81500,-3.396963,-4.531423,18.110625,-3.258333,-4.344478,17.996378,0.2592666470
20.82000,-3.455905,-4.679202,17.949120,-3.314818,-4.488146,17.830102,0.2656563478
20.82500,-3.519303,-4.832043,17.793757,-3.375676,-4.636775,17.669745,0.2722822080
20.83000,-3.587192,-4.990134,17.644747,-3.440940,-4.790560,17.515499,0.2791490085
20.83500,-3.659613,-5.153668,17.502315,-3.510653,-4.949701,17.367578,0.2862613494
20.84000,-3.736615,-5.322836,17.366708,-3.584863,-5.114397,17.226210,0.2936236029
20.84500,-3.818254,-5.497828,17.238188,-3.663626,-5.284849,17.091643,0.3012398599
20.85000,-3.904594,-5.678833,17.117042,-3.747007,-5.461257,16.964143,0.3091138694
20.85500,-3.995702,-5.866036,17.003575,-3.835076,-5.643817,16.843999,0.3172489707
20.86000,-4.091653,-6.059616,16.898116,-3.927908,-5.832724,16.731521,0.3256480180
20.86500,-4.192526,-6.259747,16.801019,-4.025585,-6.028167,16.627044,0.3343132965
20.87000,-4.298404,-6.466592,16.712661,-4.128196,-6.230330,16.530926,0.3432464292
20.87500,-4.409374,-6.680305,16.633448,-4.235830,-6.439386,16.443553,0.3524482748
20.88000,-4.525527,-6.901027,16.563811,-4.348584,-6.655500,16.365335,0.3619188156
20.88500,-4.646955,-7.128881,16.504212,-4.466555,-6.878822,16.296716,0.3716570347
20.89000,-4.773751,-7.363974,16.455143,-4.589844,-7.109487,16.238165,0.3816607829
20.89500,-4.906008,-7.606388,16.417126,-4.718553,-7.347612,16.190185,0.3919266346
20.90000,-5.043819,-7.856181,16.390713,-4.852784,-7.593291,16.153311,0.4024497322
20.90500,-5.187274,-8.113382,16.376492,-4.992637,-7.846592,16.128111,0.4132236201
20.91000,-5.336458,-8.377982,16.375082,-5.138212,-8.107553,16.115186,0.4242400677
20.91500,-5.491452,-8.649938,16.387134,-5.289602,-8.376178,16.115174,0.4354888818
20.92000,-5.652330,-8.929160,16.413333,-5.446898,-8.652432,16.128744,0.4469577109
20.92500,-5.819155,-9.215508,16.454395,-5.610181,-8.936234,16.156604,0.4586318403
20.93000,-5.991981,-9.508787,16.511068,-5.779526,-9.227453,16.199493,0.4704939827
20.93500,-6.170846,-9.808738,16.584128,-5.954993,-9.525900,16.258184,0.4825240640
20.94000,-6.355774,-10.115034,16.674378,-6.136630,-9.831322,16.333481,0.4946990100
20.94500,-6.546770,-10.427270,16.782645,-6.324469,-10.143397,16.426218,0.5069925364
20.95000,-6.743815,-10.744957,16.909775,-6.518523,-10.461720,16.537255,0.5193749475
20.95500,-6.946865,-11.067514,17.056626,-6.718782,-10.785803,16.667471,0.5318129505
20.96000,-7.155850,-11.394259,17.224066,-6.925209,-11.115058,16.817765,0.5442694911
20.96500,-7.370666,-11.724399,17.412962,-7.137740,-11.448797,16.989042,0.5567036203
20.97000,-7.591170,-12.057027,17.624170,-7.356276,-11.786217,17.182211,0.5690704013
20.97500,-7.817184,-12.391110,17.858528,-7.580682,-12.126392,17.398174,0.5813208683
20.98000,-8.048480,-12.725482,18.116840,-7.810780,-12.468269,17.637813,0.5934020490
20.98500,-8.284784,-13.058841,18.399863,-8.046348,-12.810656,17.901979,0.6052570651
20.99000,-8.525767,-13.389737,18.708293,-8.287111,-13.152214,18.191476,0.6168253261
20.99500,-8.771042,-13.716575,19.042742,-8.532739,-13.491455,18.507046,0.6280428308
21.00000,-9.020159,-14.037609,19.403725,-8.782842,-13.826734,18.849350,0.6388425940
21.00500,-9.272603,-14.350940,19.791632,-9.036965,-14.156247,19.218943,0.6491552132
21.01000,-9.527785,-14.654523,20.206709,-9.294583,-14.478032,19.616260,0.6589095904
21.01500,-9.785043,-14.946170,20.649032,-9.555097,-14.789968,20.041583,0.6680338225
21.02000,-10.043638,-15.223562,21.118482,-9.817831,-15.089785,20.495018,0.6764562684
21.02500,-10.302749,-15.484258,21.614719,-10.082026,-15.375070,20.976470,0.6841067994
21.03000,-10.561474,-15.725717,22.137154,-10.346841,-15.643282,21.485614,0.6909182298
21.03500,-10.818831,-15.945320,22.684928,-10.611347,-15.891771,22.021865,0.6968279193
21.04000,-11.073755,-16.140397,23.256883,-10.874531,-16.117801,22.584355,0.7017795265
21.04500,-11.325102,-16.308263,23.851546,-11.135293,-16.318582,23.171904,0.7057248814
21.05000,-11.571653,-16.446251,24.467109,-11.392452,-16.491301,23.782998,0.7086259314
21.05500,-11.812121,-16.551763,25.101415,-11.644745,-16.633166,24.415772,0.7104566977
21.06000,-12.045158,-16.622313,25.751956,-11.890838,-16.741451,25.067994,0.7112051653
21.06500,-12.269362,-16.655580,26.415867,-12.129330,-16.813547,25.737059,0.7108750109
21.07000,-12.483294,-16.649462,27.089940,-12.358766,-16.847018,26.419988,0.7094870570
21.07500,-12.685488,-16.602133,27.770639,-12.577650,-16.839656,27.113435,0.7070803312
21.08000,-12.874467,-16.512098,28.454125,-12.784455,-16.789545,27.813710,0.7037125973
21.08500,-13.048765,-16.378244,29.136300,-12.977647,-16.695118,28.516802,0.6994602282
21.09000,-13.206941,-16.199893,29.812846,-13.155696,-16.555211,29.218424,0.6944172989
21.09500,-13.347606,-15.976839,30.479289,-13.317105,-16.369120,29.914059,0.6886938015
21.10000,-13.469438,-15.709388,31.131059,-13.460426,-16.136644,30.599026,0.6824129242
21.10500,-13.571209,-15.398379,31.763568,-13.584284,-15.858120,31.268544,0.6757073935
21.11000,-13.651805,-15.045195,32.372284,-13.687402,-15.534451,31.917815,0.6687149524
21.11500,-13.710246,-14.651764,32.952814,-13.768625,-15.167118,32.542106,0.6615731377
21.12000,-13.745709,-14.220539,33.500989,-13.826939,-14.758174,33.136836,0.6544136112
21.12500,-13.757542,-13.754471,34.012936,-13.861494,-14.310229,33.697662,0.6473563915
21.13000,-13.745280,-13.256967,34.485158,-13.871622,-13.826418,34.220565,0.6405043987
21.13500,-13.708656,-12.731825,34.914599,-13.856851,-13.310348,34.701930,0.6339387526
21.14000,-13.647612,-12.183173,35.298697,-13.816920,-12.766040,35.138612,0.6277152460
21.14500,-13.562298,-11.615388,35.635431,-13.751785,-12.197853,35.527996,0.6218623267
21.15000,-13.453076,-11.033013,35.923344,-13.661623,-11.610400,35.868040,0.6163807943
21.15500,-13.320515,-10.440670,36.161560,-13.546832,-11.008458,36.157306,0.6112452412
21.16000,-13.165379,-9.842973,36.349782,-13.408026,-10.396878,36.394970,0.6064070910
21.16500,-12.988621,-9.244444,36.488276,-13.246024,-9.780487,36.580818,0.6017989264
21.17000,-12.791362,-8.649434,36.577838,-13.061840,-9.164001,36.715228,0.5973396905
21.17500,-12.574876,-8.062051,36.619753,-12.856664,-8.551946,36.799132,0.5929402911
21.18000,-12.340568,-7.486104,36.615746,-12.631841,-7.948575,36.833973,0.5885091552
21.18500,-12.089950,-6.925048,36.567918,-12.388851,-7.357815,36.821645,0.5839573422
21.19000,-11.824622,-6.381951,36.478687,-12.129284,-6.783211,36.764429,0.5792029237
21.19500,-11.546245,-5.859470,36.350718,-11.854814,-6.227891,36.664927,0.5741744511
21.20000,-11.256515,-5.359835,36.186856,-11.567177,-5.694542,36.525986,0.5688134340
21.20500,-10.957148,-4.884848,35.990067,-11.268144,-5.185399,36.350629,0.5630758493
21.21000,-10.649852,-4.435897,35.763372,-10.959497,-4.702248,36.141990,0.5569327611
21.21500,-10.336308,-4.013966,35.509797,-10.643006,-4.246433,35.903247,0.5503701804
21.22000,-10.018155,-3.619665,35.232322,-10.320412,-3.818882,35.637567,0.5433883108
21.22500,-9.696974,-3.253257,34.933839,-9.993407,-3.420133,35.348057,0.5360003335
21.23000,-9.374273,-2.914695,34.617122,-9.663615,-3.050364,35.037720,0.5282308760
21.23500,-9.051477,-2.603653,34.284796,-9.332583,-2.709435,34.709423,0.5201142915
21.24000,-8.729919,-2.319568,33.939320,-9.001770,-2.396924,34.365867,0.5116928575
21.24500,-8.410837,-2.061674,33.582972,-8.672535,-2.112167,34.009573,0.5030149806
21.25000,-8.095364,-1.829042,33.217843,-8.346134,-1.854301,33.642865,0.4941334723
21.25500,-7.784531,-1.620608,32.845832,-8.023716,-1.622297,33.267867,0.4851039439
21.26000,-7.479263,-1.435209,32.468650,-7.706320,-1.414996,32.886497,0.4759833514
21.26500,-7.180382,-1.271613,32.087823,-7.394876,-1.231147,32.500478,0.4668287087
21.27000,-6.888610,-1.128541,31.704703,-7.090204,-1.069432,32.111338,0.4576959772
21.27500,-6.604567,-1.004690,31.320474,-6.793020,-0.928494,31.720420,0.4486391312
21.28000,-6.328783,-0.898757,30.936165,-6.503939,-0.806961,31.328896,0.4397093950
21.28500,-6.061697,-0.809453,30.552663,-6.223479,-0.703462,30.937779,0.4309546413
21.29000,-5.803664,-0.735513,30.170725,-5.952065,-0.616649,30.547934,0.4224189410
21.29500,-5.554962,-0.675716,29.790992,-5.690037,-0.545209,30.160094,0.4141422504
21.30000,-5.315796,-0.628884,29.413997,-5.437656,-0.487872,29.774873,0.4061602246
21.30500,-5.086306,-0.593897,29.040182,-5.195110,-0.443424,29.392779,0.3985041427
21.31000,-4.866572,-0.569695,28.669907,-4.962517,-0.410707,29.014226,0.3912009332
21.31500,-4.656619,-0.555277,28.303461,-4.739939,-0.388633,28.639546,0.3842732870
21.32000,-4.456423,-0.549711,27.941071,-4.527380,-0.376177,28.269002,0.3777398457
21.32500,-4.265919,-0.552128,27.582913,-4.324797,-0.372386,27.902795,0.3716154545
21.33000,-4.085004,-0.561725,27.229117,-4.132104,-0.376374,27.541075,0.3659114680
21.33500,-3.913541,-0.577765,26.879775,-3.949177,-0.387324,27.183948,0.3606360967
21.34000,-3.751367,-0.599573,26.534950,-3.775862,-0.404489,26.831484,0.3557947853
21.34500,-3.598296,-0.626534,26.194677,-3.611975,-0.427184,26.483723,0.3513906098
21.35000,-3.454120,-0.658093,25.858972,-3.457311,-0.454788,26.140683,0.3474246846
21.35500,-3.318617,-0.693749,25.527833,-3.311645,-0.486741,25.802358,0.3438965693
21.36000,-3.191553,-0.733057,25.201246,-3.174738,-0.522540,25.468730,0.3408046662
21.36500,-3.072685,-0.775618,24.879186,-3.046340,-0.561736,25.139769,0.3381465998
21.37000,-2.961762,-0.821084,24.561622,-2.926190,-0.603931,24.815434,0.3359195730
21.37500,-2.858532,-0.869149,24.248515,-2.814025,-0.648774,24.495680,0.3341206921
21.38000,-2.762739,-0.919549,23.939825,-2.709576,-0.695961,24.180456,0.3327472590
21.38500,-2.674128,-0.972057,23.635510,-2.612574,-0.745227,23.869708,0.3317970251
21.39000,-2.592448,-1.026482,23.335525,-2.522752,-0.796346,23.563381,0.3312684072
21.39500,-2.517450,-1.082669,23.039826,-2.439846,-0.849131,23.261422,0.3311606648
21.40000,-2.448890,-1.140488,22.748371,-2.363595,-0.903422,22.963776,0.3314740396
21.40500,-2.386532,-1.199842,22.461118,-2.293745,-0.959095,22.670391,0.3322098590
21.41000,-2.330146,-1.260656,22.178030,-2.230049,-1.016050,22.381215,0.3333706066
21.41500,-2.279511,-1.322883,21.899068,-2.172267,-1.074216,22.096201,0.3349599629
21.42000,-2.234414,-1.386493,21.624199,-2.120168,-1.133542,21.815303,0.3369828208
21.42500,-2.194653,-1.451480,21.353393,-2.073532,-1.194000,21.538479,0.3394452777
21.43000,-2.160034,-1.517855,21.086622,-2.032146,-1.255584,21.265689,0.3423546116
21.43500,-2.130376,-1.585645,20.823862,-1.995810,-1.318302,20.996898,0.3457192420
21.44000,-2.105505,-1.654894,20.565093,-1.964334,-1.382181,20.732073,0.3495486823
21.44500,-2.085263,-1.725660,20.310298,-1.937537,-1.447263,20.471184,0.3538534855
21.45000,-2.069497,-1.798014,20.059466,-1.915252,-1.513603,20.214208,0.3586451872
21.45500,-2.058070,-1.872039,19.812587,-1.897322,-1.581269,19.961122,0.3639362499
21.46000,-2.050853,-1.947829,19.569657,-1.883600,-1.650342,19.711908,0.3697400090
21.46500,-2.047730,-2.025491,19.330677,-1.873953,-1.720912,19.466553,0.3760706246
21.47000,-2.048596,-2.105139,19.095652,-1.868257,-1.793081,19.225046,0.3829430401
21.47500,-2.053355,-2.186897,18.864590,-1.866400,-1.866958,18.987383,0.3903729479
21.48000,-2.061924,-2.270898,18.637506,-1.868281,-1.942664,18.753561,0.3983767642
21.48500,-2.074230,-2.357284,18.414421,-1.873810,-2.020325,18.523584,0.4069716125
21.49000,-2.090210,-2.446203,18.195360,-1.882908,-2.100077,18.297459,0.4161753157
21.49500,-2.109814,-2.537813,17.980354,-1.895506,-2.182063,18.075199,0.4260063966
21.50000,-2.132998,-2.632277,17.769441,-1.911546,-2.266433,17.856822,0.4364840860
21.50500,-2.159733,-2.729766,17.562664,-1.930980,-2.353344,17.642350,0.4476283371
21.51000,-2.189996,-2.830458,17.360077,-1.953771,-2.442959,17.431812,0.4594598455
21.51500,-2.223777,-2.934538,17.161737,-1.979892,-2.535450,17.225244,0.4720000737
21.52000,-2.261073,-3.042196,16.967712,-2.009323,-2.630993,17.022687,0.4852712777
21.52500,-2.301893,-3.153631,16.778078,-2.042057,-2.729772,16.824188,0.4992965355
21.53000,-2.346254,-3.269045,16.592920,-2.078096,-2.831976,16.629805,0.5140997751
21.53500,-2.394183,-3.388650,16.412334,-2.117451,-2.937802,16.439601,0.5297058012
21.54000,-2.445714,-3.512662,16.236425,-2.160140,-3.047453,16.253648,0.5461403182
21.54500,-2.500894,-3.641302,16.065313,-2.206193,-3.161136,16.072028,0.5634299496
21.55000,-2.559775,-3.774800,15.899128,-2.255648,-3.279068,15.894834,0.5816022500
21.55500,-2.622419,-3.913388,15.738013,-2.308552,-3.401470,15.722166,0.6006857104
21.56000,-2.688896,-4.057307,15.582129,-2.364960,-3.528571,15.554141,0.6207097538
21.56500,-2.759287,-4.206801,15.431648,-2.424936,-3.660603,15.390883,0.6417047203
21.57000,-2.833678,-4.362120,15.286762,-2.488552,-3.797809,15.232533,0.6637018394
21.57500,-2.912165,-4.523518,15.147682,-2.555890,-3.940433,15.079247,0.6867331880
21.58000,-2.994849,-4.691252,15.014636,-2.627038,-4.088730,14.931193,0.7108316326
21.58500,-3.081843,-4.865585,14.887875,-2.702093,-4.242956,14.788559,0.7360307519
21.59000,-3.173264,-5.046780,14.767671,-2.781160,-4.403374,14.651551,0.7623647406
21.59500,-3.269238,-5.235103,14.654321,-2.864353,-4.570254,14.520395,0.7898682880
21.60000,-3.369896,-5.430819,14.548149,-2.951792,-4.743867,14.395335,0.8185764327
21.60500,-3.475377,-5.634196,14.449505,-3.043604,-4.924489,14.276642,0.8485243864
21.61000,-3.585827,-5.845496,14.358771,-3.139926,-5.112400,14.164609,0.8797473273
21.61500,-3.701395,-6.064977,14.276357,-3.240900,-5.307880,14.059556,0.9122801564
21.62000,-3.822238,-6.292895,14.202711,-3.346675,-5.511211,13.961831,0.9461572146
21.62500,-3.948515,-6.529494,14.138314,-3.457407,-5.722673,13.871814,0.9814119561
21.63000,-4.080391,-6.775007,14.083687,-3.573257,-5.942545,13.789915,1.0180765730
21.63500,-4.218033,-7.029654,14.039390,-3.694392,-6.171101,13.716580,1.0561815669
21.64000,-4.361610,-7.293637,14.006025,-3.820986,-6.408607,13.652291,1.0957552622
21.64500,-4.511292,-7.567136,13.984239,-3.953214,-6.655323,13.597572,1.1368232559
21.65000,-4.667251,-7.850304,13.974727,-4.091257,-6.911492,13.552984,1.1794077989
21.65500,-4.829653,-8.143262,13.978229,-4.235299,-7.177346,13.519136,1.2235271028
21.66000,-4.998666,-8.446095,13.995538,-4.385524,-7.453093,13.496682,1.2691945681
21.66500,-5.174449,-8.758843,14.027496,-4.542118,-7.738918,13.486324,1.3164179277
21.67000,-5.357155,-9.081494,14.075000,-4.705265,-8.034978,13.488817,1.3651983030
21.67500,-5.546929,-9.413978,14.138997,-4.875149,-8.341392,13.504967,1.4155291678
21.68000,-5.743902,-9.756156,14.220489,-5.051948,-8.658237,13.535636,1.4673952195
21.68500,-5.948190,-10.107812,14.320528,-5.235834,-8.985542,13.581742,1.5207711559
21.69000,-6.159893,-10.468641,14.440216,-5.426972,-9.323277,13.644259,1.5756203615
21.69500,-6.379086,-10.838241,14.580703,-5.625514,-9.671347,13.724221,1.6318935057
21.70000,-6.605821,-11.216096,14.743182,-5.831599,-10.029578,13.822716,1.6895270653
21.70500,-6.840115,-11.601567,14.928882,-6.045349,-10.397711,13.940891,1.7484417801
21.71000,-7.081954,-11.993877,15.139063,-6.266865,-10.775386,14.079945,1.8085410651
21.71500,-7.331281,-12.392098,15.375003,-6.496222,-11.162131,14.241129,1.8697094008
21.72000,-7.587993,-12.795136,15.637992,-6.733466,-11.557350,14.425737,1.9318107369
21.72500,-7.851934,-13.201719,15.929309,-6.978607,-11.960305,14.635103,1.9946869506
21.73000,-8.122889,-13.610379,16.250214,-7.231618,-12.370106,14.870588,2.0581564114
21.73500,-8.400578,-14.019444,16.601921,-7.492423,-12.785689,15.133574,2.1220127146
21.74000,-8.684645,-14.427021,16.985579,-7.760893,-13.205807,15.425445,2.1860236584
21.74500,-8.974656,-14.830991,17.402241,-8.036841,-13.629011,15.747571,2.2499305504
21.75000,-9.270089,-15.228998,17.852835,-8.320013,-14.053633,16.101290,2.3134479421
21.75500,-9.570325,-15.618447,18.338134,-8.610080,-14.477777,16.487882,2.3762638997
21.76000,-9.874643,-15.996501,18.858709,-8.906631,-14.899303,16.908542,2.4380409306
21.76500,-10.182215,-16.360090,19.414901,-9.209164,-15.315818,17.364350,2.4984176881
21.77000,-10.492096,-16.705920,20.006767,-9.517079,-15.724671,17.856231,2.5570115806
21.77500,-10.803222,-17.030490,20.634041,-9.829669,-16.122947,18.384922,2.6134224042
21.78000,-11.114406,-17.330123,21.296089,-10.146114,-16.507471,18.950922,2.6672371064
21.78500,-11.424335,-17.600994,21.991862,-10.465470,-16.874820,19.554453,2.7180357618
21.79000,-11.731572,-17.839184,22.719854,-10.786671,-17.221333,20.195403,2.7653988057
21.79500,-12.034556,-18.040723,23.478063,-11.108514,-17.543141,20.873286,2.8089155218
21.80000,-12.331611,-18.201666,24.263959,-11.429666,-17.836200,21.587182,2.8481937106
21.80500,-12.620950,-18.318160,25.074461,-11.748655,-18.096334,22.335696,2.8828703892
21.81000,-12.900689,-18.386528,25.905922,-12.063877,-18.319293,23.116908,2.9126232707
21.81500,-13.168867,-18.403363,26.754128,-12.373597,-18.500818,23.928337,2.9371826706
21.82000,-13.423455,-18.365617,27.614315,-12.675961,-18.636720,24.766909,2.9563433674
21.82500,-13.662390,-18.270703,28.481203,-12.969001,-18.722968,25.628937,2.9699758362
21.83000,-13.883595,-18.116591,29.349043,-13.250656,-18.755788,26.510115,2.9780361712
21.83500,-14.085010,-17.901897,30.211689,-13.518791,-18.731762,27.405528,2.9805739341
21.84000,-14.264626,-17.625967,31.062689,-13.771218,-18.647941,28.309685,2.9777371304
21.84500,-14.420520,-17.288943,31.895389,-14.005725,-18.501950,29.216562,2.9697735333
21.85000,-14.550891,-16.891818,32.703056,-14.220111,-18.292090,30.119680,2.9570276682
21.85500,-14.654094,-16.436459,33.479014,-14.412214,-18.017437,31.012193,2.9399329467
21.86000,-14.728679,-15.925615,34.216783,-14.579957,-17.677917,31.887004,2.9189987180
21.86500,-14.773420,-15.362894,34.910223,-14.721381,-17.274373,32.736893,2.8947923676
21.87000,-14.787349,-14.752710,35.553675,-14.834687,-16.808597,33.554667,2.8679170393
21.87500,-14.769776,-14.100206,36.142090,-14.918275,-16.283349,34.333312,2.8389860392
21.88000,-14.720314,-13.411157,36.671144,-14.970782,-15.702331,35.066154,2.8085954502
21.88500,-14.638888,-12.691839,37.137333,-14.991113,-15.070143,35.747014,2.7772968688
21.89000,-14.525744,-11.948896,37.538040,-14.978472,-14.392197,36.370357,2.7455723918
21.89500,-14.381444,-11.189186,37.871579,-14.932382,-13.674615,36.931422,2.7138139678
21.90000,-14.206859,-10.419631,38.137206,-14.852706,-12.924090,37.426327,2.6823089299
21.90500,-14.003156,-9.647059,38.335100,-14.739647,-12.147735,37.852157,2.6512329738
21.91000,-13.771771,-8.878066,38.466323,-14.593754,-11.352922,38.207006,2.6206510813
21.91500,-13.514383,-8.118885,38.532750,-14.415913,-10.547103,38.490000,2.5905260465
21.92000,-13.232883,-7.375271,38.536977,-14.207326,-9.737648,38.701279,2.5607334680
21.92500,-12.929336,-6.652415,38.482223,-13.969491,-8.931680,38.841949,2.5310814627
21.93000,-12.605945,-5.954874,38.372212,-13.704174,-8.135932,38.914010,2.5013330216
21.93500,-12.265009,-5.286530,38.211056,-13.413367,-7.356622,38.920258,2.4712288931
21.94000,-11.908890,-4.650568,38.003138,-13.099256,-6.599348,38.864167,2.4405091112
21.94500,-11.539972,-4.049478,37.752999,-12.764175,-5.869019,38.749768,2.4089317089
21.95000,-11.160627,-3.485076,37.465230,-12.410568,-5.169802,38.581513,2.3762876660
21.95500,-10.773183,-2.958538,37.144384,-12.040942,-4.505103,38.364146,2.3424116605
21.96000,-10.379901,-2.470452,36.794891,-11.657829,-3.877567,38.102578,2.3071886314
21.96500,-9.982942,-2.020868,36.420995,-11.263750,-3.289103,37.801769,2.2705565054
21.97000,-9.584355,-1.609369,36.026697,-10.861178,-2.740922,37.466625,2.2325056577
21.97500,-9.186060,-1.235132,35.615723,-10.452508,-2.233596,37.101912,2.1930757864
21.98000,-8.789830,-0.896996,35.191492,-10.040031,-1.767117,36.712183,2.1523509006
21.98500,-8.397292,-0.593524,34.757108,-9.625916,-1.340971,36.301717,2.1104530804
21.99000,-8.009917,-0.323066,34.315349,-9.212187,-0.954210,35.874486,2.0675355792
21.99500,-7.629019,-0.083815,33.868677,-8.800716,-0.605528,35.434121,2.0237757371
22.00000,-7.255758,0.126146,33.419246,-8.393210,-0.293325,34.983901,1.9793680681
22.00500,-6.891140,0.308797,32.968918,-7.991213,-0.015783,34.526752,1.9345177786
22.01000,-6.536027,0.466142,32.519282,-7.596097,0.229081,34.065251,1.8894348908
22.01500,-6.191141,0.600179,32.071677,-7.209070,0.443358,33.601637,1.8443290690
22.02000,-5.857071,0.712870,31.627215,-6.831176,0.629196,33.137836,1.7994051896
22.02500,-5.534283,0.806124,31.186802,-6.463304,0.788762,32.675477,1.7548596546
22.03000,-5.223129,0.881774,30.751168,-6.106192,0.924210,32.215921,1.7108774185
22.03500,-4.923858,0.941571,30.320881,-5.760441,1.037645,31.760286,1.6676296793
22.04000,-4.636622,0.987171,29.896373,-5.426519,1.131110,31.309474,1.6252721731
22.04500,-4.361488,1.020128,29.477960,-5.104775,1.206560,30.864195,1.5839440101
22.05000,-4.098446,1.041897,29.065859,-4.795448,1.265858,30.424993,1.5437669873
22.05500,-3.847417,1.053825,28.660201,-4.498675,1.310758,29.992270,1.5048453162
22.06000,-3.608267,1.057158,28.261053,-4.214507,1.342906,29.566308,1.4672657099
22.06500,-3.380804,1.053038,27.868423,-3.942911,1.363833,29.147283,1.4310977770
22.07000,-3.164798,1.042511,27.482276,-3.683788,1.374958,28.735291,1.3963946756
22.07500,-2.959978,1.026530,27.102540,-3.436973,1.377587,28.330356,1.3631939850
22.08000,-2.766042,1.005954,26.729120,-3.202252,1.372917,27.932449,1.3315187548
22.08500,-2.582666,0.981562,26.361897,-2.979362,1.362042,27.541496,1.3013786987
22.09000,-2.409501,0.954052,26.000740,-2.768006,1.345951,27.157389,1.2727714952
22.09500,-2.246188,0.924046,25.645508,-2.567852,1.325542,26.779995,1.2456841676
22.10000,-2.092352,0.892099,25.296054,-2.378544,1.301622,26.409165,1.2200945107
22.10500,-1.947615,0.858702,24.952231,-2.199707,1.274915,26.044736,1.1959725365
22.11000,-1.811592,0.824288,24.613888,-2.030950,1.246066,25.686537,1.1732819132
22.11500,-1.683899,0.789235,24.280879,-1.871870,1.215649,25.334396,1.1519813704
22.12000,-1.564152,0.753871,23.953061,-1.722061,1.184172,24.988140,1.1320260523
22.12500,-1.451971,0.718484,23.630294,-1.581110,1.152081,24.647597,1.1133687952
22.13000,-1.346983,0.683315,23.312444,-1.448605,1.119767,24.312600,1.0959613177
22.13500,-1.248820,0.648573,22.999382,-1.324137,1.087573,23.982987,1.0797553077
22.14000,-1.157126,0.614434,22.690987,-1.207300,1.055792,23.658602,1.0647034007
22.14500,-1.071550,0.581041,22.387142,-1.097696,1.024679,23.339296,1.0507600415
22.15000,-0.991756,0.548514,22.087735,-0.994933,0.994452,23.024927,1.0378822305
22.15500,-0.917416,0.516949,21.792662,-0.898632,0.965292,22.715360,1.0260301538
22.16000,-0.848216,0.486419,21.501822,-0.808419,0.937356,22.410468,1.0151677032
22.16500,-0.783854,0.456982,21.215123,-0.723936,0.910771,22.110131,1.0052628912
22.17000,-0.724038,0.428677,20.932475,-0.644835,0.885641,21.814235,0.9962881690
22.17500,-0.668492,0.401530,20.653793,-0.570779,0.862051,21.522673,0.9882206581
22.18000,-0.616950,0.375555,20.378997,-0.501446,0.840069,21.235344,0.9810423019
22.18500,-0.569159,0.350756,20.108011,-0.436526,0.819744,20.952154,0.9747399501
22.19000,-0.524880,0.327127,19.840763,-0.375722,0.801116,20.673012,0.9693053835
22.19500,-0.483885,0.304653,19.577185,-0.318750,0.784211,20.397836,0.9647352883
22.20000,-0.445956,0.283316,19.317210,-0.265338,0.769047,20.126545,0.9610311890
22.20500,-0.410891,0.263089,19.060775,-0.215227,0.755632,19.859063,0.9581993454
22.21000,-0.378496,0.243944,18.807822,-0.168172,0.743969,19.595320,0.9562506230
22.21500,-0.348588,0.225846,18.558291,-0.123937,0.734056,19.335248,0.9552003394
22.22000,-0.320997,0.208760,18.312128,-0.082300,0.725887,19.078783,0.9550680948
22.22500,-0.295560,0.192648,18.069280,-0.043050,0.719451,18.825863,0.9558775879
22.23000,-0.272127,0.177469,17.829695,-0.005985,0.714739,18.576431,0.9576564240
22.23500,-0.250555,0.163183,17.593322,0.029084,0.711736,18.330431,0.9604359160
22.24000,-0.230710,0.149749,17.360115,0.062339,0.710429,18.087809,0.9642508842
22.24500,-0.212469,0.137125,17.130025,0.093949,0.710806,17.848516,0.9691394550
22.25000,-0.195713,0.125269,16.903008,0.124077,0.712855,17.612501,0.9751428650
22.25500,-0.180336,0.114140,16.679018,0.152876,0.716563,17.379718,0.9823052703
22.26000,-0.166233,0.103698,16.458014,0.180493,0.721922,17.150122,0.9906735672
22.26500,-0.153312,0.093903,16.239952,0.207064,0.728925,16.923670,1.0002972255
22.27000,-0.141483,0.084717,16.024791,0.232721,0.737567,16.700320,1.0112281385
22.27500,-0.130666,0.076101,15.812491,0.257589,0.747846,16.480032,1.0235204944
22.28000,-0.120782,0.068019,15.603012,0.281786,0.759764,16.262766,1.0372306701
22.28500,-0.111763,0.060436,15.396315,0.305424,0.773324,16.048487,1.0524171525
22.29000,-0.103541,0.053317,15.192363,0.328611,0.788536,15.837157,1.0691404894
22.29500,-0.096057,0.046631,14.991118,0.351450,0.805412,15.628743,1.0874632724
22.30000,-0.089255,0.040345,14.792543,0.374039,0.823967,15.423210,1.1074501538
22.30500,-0.083081,0.034429,14.596602,0.396473,0.844222,15.220529,1.1291678982
22.31000,-0.077488,0.028855,14.403260,0.418844,0.866201,15.020667,1.1526854712
22.31500,-0.072432,0.023596,14.212482,0.441238,0.889933,14.823596,1.1780741622
22.32000,-0.067872,0.018624,14.024232,0.463741,0.915453,14.629289,1.2054077437
22.32500,-0.063771,0.013916,13.838478,0.486436,0.942798,14.437718,1.2347626637
22.33000,-0.060093,0.009447,13.655186,0.509404,0.972012,14.248861,1.2662182703
22.33500,-0.056807,0.005194,13.474323,0.532723,1.003144,14.062693,1.2998570670
22.34000,-0.053883,0.001136,13.295857,0.556472,1.036247,13.879193,1.3357649944
22.34500,-0.051296,-0.002747,13.119756,0.580726,1.071380,13.698341,1.3740317387
22.35000,-0.049021,-0.006476,12.945988,0.605562,1.108609,13.520120,1.4147510616
22.35500,-0.047035,-0.010068,12.774523,0.631056,1.148003,13.344513,1.4580211516
22.36000,-0.045318,-0.013542,12.605329,0.657282,1.189640,13.171507,1.5039449930
22.36500,-0.043851,-0.016915,12.438377,0.684317,1.233601,13.001089,1.5526307515
22.37000,-0.042619,-0.020202,12.273636,0.712236,1.279975,12.833250,1.6041921747
22.37500,-0.041605,-0.023420,12.111079,0.741117,1.328857,12.667983,1.6587490056
22.38000,-0.040796,-0.026583,11.950674,0.771036,1.380349,12.505284,1.7164274094
22.38500,-0.040180,-0.029707,11.792395,0.802075,1.434561,12.345152,1.7773604116
22.39000,-0.039745,-0.032803,11.636213,0.834312,1.491607,12.187588,1.8416883486
22.39500,-0.039482,-0.035887,11.482100,0.867832,1.551612,12.032597,1.9095593298
22.40000,-0.039383,-0.038970,11.330029,0.902719,1.614706,11.880187,1.9811297110
22.40500,-0.039439,-0.042066,11.179972,0.939060,1.681029,11.730373,2.0565645820
22.41000,-0.039643,-0.045187,11.031904,0.976946,1.750728,11.583170,2.1360382657
22.41500,-0.039991,-0.048345,10.885798,1.016470,1.823959,11.438600,2.2197348323
22.42000,-0.040477,-0.051552,10.741627,1.057728,1.900887,11.296690,2.3078486273
22.42500,-0.041098,-0.054819,10.599367,1.100820,1.981685,11.157473,2.4005848157
22.43000,-0.041849,-0.058159,10.458991,1.145850,2.066538,11.020986,2.4981599421
22.43500,-0.042728,-0.061582,10.320476,1.192925,2.155640,10.887275,2.6008025077
22.44000,-0.043733,-0.065101,10.183797,1.242159,2.249194,10.756393,2.7087535655
22.44500,-0.044864,-0.068727,10.048929,1.293669,2.347414,10.628398,2.8222673329
22.45000,-0.046120,-0.072471,9.915848,1.347575,2.450528,10.503361,2.9416118225
22.45500,-0.047500,-0.076346,9.784532,1.404007,2.558771,10.381359,3.0670694915
22.46000,-0.049005,-0.080364,9.654956,1.463097,2.672392,10.262481,3.1989379086
22.46500,-0.050636,-0.084537,9.527098,1.524984,2.791653,10.146828,3.3375304376
22.47000,-0.052395,-0.088877,9.400935,1.589813,2.916827,10.034511,3.4831769375
22.47500,-0.054285,-0.093397,9.276446,1.657737,3.048200,9.925658,3.6362244755
22.48000,-0.056308,-0.098111,9.153607,1.728914,3.186072,9.820408,3.7970380527
22.48500,-0.058466,-0.103033,9.032398,1.803509,3.330755,9.718920,3.9660013376
22.49000,-0.060766,-0.108176,8.912796,1.881697,3.482576,9.621369,4.1435174042
22.49500,-0.063209,-0.113554,8.794782,1.963659,3.641875,9.527950,4.3300094694
22.50000,-0.065802,-0.119185,8.678334,2.049584,3.809006,9.438880,4.5259216242
22.50500,-0.068549,-0.125082,8.563431,2.139669,3.984336,9.354400,4.7317195505
22.51000,-0.071457,-0.131263,8.450054,2.234120,4.168246,9.274775,4.9478912147
22.51500,-0.074532,-0.137745,8.338184,2.333154,4.361131,9.200299,5.1749475278
22.52000,-0.077781,-0.144546,8.227799,2.436994,4.563399,9.131299,5.4134229584
22.52500,-0.081211,-0.151685,8.118882,2.545874,4.775468,9.068133,5.6638760841
22.53000,-0.084831,-0.159182,8.011413,2.660036,4.997771,9.011198,5.9268900628
22.53500,-0.088649,-0.167057,7.905373,2.779733,5.230748,8.960930,6.2030730036
22.54000,-0.092675,-0.175332,7.800745,2.905227,5.474850,8.917809,6.4930582120
22.54500,-0.096918,-0.184031,7.697510,3.036787,5.730534,8.882363,6.7975042818
22.55000,-0.101390,-0.193177,7.595650,3.174696,5.998261,8.855172,7.1170949996
22.55500,-0.106101,-0.202796,7.495149,3.319242,6.278496,8.836873,7.4525390242
22.56000,-0.111063,-0.212914,7.395989,3.470722,6.571700,8.828164,7.8045692977
22.56500,-0.116290,-0.223560,7.298154,3.629443,6.878331,8.829807,8.1739421354
22.57000,-0.121795,-0.234763,7.201626,3.795716,7.198835,8.842638,8.5614359403
22.57500,-0.127592,-0.246554,7.106391,3.969862,7.533642,8.867568,8.9678494735
22.58000,-0.133697,-0.258967,7.012432,4.152203,7.883161,8.905590,9.3939996079
22.58500,-0.140125,-0.272036,6.919734,4.343067,8.247769,8.957786,9.8407184814
22.59000,-0.146894,-0.285798,6.828282,4.542783,8.627804,9.025330,10.3088499549
22.59500,-0.154021,-0.300291,6.738061,4.751678,9.023555,9.109494,10.7992452722
22.60000,-0.161527,-0.315557,6.649058,4.970078,9.435249,9.211657,11.3127578047
22.60500,-0.169431,-0.331638,6.561258,5.198300,9.863034,9.333303,11.8502367547
22.61000,-0.177755,-0.348580,6.474649,5.436652,10.306972,9.476031,12.4125196798
22.61500,-0.186522,-0.366431,6.389217,5.685426,10.767012,9.641554,13.0004236902
22.62000,-0.195754,-0.385242,6.304949,5.944897,11.242974,9.831703,13.6147351609
22.62500,-0.205479,-0.405066,6.221835,6.215312,11.734531,10.048427,14.2561977968
22.63000,-0.215722,-0.425960,6.139862,6.496885,12.241175,10.293789,14.9254988819
22.63500,-0.226512,-0.447984,6.059021,6.789792,12.762198,10.569964,15.6232535472
22.64000,-0.237880,-0.471201,5.979300,7.094159,13.296661,10.879225,16.3499868999
22.64500,-0.249855,-0.495678,5.900690,7.410054,13.843358,11.223939,17.1061138711
22.65000,-0.262473,-0.521485,5.823184,7.737476,14.400789,11.606543,17.8919166660
22.65500,-0.275769,-0.548697,5.746772,8.076343,14.967120,12.029523,18.7075197427
22.66000,-0.289779,-0.577392,5.671447,8.426478,15.540149,12.495387,19.5528622993
22.66500,-0.304544,-0.607655,5.597204,8.787595,16.117272,13.006623,20.4276683277
22.67000,-0.320104,-0.639572,5.524038,9.159287,16.695443,13.565657,21.3314143873
22.67500,-0.336505,-0.673237,5.451943,9.541003,17.271147,14.174799,22.2632953806
22.68000,-0.353794,-0.708749,5.380917,9.932038,17.840370,14.836174,23.2221887586
22.68500,-0.372018,-0.746210,5.310959,10.331512,18.398580,15.551652,24.2066177704
22.69000,-0.391231,-0.785732,5.242068,10.738354,18.940710,16.322757,25.2147145752
22.69500,-0.411487,-0.827429,5.174245,11.151285,19.461163,17.150578,26.2441842741
22.70000,-0.432845,-0.871424,5.107494,11.568803,19.953827,18.035658,27.2922711712
22.70500,-0.455366,-0.917848,5.041819,11.989167,20.412106,18.977889,28.3557288384
22.71000,-0.479115,-0.966836,4.977228,12.410392,20.828977,19.976389,29.4307958166
22.71500,-0.504162,-1.018535,4.913729,12.830236,21.197074,21.029395,30.5131790208
22.72000,-0.530577,-1.073096,4.851334,13.246201,21.508790,22.134142,31.5980470952
22.72500,-0.558440,-1.130681,4.790059,13.655537,21.756420,23.286768,32.6800360682
22.73000,-0.587829,-1.191461,4.729920,14.055253,21.932327,24.482231,33.7532696367
22.73500,-0.618832,-1.255616,4.670939,14.442139,22.029135,25.714247,34.8113962453
22.74000,-0.651539,-1.323338,4.613141,14.812789,22.039954,26.975269,35.8476447727
22.74500,-0.686045,-1.394826,4.556555,15.163648,21.958617,28.256504,36.8549000789
22.75000,-0.722452,-1.470295,4.501214,15.491053,21.779930,29.547978,37.8257988910
22.75500,-0.760866,-1.549967,4.447158,15.791298,21.499926,30.838659,38.7528455154
22.76000,-0.801400,-1.634082,4.394432,16.060698,21.116101,32.116633,39.6285456987
22.76500,-0.844175,-1.722887,4.343087,16.295667,20.627627,33.369340,40.4455556816
22.77000,-0.889315,-1.816649,4.293182,16.492796,20.035514,34.583856,41.1968421770
22.77500,-0.936954,-1.915645,4.244782,16.648942,19.342732,35.747231,41.8758477822
22.78000,-0.987232,-2.020168,4.197963,16.761308,18.554243,36.846840,42.4766553230
22.78500,-1.040298,-2.130530,4.152810,16.827524,17.676970,37.870761,42.9941439501
22.79000,-1.096309,-2.247057,4.109419,16.845719,16.719681,38.808144,43.4241295836
22.79500,-1.155430,-2.370092,4.067898,16.814582,15.692784,39.649546,43.7634825981
22.80000,-1.217835,-2.499998,4.028369,16.733409,14.608055,40.387227,44.0102164852
22.80500,-1.283709,-2.637157,3.990969,16.602131,13.478305,41.015381,44.1635425977
22.81000,-1.353246,-2.781970,3.955851,16.421326,12.317001,41.530283,44.2238878640
22.81500,-1.426651,-2.934858,3.923187,16.192207,11.137859,41.930353,44.1928744298
22.82000,-1.504141,-3.096265,3.893171,15.916596,9.954451,42.216130,44.0732623475
22.82500,-1.585942,-3.266655,3.866018,15.596875,8.779814,42.390168,43.8688585009
22.83000,-1.672294,-3.446515,3.841969,15.235927,7.626118,42.456843,43.5843967456
22.83500,-1.763450,-3.636357,3.821296,14.837060,6.504375,42.422118,43.2253956147
22.84000,-1.859675,-3.836713,3.804300,14.403925,5.424224,42.293249,42.7980007937
22.84500,-1.961249,-4.048141,3.791317,13.940427,4.393789,42.078479,42.3088198755
22.85000,-2.068465,-4.271222,3.782724,13.450638,3.419595,41.786720,41.7647566891
22.85500,-2.181630,-4.506560,3.778941,12.938712,2.506570,41.427247,41.1728518326
22.86000,-2.301068,-4.754783,3.780433,12.408801,1.658093,41.009418,40.5401350337
22.86500,-2.427117,-5.016541,3.787723,11.864982,0.876091,40.542427,39.8734937466
22.87000,-2.560131,-5.292505,3.801388,11.311197,0.161177,40.035097,39.1795610807
22.87500,-2.700480,-5.583365,3.822074,10.751194,-0.487190,39.495717,38.4646248742
22.88000,-2.848551,-5.889830,3.850495,10.188488,-1.070532,38.931928,37.7345585464
22.88500,-3.004745,-6.212620,3.887448,9.626328,-1.591175,38.350638,36.9947733573
22.89000,-3.169480,-6.552470,3.933813,9.067675,-2.052082,37.757989,36.2501909051
22.89500,-3.343191,-6.910115,3.990568,8.515188,-2.456685,37.159340,35.5052341042
22.90000,-3.526325,-7.286295,4.058795,7.971221,-2.808745,36.559290,34.7638345098
22.90500,-3.719344,-7.681738,4.139691,7.437825,-3.112219,35.961708,34.0294536571
22.91000,-3.922724,-8.097158,4.234576,6.916754,-3.371154,35.369787,33.3051160365
22.91500,-4.136951,-8.533241,4.344907,6.409479,-3.589597,34.786101,32.5934513970
22.92000,-4.362519,-8.990632,4.472288,5.917205,-3.771517,34.212671,31.8967442176
22.92500,-4.599930,-9.469921,4.618479,5.440885,-3.920751,33.651031,31.2169883813
22.93000,-4.849686,-9.971624,4.785411,4.981246,-4.040964,33.102293,30.5559452974
22.93500,-5.112290,-10.496162,4.975195,4.538803,-4.135617,32.567210,29.9152039108
22.94000,-5.388237,-11.043835,5.190133,4.113884,-4.207946,32.046233,29.2962412041
22.94500,-5.678008,-11.614796,5.432728,3.706647,-4.260957,31.539565,28.7004818956
22.95000,-5.982065,-12.209015,5.705688,3.317104,-4.297419,31.047211,28.1293560746
22.95500,-6.300841,-12.826242,6.011937,2.945136,-4.319869,30.569016,27.5843534536
22.96000,-6.634729,-13.465966,6.354613,2.590510,-4.330614,30.104702,27.0670727728
22.96500,-6.984069,-14.127364,6.737062,2.252900,-4.331747,29.653904,26.5792646442
22.97000,-7.349138,-14.809248,7.162839,1.931897,-4.325153,29.216189,26.1228657984
22.97500,-7.730129,-15.510009,7.635681,1.627026,-4.312525,28.791085,25.7000223143
22.98000,-8.127139,-16.227549,8.159489,1.337757,-4.295375,28.378093,25.3130990252
22.98500,-8.540140,-16.959216,8.738288,1.063515,-4.275052,27.976705,24.9646719853
22.99000,-8.968964,-17.701729,9.376183,0.803693,-4.252752,27.586414,24.6575007513
22.99500,-9.413273,-18.451112,10.077284,0.557656,-4.229531,27.206725,24.3944774244
23.00000,-9.872534,-19.202614,10.845634,0.324755,-4.206324,26.837159,24.1785500485
23.00500,-10.345987,-19.950648,11.685100,0.104327,-4.183947,26.477259,24.0126191980
23.01000,-10.832615,-20.688728,12.599248,-0.104295,-4.163119,26.126595,23.8994084621
23.01500,-11.331111,-21.409428,13.591199,-0.301778,-4.144464,25.784762,23.8413119989
23.02000,-11.839847,-22.104350,14.663454,-0.488784,-4.128528,25.451388,23.8402251608
23.02500,-12.356839,-22.764131,15.817701,-0.665969,-4.115782,25.126128,23.8973670189
23.03000,-12.879721,-23.378475,17.054602,-0.833978,-4.106636,24.808668,24.0131059463
23.03500,-13.405719,-23.936236,18.373563,-0.993443,-4.101440,24.498722,24.1868007570
23.04000,-13.931633,-24.425547,19.772497,-1.144981,-4.100498,24.196033,24.4166698921
23.04500,-14.453825,-24.834008,21.247592,-1.289192,-4.104070,23.900372,24.6996996863
23.05000,-14.968222,-25.148947,22.793096,-1.426660,-4.112378,23.611536,25.0316000841
23.05500,-15.470332,-25.357735,24.401130,-1.557949,-4.125613,23.329346,25.4068127596
23.06000,-15.955275,-25.448177,26.061562,-1.683605,-4.143938,23.053647,25.8185730547
23.06500,-16.417833,-25.408959,27.761947,-1.804154,-4.167494,22.784309,26.2590239777
23.07000,-16.852523,-25.230136,29.487567,-1.920105,-4.196400,22.521220,26.7193780227
23.07500,-17.253689,-24.903645,31.221578,-2.031943,-4.230761,22.264292,27.1901208074
23.08000,-17.615614,-24.423818,32.945282,-2.140139,-4.270667,22.013452,27.6612493086
23.08500,-17.932653,-23.787852,34.638532,-2.245143,-4.316200,21.768650,28.1225365514
23.09000,-18.199375,-22.996205,36.280263,-2.347386,-4.367431,21.529851,28.5638137281
23.09500,-18.410727,-22.052880,37.849129,-2.447283,-4.424426,21.297038,28.9752598045
23.10000,-18.562186,-20.965559,39.324227,-2.545230,-4.487247,21.070211,29.3476877548
23.10500,-18.649913,-19.745569,40.685858,-2.641608,-4.555952,20.849385,29.6728158506
23.11000,-18.670897,-18.407654,41.916288,-2.736783,-4.630597,20.634591,29.9435121696
23.11500,-18.623065,-16.969566,43.000446,-2.831104,-4.711240,20.425877,30.1540009500
23.12000,-18.505377,-15.451483,43.926513,-2.924906,-4.797935,20.223304,30.3000207610
23.12500,-18.317871,-13.875298,44.686363,-3.018512,-4.890741,20.026952,30.3789267246
23.13000,-18.061677,-12.263817,45.275807,-3.112230,-4.989715,19.836914,30.3897320904
23.13500,-17.738988,-10.639919,45.694647,-3.206357,-5.094918,19.653298,30.3330880539
23.14000,-17.352990,-9.025751,45.946519,-3.301179,-5.206412,19.476232,30.2112044630
23.14500,-16.907761,-7.441987,46.038562,-3.396970,-5.324260,19.305855,30.0277175613
23.15000,-16.408138,-5.907213,45.980929,-3.493995,-5.448529,19.142328,29.7875138169
23.15500,-15.859571,-4.437465,45.786202,-3.592507,-5.579284,18.985826,29.4965209009
23.16000,-15.267952,-3.045924,45.468743,-3.692753,-5.716593,18.836543,29.1614778792
23.16500,-14.639459,-1.742784,45.044035,-3.794969,-5.860524,18.694692,28.7896966679
23.17000,-13.980390,-0.535266,44.528050,-3.899383,-6.011143,18.560504,28.3888259058
23.17500,-13.297021,0.572238,43.936689,-4.006217,-6.168516,18.434230,27.9666268392
23.18000,-12.595467,1.577911,43.285297,-4.115683,-6.332704,18.316142,27.5307688405
23.18500,-11.881580,2.482205,42.588287,-4.227986,-6.503764,18.206535,27.0886500679
23.19000,-11.160854,3.287474,41.858862,-4.343325,-6.681748,18.105722,26.6472467119
23.19500,-10.438363,3.997615,41.108834,-4.461891,-6.866700,18.014042,26.2129924421
23.20000,-9.718710,4.617698,40.348533,-4.583866,-7.058653,17.931857,25.7916881406
23.20500,-9.006009,5.153636,39.586788,-4.709427,-7.257629,17.859551,25.3884408142
23.21000,-8.303865,5.611883,38.830969,-4.838741,-7.463634,17.797536,25.0076297050
23.21500,-7.615388,5.999176,38.087073,-4.971968,-7.676657,17.746245,24.6528970021
23.22000,-6.943206,6.322323,37.359835,-5.109258,-7.896666,17.706141,24.3271601518
23.22500,-6.289485,6.588030,36.652869,-5.250754,-8.123607,17.677709,24.0326425036
23.23000,-5.655966,6.802774,35.968798,-5.396586,-8.357395,17.661461,23.7709188793
23.23500,-5.043998,6.972704,35.309405,-5.546873,-8.597917,17.657934,23.5429725950
23.24000,-4.454571,7.103584,34.675763,-5.701724,-8.845021,17.667690,23.3492604915
23.24500,-3.888357,7.200750,34.068362,-5.861232,-9.098516,17.691313,23.1897826471
23.25000,-3.345747,7.269092,33.487222,-6.025476,-9.358165,17.729412,23.0641536624
23.25500,-2.826883,7.313056,32.931996,-6.194518,-9.623681,17.782615,22.9716727256
23.26000,-2.331697,7.336648,32.402056,-6.368403,-9.894721,17.851568,22.9113900653
23.26500,-1.859937,7.343461,31.896567,-6.547154,-10.170881,17.936932,22.8821678754
23.27000,-1.411200,7.336690,31.414553,-6.730772,-10.451688,18.039379,22.8827342970
23.27500,-0.984953,7.319166,30.954943,-6.919234,-10.736596,18.159588,22.9117295556
23.28000,-0.580561,7.293381,30.516619,-7.112487,-11.024981,18.298240,22.9677438248
23.28500,-0.197307,7.261523,30.098445,-7.310451,-11.316131,18.456009,23.0493468118
23.29000,0.165592,7.225499,29.699295,-7.513011,-11.609245,18.633557,23.1551094023
23.29500,0.508967,7.186968,29.318070,-7.720018,-11.903424,18.831527,23.2836179683
23.30000,0.833685,7.147365,28.953716,-7.931282,-12.197668,19.050527,23.4334821257
23.30500,1.140634,7.107925,28.605234,-8.146572,-12.490868,19.291125,23.6033368360
23.31000,1.430716,7.069708,28.271683,-8.365611,-12.781810,19.553835,23.7918398008
23.31500,1.704835,7.033618,27.952189,-8.588075,-13.069162,19.839102,23.9976650939
23.32000,1.963893,7.000421,27.645945,-8.813585,-13.351482,20.147287,24.2194939503
23.32500,2.208783,6.970764,27.352209,-9.041711,-13.627215,20.478654,24.4560035707
23.33000,2.440381,6.945186,27.070307,-9.271963,-13.894695,20.833351,24.7058547399
23.33500,2.659546,6.924135,26.799630,-9.503791,-14.152150,21.211390,24.9676789830
23.34000,2.867115,6.907979,26.539628,-9.736584,-14.397710,21.612631,25.2400659145
23.34500,3.063899,6.897014,26.289813,-9.969668,-14.629418,22.036764,25.5215513652
23.35000,3.250683,6.891477,26.049748,-10.202302,-14.845243,22.483288,25.8106068123
23.35500,3.428226,6.891549,25.819054,-10.433683,-15.043093,22.951493,26.1056305761
23.36000,3.597253,6.897367,25.597395,-10.662943,-15.220844,23.440446,26.4049411909
23.36500,3.758465,6.909029,25.384483,-10.889153,-15.376355,23.948971,26.7067733060
23.37000,3.912527,6.926596,25.180073,-11.111325,-15.507500,24.475642,27.0092764149
23.37500,4.060079,6.950100,24.983957,-11.328415,-15.612200,25.018768,27.3105166552
23.38000,4.201727,6.979547,24.795962,-11.539332,-15.688455,25.576392,27.6084818600
23.38500,4.338048,7.014920,24.615952,-11.742943,-15.734379,26.146287,27.9010899722
23.39000,4.469592,7.056184,24.443817,-11.938082,-15.748245,26.725964,28.1862008582
23.39500,4.596876,7.103285,24.279477,-12.123560,-15.728517,27.312678,28.4616314761
23.40000,4.720391,7.156154,24.122879,-12.298177,-15.673897,27.903452,28.7251742573
23.40500,4.840602,7.214709,23.973992,-12.460734,-15.583359,28.495094,28.9746184709
23.41000,4.957943,7.278856,23.832809,-12.610049,-15.456188,29.084233,29.2077742318
23.41500,5.072826,7.348491,23.699340,-12.744971,-15.292012,29.667356,29.4224987192
23.42000,5.185634,7.423496,23.573615,-12.864395,-15.090828,30.240850,29.6167240682
23.42500,5.296728,7.503749,23.455684,-12.967279,-14.853029,30.801053,29.7884863139
23.43000,5.406444,7.589113,23.345607,-13.052664,-14.579412,31.344310,29.9359546900
23.43500,5.515095,7.679445,23.243463,-13.119683,-14.271185,31.867024,30.0574605291
23.44000,5.622972,7.774593,23.149342,-13.167583,-13.929964,32.365724,30.1515249823
23.44500,5.730343,7.874395,23.063347,-13.195734,-13.557758,32.837115,30.2168847716
23.45000,5.837456,7.978678,22.985589,-13.203646,-13.156945,33.278139,30.2525152208
23.45500,5.944538,8.087259,22.916192,-13.190975,-12.730239,33.686024,30.2576498674
23.46000,6.051794,8.199948,22.855286,-13.157537,-12.280648,34.058335,30.2317960521
23.46500,6.159412,8.316537,22.803008,-13.103306,-11.811425,34.393010,30.1747460031
23.47000,6.267559,8.436812,22.759504,-13.028423,-11.326011,34.688392,30.0865830710
23.47500,6.376383,8.560542,22.724921,-12.933193,-10.827979,34.943249,29.9676829306
23.48000,6.486015,8.687482,22.699410,-12.818083,-10.320966,35.156783,29.8187097298
23.48500,6.596564,8.817375,22.683126,-12.683714,-9.808616,35.328636,29.6406073299
23.49000,6.708124,8.949945,22.676222,-12.530853,-9.294517,35.458875,29.4345859349
23.49500,6.820768,9.084901,22.678850,-12.360403,-8.782145,35.547972,29.2021045439
23.50000,6.934553,9.221933,22.691161,-12.173387,-8.274807,35.596782,28.9448497736
23.50500,7.049515,9.360713,22.713300,-11.970938,-7.775605,35.606502,28.6647116748
23.51000,7.165676,9.500893,22.745403,-11.754274,-7.287387,35.578635,28.3637572242
23.51500,7.283034,9.642105,22.787600,-11.524691,-6.812726,35.514944,28.0442021812
23.52000,7.401574,9.783960,22.840009,-11.283535,-6.353891,35.417405,27.7083819918
23.52500,7.521258,9.926046,22.902732,-11.032193,-5.912841,35.288161,27.3587223757
23.53000,7.642031,10.067930,22.975859,-10.772070,-5.491212,35.129473,26.9977101676
23.53500,7.763820,10.209157,23.059456,-10.504576,-5.090325,34.943679,26.6278649040
23.54000,7.886531,10.349250,23.153572,-10.231107,-4.711192,34.733150,26.2517115507
23.54500,8.010051,10.487710,23.258227,-9.953036,-4.354529,34.500254,25.8717546733
23.55000,8.134249,10.624015,23.373417,-9.671693,-4.020777,34.247319,25.4904542582
23.55500,8.258974,10.757624,23.499102,-9.388362,-3.710122,33.976611,25.1102033036
23.56000,8.384054,10.887976,23.635213,-9.104266,-3.422519,33.690304,24.7333072344
23.56500,8.509299,11.014495,23.781641,-8.820561,-3.157722,33.390468,24.3619651312
23.57000,8.634500,11.136584,23.938236,-8.538331,-2.915304,33.079048,23.9982527325
23.57500,8.759428,11.253637,24.104804,-8.258581,-2.694688,32.757861,23.6441071490
23.58000,8.883836,11.365037,24.281107,-7.982237,-2.495173,32.428585,23.3013132298
23.58500,9.007457,11.470158,24.466854,-7.710142,-2.315954,32.092759,22.9714915383
23.59000,9.130009,11.568373,24.661704,-7.443058,-2.156151,31.751785,22.6560879267
23.59500,9.251191,11.659053,24.865261,-7.181664,-2.014825,31.406928,22.3563647343
23.60000,9.370687,11.741577,25.077071,-6.926561,-1.890998,31.059322,22.0733936786
23.60500,9.488167,11.815334,25.296626,-6.678269,-1.783674,30.709977,21.8080505444
23.61000,9.603287,11.879729,25.523354,-6.437238,-1.691848,30.359787,21.5610118052
23.61500,9.715691,11.934189,25.756628,-6.203845,-1.614520,30.009535,21.3327533247
23.62000,9.825013,11.978170,25.995760,-5.978399,-1.550711,29.659907,21.1235512829
23.62500,9.930881,12.011161,26.240006,-5.761149,-1.499464,29.311496,20.9334854464
23.63000,10.032914,12.032692,26.488565,-5.552284,-1.459858,28.964811,20.7624448572
23.63500,10.130731,12.042343,26.740581,-5.351943,-1.431009,28.620290,20.6101359540
23.64000,10.223948,12.039744,26.995151,-5.160213,-1.412078,28.278303,20.4760930644
23.64500,10.312184,12.024589,27.251324,-4.977137,-1.402270,27.939163,20.3596911256
23.65000,10.395064,11.996634,27.508110,-4.802721,-1.400843,27.603131,20.2601604119
23.65500,10.472220,11.955710,27.764485,-4.636934,-1.407099,27.270424,20.1766029742
23.66000,10.543297,11.901722,28.019398,-4.479712,-1.420395,26.941220,20.1080104384
23.66500,10.607952,11.834657,28.271776,-4.330968,-1.440136,26.615665,20.0532827676
23.67000,10.665863,11.754583,28.520536,-4.190588,-1.465775,26.293876,20.0112475768
23.67500,10.716727,11.661658,28.764594,-4.058440,-1.496817,25.975947,19.9806795820
23.68000,10.760268,11.556123,29.002871,-3.934374,-1.532809,25.661953,19.9603197931
23.68500,10.796234,11.438310,29.234304,-3.818227,-1.573348,25.351952,19.9488940867
23.69000,10.824407,11.308635,29.457856,-3.709826,-1.618071,25.045988,19.9451308470
23.69500,10.844601,11.167600,29.672527,-3.608990,-1.666656,24.744096,19.9477774131
23.70000,10.856663,11.015787,29.877360,-3.515530,-1.718822,24.446302,19.9556151275
23.70500,10.860482,10.853855,30.071453,-3.429255,-1.774323,24.152626,19.9674728387
23.71000,10.855983,10.682533,30.253967,-3.349972,-1.832950,23.863083,19.9822387597
23.71500,10.843133,10.502614,30.424130,-3.277488,-1.894525,23.577684,19.9988706352
23.72000,10.821941,10.314947,30.581251,-3.211612,-1.958902,23.296441,20.0164042090
23.72500,10.792457,10.120429,30.724718,-3.152155,-2.025962,23.019361,20.0339600199
23.73000,10.754776,9.919996,30.854009,-3.098932,-2.095613,22.746456,20.0507485797
23.73500,10.709031,9.714613,30.968689,-3.051764,-2.167791,22.477734,20.0660740147
23.74000,10.655399,9.505262,31.068420,-3.010478,-2.242451,22.213210,20.0793362632
23.74500,10.594096,9.292939,31.152955,-2.974907,-2.319573,21.952896,20.0900319409
23.75000,10.525374,9.078636,31.222142,-2.944893,-2.399154,21.696811,20.0977539895
23.75500,10.449524,8.863335,31.275920,-2.920285,-2.481212,21.444974,20.1021902357
23.76000,10.366868,8.648002,31.314318,-2.900940,-2.565782,21.197412,20.1031209867
23.76500,10.277760,8.433571,31.337451,-2.886726,-2.652913,20.954152,20.1004157934
23.77000,10.182581,8.220945,31.345513,-2.877519,-2.742671,20.715229,20.0940295098
23.77500,10.081736,8.010981,31.338777,-2.873205,-2.835135,20.480681,20.0839977758
23.78000,9.975651,7.804490,31.317583,-2.873679,-2.930398,20.250552,20.0704320477
23.78500,9.864770,7.602228,31.282334,-2.878847,-3.028562,20.024894,20.0535142938
23.79000,9.749551,7.404896,31.233491,-2.888624,-3.129743,19.803763,20.0334914683
23.79500,9.630462,7.213131,31.171562,-2.902936,-3.234066,19.587223,20.0106698673
23.80000,9.507977,7.027510,31.097097,-2.921717,-3.341667,19.375345,19.9854094621
23.80500,9.382575,6.848545,31.010680,-2.944914,-3.452687,19.168209,19.9581182988
23.81000,9.254733,6.676684,30.912923,-2.972481,-3.567280,18.965902,19.9292470366
23.81500,9.124927,6.512313,30.804458,-3.004384,-3.685606,18.768522,19.8992836928
23.82000,8.993627,6.355754,30.685932,-3.040597,-3.807830,18.576175,19.8687486487
23.82500,8.861292,6.207270,30.557999,-3.081103,-3.934127,18.388979,19.8381899571
23.83000,8.728372,6.067069,30.421316,-3.125898,-4.064675,18.207062,19.8081789860
23.83500,8.595305,5.935300,30.276537,-3.174984,-4.199660,18.030564,19.7793064170
23.84000,8.462510,5.812066,30.124313,-3.228371,-4.339270,17.859639,19.7521786106
23.84500,8.330392,5.697420,29.965280,-3.286082,-4.483701,17.694453,19.7274143364
23.85000,8.199338,5.591373,29.800062,-3.348144,-4.633148,17.535188,19.7056418623
23.85500,8.069715,5.493898,29.629266,-3.414596,-4.787813,17.382041,19.6874963818
23.86000,7.941869,5.404931,29.453483,-3.485482,-4.947898,17.235225,19.6736177572
23.86500,7.816126,5.324379,29.273279,-3.560857,-5.113607,17.094973,19.6646485451
23.87000,7.692792,5.252122,29.089200,-3.640779,-5.285142,16.961534,19.6612322674
23.87500,7.572150,5.188017,28.901772,-3.725316,-5.462709,16.835179,19.6640118856
23.88000,7.454463,5.131901,28.711494,-3.814544,-5.646507,16.716200,19.6736284322
23.88500,7.339971,5.083598,28.518843,-3.908540,-5.836734,16.604911,19.6907197502
23.89000,7.228895,5.042917,28.324274,-4.007393,-6.033585,16.501651,19.7159192899
23.89500,7.121437,5.009660,28.128216,-4.111191,-6.237243,16.406782,19.7498549120
23.90000,7.017775,4.983621,27.931080,-4.220030,-6.447889,16.320696,19.7931476437
23.90500,6.918072,4.964590,27.733252,-4.334010,-6.665688,16.243811,19.8464103382
23.91000,6.822472,4.952358,27.535100,-4.453232,-6.890795,16.176574,19.9102461854
23.91500,6.731100,4.946715,27.336969,-4.577801,-7.123348,16.119463,19.9852470286
23.92000,6.644067,4.947452,27.139189,-4.707822,-7.363466,16.072989,20.0719914392
23.92500,6.561467,4.954366,26.942070,-4.843401,-7.611244,16.037696,20.1710425089
23.93000,6.483381,4.967259,26.745908,-4.984641,-7.866754,16.014159,20.2829453201
23.93500,6.409875,4.985938,26.550983,-5.131646,-8.130035,16.002991,20.4082240589
23.94000,6.341004,5.010219,26.357561,-5.284512,-8.401093,16.004839,20.5473787411
23.94500,6.276809,5.039925,26.165896,-5.443333,-8.679891,16.020385,20.7008815238
23.95000,6.217324,5.074889,25.976229,-5.608195,-8.966349,16.050349,20.8691725809
23.95500,6.162572,5.114949,25.788794,-5.779172,-9.260334,16.095483,21.0526555245
23.96000,6.112566,5.159958,25.603814,-5.956330,-9.561654,16.156575,21.2516923608
23.96500,6.067312,5.209773,25.421502,-6.139719,-9.870054,16.234443,21.4665979698
23.97000,6.026810,5.264263,25.242068,-6.329372,-10.185203,16.329938,21.6976341101
23.97500,5.991054,5.323306,25.065714,-6.525303,-10.506692,16.443934,21.9450029471
23.98000,5.960031,5.386788,24.892636,-6.727504,-10.834023,16.577329,22.2088401173
23.98500,5.933723,5.454605,24.723028,-6.935939,-11.166597,16.731038,22.4892073435
23.99000,5.912111,5.526658,24.557079,-7.150543,-11.503712,16.905985,22.7860846260
23.99500,5.895169,5.602859,24.394977,-7.371216,-11.844549,17.103098,23.0993620453
24.00000,5.882870,5.683125,24.236906,-7.597823,-12.188165,17.323294,23.4288312231
24.00500,5.875184,5.767381,24.083052,-7.830183,-12.533483,17.567474,23.7741765052
24.01000,5.872079,5.855557,23.933597,-8.068069,-12.879285,17.836505,24.1349659443
24.01500,5.873521,5.947587,23.788727,-8.311203,-13.224207,18.131207,24.5106421850
24.02000,5.879474,6.043411,23.648626,-8.559248,-13.566725,18.452336,24.9005133750
24.02500,5.889902,6.142972,23.513480,-8.811807,-13.905160,18.800562,25.3037442539
24.03000,5.904768,6.246215,23.383478,-9.068417,-14.237669,19.176452,25.7193476042
24.03500,5.924034,6.353088,23.258809,-9.328542,-14.562244,19.580443,26.1461762778
24.04000,5.947660,6.463537,23.139667,-9.591570,-14.876720,20.012818,26.5829160513
24.04500,5.975608,6.577511,23.026246,-9.856813,-15.178774,20.473680,27.0280795951
24.05000,6.007837,6.694956,22.918746,-10.123494,-15.465942,20.962924,27.4800018786
24.05500,6.044306,6.815815,22.817370,-10.390756,-15.735628,21.480206,27.9368373647
24.06000,6.084974,6.940031,22.722321,-10.657651,-15.985124,22.024919,28.3965593730
24.06500,6.129798,7.067538,22.633810,-10.923144,-16.211637,22.596162,28.8569620104
24.07000,6.178733,7.198268,22.552050,-11.186112,-16.412321,23.192713,29.3156650731
24.07500,6.231736,7.332143,22.477257,-11.445349,-16.584308,23.813009,29.7701223169
24.08000,6.288758,7.469080,22.409650,-11.699566,-16.724754,24.455127,30.2176334659
24.08500,6.349751,7.608983,22.349453,-11.947402,-16.830888,25.116766,30.6553602809
24.09000,6.414664,7.751749,22.296892,-12.187428,-16.900060,25.795242,31.0803469399
24.09500,6.483441,7.897260,22.252195,-12.418162,-16.929804,26.487490,31.4895448814
24.10000,6.556026,8.045386,22.215591,-12.638078,-16.917892,27.190073,31.8798421417
24.10500,6.632356,8.195982,22.187314,-12.845623,-16.862399,27.899198,32.2480970669
24.11000,6.712365,8.348887,22.167594,-13.039235,-16.761762,28.610753,32.5911761132
24.11500,6.795983,8.503923,22.156663,-13.217362,-16.614839,29.320343,32.9059952604
24.12000,6.883133,8.660891,22.154751,-13.378483,-16.420960,30.023348,33.1895643749
24.12500,6.973730,8.819574,22.162085,-13.521132,-16.179977,30.714980,33.4390336635
24.13000,7.067686,8.979732,22.178889,-13.643920,-15.892296,31.390364,33.6517411830
24.13500,7.164901,9.141103,22.205379,-13.745560,-15.558903,32.044614,33.8252602188
24.14000,7.265269,9.303400,22.241765,-13.824890,-15.181377,32.672918,33.9574452303
24.14500,7.368674,9.466312,22.288247,-13.880898,-14.761882,33.270633,34.0464749991
24.15000,7.474989,9.629501,22.345014,-13.912737,-14.303149,33.833371,34.0908916098
24.15500,7.584077,9.792601,22.412240,-13.919753,-13.808440,34.357085,34.0896339543
24.16000,7.695789,9.955219,22.490082,-13.901490,-13.281495,34.838152,34.0420645783
24.16500,7.809964,10.116935,22.578679,-13.857710,-12.726466,35.273437,33.9479888777
24.17000,7.926426,10.277298,22.678147,-13.788398,-12.147842,35.660358,33.8076659030
24.17500,8.044986,10.435830,22.788577,-13.693762,-11.550358,35.996925,33.6218103139
24.18000,8.165440,10.592024,22.910028,-13.574239,-10.938905,36.281767,33.3915853467
24.18500,8.287568,10.745346,23.042532,-13.430483,-10.318433,36.514142,33.1185869771
24.19000,8.411136,10.895233,23.186080,-13.263356,-9.693853,36.693934,32.8048197720
24.19500,8.535891,11.041099,23.340627,-13.073916,-9.069952,36.821625,32.4526652062
24.20000,8.661565,11.182334,23.506082,-12.863399,-8.451304,36.898259,32.0648434506
24.20500,8.787870,11.318306,23.682309,-12.633194,-7.842196,36.925395,31.6443698140
24.21000,8.914504,11.448365,23.869120,-12.384827,-7.246570,36.905041,31.1945071303
24.21500,9.041146,11.571846,24.066274,-12.119928,-6.667968,36.839591,30.7187154236
24.22000,9.167459,11.688073,24.273471,-11.840214,-6.109500,36.731752,30.2206001590
24.22500,9.293087,11.796365,24.490350,-11.547455,-5.573823,36.584470,29.7038603114
24.23000,9.417660,11.896037,24.716489,-11.243455,-5.063128,36.400859,29.1722373566
24.23500,9.540793,11.986409,24.951398,-10.930025,-4.579147,36.184131,28.6294661348
24.24000,9.662086,12.066813,25.194520,-10.608961,-4.123165,35.937533,28.0792283650
24.24500,9.781127,12.136595,25.445230,-10.282024,-3.696045,35.664288,27.5251094123
24.25000,9.897490,12.195127,25.702833,-9.950922,-3.298255,35.367547,26.9705587465
24.25500,10.010745,12.241812,25.966567,-9.617291,-2.929904,35.050350,26.4188543848
24.26000,10.120449,12.276092,26.235600,-9.282687,-2.590784,34.715585,25.8730714953
24.26500,10.226160,12.297455,26.509037,-8.948572,-2.280404,34.365970,25.3360552521
24.27000,10.327430,12.305443,26.785921,-8.616306,-1.998038,34.004032,24.8103979769
24.27500,10.423813,12.299663,27.065235,-8.287145,-1.742761,33.632093,24.2984205773
24.28000,10.514869,12.279789,27.345911,-7.962230,-1.513487,33.252272,23.8021582842
24.28500,10.600162,12.245572,27.626835,-7.642595,-1.309008,32.866475,23.3233506996
24.29000,10.679271,12.196849,27.906856,-7.329160,-1.128027,32.476410,22.8634361735
24.29500,10.751787,12.133541,28.184789,-7.022734,-0.969185,32.083584,22.4235505317
24.30000,10.817320,12.055667,28.459430,-6.724022,-0.831088,31.689322,22.0045301615
24.30500,10.875503,11.963341,28.729565,-6.433625,-0.712335,31.294774,21.6069194202
24.31000,10.925995,11.856778,28.993978,-6.152045,-0.611530,30.900928,21.2309822716
24.31500,10.968483,11.736293,29.251464,-5.879696,-0.527302,30.508628,20.8767179594
24.32000,11.002689,11.602304,29.500843,-5.616901,-0.458321,30.118585,20.5438804198
24.32500,11.028370,11.455326,29.740964,-5.363907,-0.403302,29.731388,20.2320010140
24.33000,11.045323,11.295970,29.970727,-5.120886,-0.361019,29.347526,19.9404140417
24.33500,11.053388,11.124942,30.189083,-4.887945,-0.330309,28.967392,19.6682843895
24.34000,11.052447,10.943030,30.395053,-4.665128,-0.310076,28.591300,19.4146365932
24.34500,11.042431,10.751101,30.587733,-4.452428,-0.299293,28.219494,19.1783845416
24.35000,11.023315,10.550093,30.766305,-4.249789,-0.297004,27.852159,18.9583610494
24.35500,10.995125,10.341003,30.930042,-4.057111,-0.302323,27.489429,18.7533465577
24.36000,10.957935,10.124878,31.078318,-3.874259,-0.314435,27.131397,18.5620962941
24.36500,10.911868,9.902801,31.210608,-3.701068,-0.332592,26.778121,18.3833653234
24.37000,10.857093,9.675886,31.326495,-3.537343,-0.356115,26.429629,18.2159310422
24.37500,10.793827,9.445259,31.425670,-3.382870,-0.384385,26.085927,18.0586128009
24.38000,10.722331,9.212049,31.507933,-3.237414,-0.416846,25.747001,17.9102884676
24.38500,10.642907,8.977377,31.573191,-3.100729,-0.452998,25.412824,17.7699078724
24.39000,10.555898,8.742347,31.621456,-2.972554,-0.492398,25.083357,17.6365031808
24.39500,10.461684,8.508028,31.652839,-2.852623,-0.534650,24.758554,17.5091963350
24.40000,10.360675,8.275455,31.667547,-2.740665,-0.579410,24.438362,17.3872037754
24.40500,10.253313,8.045610,31.665877,-2.636406,-0.626375,24.122725,17.2698387045
24.41000,10.140064,7.819424,31.648204,-2.539571,-0.675287,23.811584,17.1565111894
24.41500,10.021415,7.597764,31.614981,-2.449887,-0.725922,23.504879,17.0467264167
24.42000,9.897869,7.381430,31.566724,-2.367085,-0.778096,23.202552,16.9400814121
24.42500,9.769945,7.171151,31.504006,-2.290901,-0.831655,22.904543,16.8362605351
24.43000,9.638166,6.967585,31.427449,-2.221076,-0.886475,22.610798,16.7350300344
24.43500,9.503064,6.771314,31.337714,-2.157359,-0.942461,22.321260,16.6362319340
24.44000,9.365168,6.582844,31.235494,-2.099507,-0.999542,22.035879,16.5397774887
24.44500,9.225006,6.402608,31.121503,-2.047286,-1.057671,21.754606,16.4456404211
24.45000,9.083100,6.230967,30.996474,-2.000472,-1.116821,21.477395,16.3538501220
24.45500,8.939962,6.068211,30.861143,-1.958851,-1.176986,21.204204,16.2644849689
24.46000,8.796089,5.914564,30.716252,-1.922219,-1.238177,20.934993,16.1776658869
24.46500,8.651968,5.770185,30.562537,-1.890384,-1.300421,20.669727,16.0935502536
24.47000,8.508064,5.635176,30.400726,-1.863164,-1.363760,20.408373,16.0123262227
24.47500,8.364825,5.509585,30.231531,-1.840389,-1.428248,20.150904,15.9342075220
24.48000,8.222678,5.393408,30.055647,-1.821899,-1.493956,19.897293,15.8594287608
24.48500,8.082029,5.286599,29.873751,-1.807547,-1.560960,19.647521,15.7882412665
24.49000,7.943259,5.189070,29.686492,-1.797197,-1.629353,19.401569,15.7209094527
24.49500,7.806726,5.100700,29.494496,-1.790723,-1.699232,19.159425,15.6577077145
24.50000,7.672764,5.021337,29.298365,-1.788012,-1.770708,18.921077,15.5989178298
24.50500,7.541682,4.950803,29.098668,-1.788960,-1.843898,18.686522,15.5448268438
24.51000,7.413767,4.888902,28.895951,-1.793477,-1.918927,18.455757,15.4957254030
24.51500,7.289279,4.835417,28.690728,-1.801480,-1.995928,18.228786,15.4519065022
24.52000,7.168456,4.790121,28.483490,-1.812900,-2.075042,18.005616,15.4136646062
24.52500,7.051513,4.752776,28.274696,-1.827676,-2.156416,17.786259,15.3812951014
24.53000,6.938643,4.723141,28.064781,-1.845759,-2.240204,17.570734,15.3550940372
24.53500,6.830017,4.700968,27.854156,-1.867109,-2.326568,17.359064,15.3353581132
24.54000,6.725785,4.686010,27.643205,-1.891697,-2.415673,17.151276,15.3223848704
24.54500,6.626080,4.678024,27.432292,-1.919502,-2.507695,16.947406,15.3164730451
24.55000,6.531014,4.676767,27.221757,-1.950514,-2.602812,16.747495,15.3179230491
24.55500,6.440684,4.682006,27.011923,-1.984733,-2.701212,16.551592,15.3270375367
24.56000,6.355171,4.693512,26.803091,-2.022166,-2.803086,16.359751,15.3441220270
24.56500,6.274538,4.711065,26.595547,-2.062832,-2.908633,16.172038,15.3694855499
24.57000,6.198838,4.734456,26.389561,-2.106757,-3.018060,15.988523,15.4034412865
24.57500,6.128111,4.763484,26.185389,-2.153976,-3.131577,15.809289,15.4463071794
24.58000,6.062383,4.797961,25.983275,-2.204533,-3.249403,15.634428,15.4984064893
24.58500,6.001673,4.837709,25.783448,-2.258482,-3.371762,15.464041,15.5600682785
24.59000,5.945988,4.882560,25.586132,-2.315883,-3.498886,15.298244,15.6316278022
24.59500,5.895329,4.932362,25.391537,-2.376807,-3.631011,15.137163,15.7134267930
24.60000,5.849688,4.986968,25.199870,-2.441331,-3.768383,14.980937,15.8058136247
24.60500,5.809051,5.046249,25.011328,-2.509542,-3.911250,14.829724,15.9091433431
24.61000,5.773400,5.110081,24.826104,-2.581535,-4.059870,14.683692,16.0237775538
24.61500,5.742711,5.178354,24.644386,-2.657411,-4.214505,14.543031,16.1500841567
24.62000,5.716955,5.250968,24.466359,-2.737282,-4.375422,14.407947,16.2884369192
24.62500,5.696101,5.327832,24.292206,-2.821266,-4.542895,14.278666,16.4392148797
24.63000,5.680116,5.408864,24.122106,-2.909488,-4.717202,14.155436,16.6028015720
24.63500,5.668964,5.493989,23.956239,-3.002083,-4.898624,14.038529,16.7795840627
24.64000,5.662606,5.583142,23.794785,-3.099190,-5.087446,13.928239,16.9699517924
24.64500,5.661004,5.676264,23.637923,-3.200959,-5.283956,13.824891,17.1742952075
24.65000,5.664119,5.773300,23.485834,-3.307543,-5.488442,13.728835,17.3930041735
24.65500,5.671909,5.874203,23.338702,-3.419104,-5.701192,13.640454,17.6264661527
24.66000,5.684334,5.978929,23.196711,-3.535809,-5.922493,13.560163,17.8750641305
24.66500,5.701355,6.087436,23.060048,-3.657831,-6.152626,13.488414,18.1391742714
24.67000,5.722929,6.199686,22.928907,-3.785348,-6.391867,13.425694,18.4191632816
24.67500,5.749017,6.315642,22.803480,-3.918544,-6.640482,13.372533,18.7153854533
24.68000,5.779578,6.435266,22.683968,-4.057605,-6.898728,13.329501,19.0281793619
24.68500,5.814572,6.558520,22.570574,-4.202720,-7.166843,13.297216,19.3578641843
24.69000,5.853960,6.685365,22.463506,-4.354081,-7.445046,13.276341,19.7047356035
24.69500,5.897699,6.815756,22.362978,-4.511881,-7.733533,13.267590,20.0690612606
24.70000,5.945752,6.949645,22.269207,-4.676310,-8.032469,13.271731,20.4510757155
24.70500,5.998075,7.086979,22.182416,-4.847559,-8.341984,13.289584,20.8509748718
24.71000,6.054628,7.227696,22.102835,-5.025814,-8.662167,13.322027,21.2689098243
24.71500,6.115367,7.371729,22.030696,-5.211253,-8.993054,13.369996,21.7049800838
24.72000,6.180249,7.518996,21.966238,-5.404049,-9.334625,13.434486,22.1592261384
24.72500,6.249226,7.669408,21.909704,-5.604362,-9.686794,13.516552,22.6316213117
24.73000,6.322250,7.822861,21.861341,-5.812338,-10.049393,13.617309,23.1220628832
24.73500,6.399269,7.979239,21.821400,-6.028107,-10.422170,13.737929,23.6303624453
24.74000,6.480228,8.138407,21.790135,-6.251777,-10.804768,13.879643,24.1562354823
24.74500,6.565067,8.300215,21.767803,-6.483429,-11.196718,14.043731,24.6992901685
24.75000,6.653721,8.464493,21.754661,-6.723118,-11.597423,14.231525,25.2590154040
24.75500,6.746119,8.631050,21.750968,-6.970859,-12.006142,14.444395,25.8347681302
24.76000,6.842187,8.799675,21.756982,-7.226631,-12.421976,14.683744,26.4257599924
24.76500,6.941839,8.970130,21.772957,-7.490362,-12.843851,14.950996,27.0310434560
24.77000,7.044984,9.142153,21.799145,-7.761929,-13.270500,15.247578,27.6494975220
24.77500,7.151521,9.315456,21.835790,-8.041147,-13.700452,15.574909,28.2798132351
24.78000,7.261339,9.489723,21.883131,-8.327763,-14.132011,15.934375,28.9204792349
24.78500,7.374317,9.664605,21.941395,-8.621448,-14.563243,16.327304,29.5697676617
24.79000,7.490321,9.839726,22.010795,-8.921790,-14.991963,16.754940,30.2257207977
24.79500,7.609206,10.014677,22.091531,-9.228281,-15.415724,17.218409,30.8861388967
24.80000,7.730813,10.189014,22.183781,-9.540314,-15.831811,17.718683,31.5485697369
24.80500,7.854966,10.362263,22.287705,-9.857172,-16.237235,18.256537,32.2103005028
24.81000,7.981477,10.533915,22.403434,-10.178022,-16.628738,18.832508,32.8683526841
24.81500,8.110138,10.703426,22.531071,-10.501903,-17.002801,19.446843,33.5194807417
24.82000,8.240728,10.870221,22.670686,-10.827726,-17.355661,20.099451,34.1601753465
24.82500,8.373004,11.033690,22.822309,-11.154265,-17.683333,20.789849,34.7866720292
24.83000,8.506707,11.193194,22.985931,-11.480154,-17.981651,21.517112,35.3949660807
24.83500,8.641556,11.348062,23.161496,-11.803889,-18.246310,22.279820,35.9808345115
24.84000,8.777254,11.497599,23.348896,-12.123825,-18.472923,23.076009,36.5398657917
24.84500,8.913481,11.641081,23.547968,-12.438184,-18.657097,23.903135,37.0674979625
24.85000,9.049898,11.777768,23.758491,-12.745062,-18.794507,24.758037,37.5590655031
24.85500,9.186145,11.906901,23.980178,-13.042438,-18.880993,25.636919,38.0098550780
24.86000,9.321844,12.027708,24.212675,-13.328197,-18.912657,26.535341,38.4151699478
24.86500,9.456596,12.139413,24.455557,-13.600142,-18.885978,27.448232,38.7704024378
24.87000,9.589984,12.241239,24.708323,-13.856024,-18.797919,28.369921,39.0711134043
24.87500,9.721574,12.332417,24.970395,-14.093572,-18.646041,29.294187,39.3131171606
24.88000,9.850915,12.412192,25.241118,-14.310521,-18.428612,30.214334,39.4925698363
24.88500,9.977544,12.479831,25.519754,-14.504653,-18.144706,31.123292,39.6060586769
24.89000,10.100983,12.534634,25.805486,-14.673833,-17.794285,32.013733,39.6506893927
24.89500,10.220745,12.575939,26.097417,-14.816053,-17.378264,32.878208,39.6241683641
24.90000,10.336337,12.603138,26.394572,-14.929472,-16.898548,33.709303,39.5248763553
24.90500,10.447259,12.615677,26.695903,-15.012454,-16.358045,34.499800,39.3519304033
24.91000,10.553012,12.613075,27.000290,-15.063612,-15.760644,35.242844,39.1052307650
24.91500,10.653100,12.594925,27.306550,-15.081838,-15.111157,35.932106,38.7854902276
24.92000,10.747033,12.560909,27.613443,-15.066332,-14.415239,36.561938,38.3942437053
24.92500,10.834330,12.510801,27.919679,-15.016631,-13.679269,37.127505,37.9338368389
24.93000,10.914528,12.444479,28.223931,-14.932616,-12.910205,37.624896,37.4073932334
24.93500,10.987181,12.361929,28.524841,-14.814529,-12.115432,38.051212,36.8187609515
24.94000,11.051867,12.263247,28.821037,-14.662964,-11.302579,38.404605,36.1724398681
24.94500,11.108193,12.148647,29.111139,-14.478860,-10.479343,38.684301,35.4734923977
24.95000,11.155798,12.018463,29.393782,-14.263487,-9.653316,38.890575,34.7274408786
24.95500,11.194358,11.873145,29.667617,-14.018414,-8.831812,39.024701,33.9401554744
24.96000,11.223589,11.713261,29.931339,-13.745482,-8.021723,39.088869,33.1177367910
24.96500,11.243253,11.539493,30.183687,-13.446765,-7.229387,39.086080,32.2663975089
24.97000,11.253157,11.352630,30.423468,-13.124528,-6.460488,39.020024,31.3923471721
24.97500,11.253162,11.153563,30.649565,-12.781187,-5.719981,38.894949,30.5016839088
24.98000,11.243177,10.943277,30.860948,-12.419261,-5.012046,38.715518,29.6002963083
24.98500,11.223169,10.722837,31.056686,-12.041332,-4.340068,38.486676,28.6937779961
24.99000,11.193160,10.493381,31.235956,-11.650001,-3.706646,38.213520,27.7873567010
24.99500,11.153227,10.256104,31.398052,-11.247851,-3.113617,37.901176,26.8858388323
25.00000,11.103502,10.012247,31.542386,-10.837408,-2.562101,37.554699,25.9935698482
25.00500,11.044173,9.763080,31.668499,-10.421117,-2.052567,37.178978,25.1144100225
25.01000,10.975481,9.509892,31.776054,-10.001310,-1.584893,36.778666,24.2517246499
25.01500,10.897719,9.253970,31.864846,-9.580185,-1.158448,36.358124,23.4083872759
25.02000,10.811228,8.996595,31.934790,-9.159794,-0.772165,35.921382,22.5867942125
25.02500,10.716392,8.739018,31.985926,-8.742024,-0.424617,35.472113,21.7888884006
25.03000,10.613639,8.482455,32.018410,-8.328598,-0.114094,35.013619,21.0161905937
25.03500,10.503434,8.228073,32.032505,-7.921061,0.161332,34.548836,20.2698358559
25.04000,10.386274,7.976981,32.028578,-7.520788,0.403744,34.080336,19.5506134676
25.04500,10.262684,7.730219,32.007088,-7.128980,0.615323,33.610349,18.8590085027
25.05000,10.133214,7.488753,31.968577,-6.746675,0.798300,33.140777,18.1952435523
25.05500,9.998430,7.253469,31.913660,-6.374749,0.954916,32.673223,17.5593193151
25.06000,9.858913,7.025167,31.843014,-6.013926,1.087388,32.209018,16.9510530310
25.06500,9.715253,6.804561,31.757369,-5.664789,1.197879,31.749245,16.3701139836
25.07000,9.568042,6.592277,31.657494,-5.327788,1.288478,31.294769,15.8160555420
25.07500,9.417873,6.388852,31.544192,-5.003253,1.361182,30.846266,15.2883434271
25.08000,9.265335,6.194737,31.418287,-4.691400,1.417886,30.404243,14.7863800775
25.08500,9.111005,6.010297,31.280615,-4.392348,1.460371,29.969068,14.3095251519
25.09000,8.955450,5.835819,31.132016,-4.106123,1.490306,29.540988,13.8571123273
25.09500,8.799222,5.671510,30.973329,-3.832675,1.509240,29.120149,13.4284626542
25.10000,8.642853,5.517508,30.805383,-3.571880,1.518603,28.706615,13.0228947919
25.10500,8.486855,5.373883,30.628991,-3.323556,1.519713,28.300386,12.6397324922
25.11000,8.331715,5.240645,30.444944,-3.087467,1.513773,27.901404,12.2783097205
25.11500,8.177898,5.117747,30.254013,-2.863332,1.501879,27.509573,11.9379738037
25.12000,8.025841,5.005097,30.056937,-2.650835,1.485026,27.124764,11.6180869868
25.12500,7.875956,4.902558,29.854427,-2.449626,1.464111,26.746827,11.3180267567
25.13000,7.728625,4.809954,29.647163,-2.259333,1.439942,26.375592,11.0371852645
25.13500,7.584203,4.727082,29.435789,-2.079565,1.413239,26.010884,10.7749681429
25.14000,7.443017,4.653709,29.220918,-1.909916,1.384646,25.652518,10.5307929819
25.14500,7.305367,4.589585,29.003128,-1.749969,1.354736,25.300310,10.3040876822
25.15000,7.171525,4.534440,28.782964,-1.599304,1.324013,24.954075,10.0942888750
25.15500,7.041736,4.487995,28.560936,-1.457496,1.292921,24.613633,9.9008405493
25.16000,6.916220,4.449964,28.337526,-1.324121,1.261849,24.278809,9.7231929988
25.16500,6.795171,4.420054,28.113183,-1.198759,1.231134,23.949435,9.5608021586
25.17000,6.678761,4.397975,27.888327,-1.080994,1.201071,23.625347,9.4131293711
25.17500,6.567138,4.383437,27.663351,-0.970418,1.171912,23.306392,9.2796415911
25.18000,6.460430,4.376155,27.438622,-0.866630,1.143871,22.992423,9.1598120093
25.18500,6.358744,4.375852,27.214484,-0.769240,1.117132,22.683303,9.0531210564
25.19000,6.262168,4.382257,26.991255,-0.677868,1.091848,22.378899,8.9590577271
25.19500,6.170774,4.395114,26.769238,-0.592147,1.068148,22.079091,8.8771211547
25.20000,6.084618,4.414173,26.548712,-0.511722,1.046138,21.783761,8.8068223587
25.20500,6.003741,4.439201,26.329943,-0.436249,1.025903,21.492802,8.7476860827
25.21000,5.928171,4.469976,26.113179,-0.365399,1.007512,21.206112,8.6992526469
25.21500,5.857925,4.506288,25.898656,-0.298855,0.991019,20.923594,8.6610797406
25.22000,5.793008,4.547945,25.686596,-0.236313,0.976465,20.645158,8.6327440920
25.22500,5.733416,4.594767,25.477212,-0.177482,0.963882,20.370721,8.6138429630
25.23000,5.679137,4.646587,25.270707,-0.122086,0.953292,20.100203,8.6039954266
25.23500,5.630153,4.703253,25.067276,-0.069858,0.944709,19.833528,8.6028433999
25.24000,5.586438,4.764627,24.867108,-0.020547,0.938142,19.570626,8.6100524154
25.24500,5.547961,4.830584,24.670387,0.026089,0.933596,19.311430,8.6253121242
25.25000,5.514688,4.901012,24.477289,0.070278,0.931073,19.055877,8.6483365344
25.25500,5.486580,4.975809,24.287992,0.112239,0.930571,18.803908,8.6788639967
25.26000,5.463597,5.054888,24.102669,0.152179,0.932088,18.555466,8.7166569512
25.26500,5.445695,5.138170,23.921490,0.190294,0.935621,18.310497,8.7615014598
25.27000,5.432830,5.225589,23.744629,0.226772,0.941169,18.068950,8.8132065434
25.27500,5.424956,5.317084,23.572255,0.261791,0.948730,17.830777,8.8716033522
25.28000,5.422027,5.412605,23.404542,0.295521,0.958305,17.595931,8.9365441908
25.28500,5.423998,5.512111,23.241665,0.328122,0.969895,17.364370,9.0079014220
25.29000,5.430823,5.615565,23.083801,0.359748,0.983506,17.136050,9.0855662723
25.29500,5.442457,5.722936,22.931129,0.390546,0.999146,16.910934,9.1694475570
25.30000,5.458857,5.834199,22.783835,0.420654,1.016827,16.688982,9.2594703439
25.30500,5.479977,5.949330,22.642105,0.450206,1.036564,16.470160,9.3555745679
25.31000,5.505778,6.068311,22.506132,0.479331,1.058376,16.254433,9.4577136114
25.31500,5.536217,6.191121,22.376116,0.508151,1.082289,16.041771,9.5658528570
25.32000,5.571255,6.317744,22.252259,0.536784,1.108330,15.832143,9.6799682226
25.32500,5.610853,6.448158,22.134771,0.565343,1.136533,15.625521,9.8000446810
25.33000,5.654973,6.582344,22.023868,0.593939,1.166937,15.421879,9.9260747696
25.33500,5.703578,6.720275,21.919773,0.622678,1.199585,15.221194,10.0580570895
25.34000,5.756631,6.861921,21.822714,0.651664,1.234529,15.023443,10.1959947947
25.34500,5.814095,7.007246,21.732929,0.680998,1.271823,14.828608,10.3398940702
25.35000,5.875934,7.156206,21.650660,0.710779,1.311529,14.636670,10.4897625954
25.35500,5.942109,7.308747,21.576156,0.741105,1.353715,14.447614,10.6456079906
25.36000,6.012584,7.464807,21.509676,0.772072,1.398455,14.261429,10.8074362421
25.36500,6.087318,7.624308,21.451482,0.803775,1.445830,14.078104,10.9752501017
25.37000,6.166269,7.787160,21.401843,0.836309,1.495928,13.897632,11.1490474565
25.37500,6.249392,7.953258,21.361036,0.869768,1.548843,13.720010,11.3288196639
25.38000,6.336639,8.122478,21.329340,0.904248,1.604678,13.545237,11.5145498485
25.38500,6.427958,8.294678,21.307041,0.939843,1.663541,13.373315,11.7062111558
25.39000,6.523291,8.469694,21.294427,0.976650,1.725551,13.204253,11.9037649614
25.39500,6.622576,8.647339,21.291790,1.014766,1.790831,13.038059,12.1071590312
25.40000,6.725743,8.827402,21.299420,1.054290,1.859517,12.874750,12.3163256328
25.40500,6.832715,9.009645,21.317610,1.095323,1.931749,12.714344,12.5311795981
25.41000,6.943406,9.193800,21.346650,1.137967,2.007678,12.556868,12.7516163368
25.41500,7.057721,9.379571,21.386823,1.182329,2.087465,12.402352,12.9775098066
25.42000,7.175554,9.566629,21.438410,1.228517,2.171277,12.250833,13.2087104435
25.42500,7.296787,9.754608,21.501679,1.276643,2.259294,12.102354,13.4450430601
25.43000,7.421290,9.943112,21.576888,1.326821,2.351705,11.956965,13.6863047225
25.43500,7.548918,10.131703,21.664281,1.379172,2.448708,11.814725,13.9322626183
25.44000,7.679513,10.319909,21.764080,1.433817,2.550512,11.675701,14.1826519319
25.44500,7.812897,10.507215,21.876487,1.490885,2.657338,11.539970,14.4371737463
25.45000,7.948877,10.693069,22.001678,1.550507,2.769418,11.407617,14.6954929948
25.45500,8.087242,10.876879,22.139797,1.612822,2.886993,11.278741,14.9572364883
25.46000,8.227760,11.058012,22.290953,1.677973,3.010319,11.153452,15.2219910512
25.46500,8.370180,11.235795,22.455214,1.746107,3.139661,11.031872,15.4893017973
25.47000,8.514227,11.409520,22.632603,1.817381,3.275299,10.914139,15.7586705884
25.47500,8.659607,11.578438,22.823092,1.891954,3.417522,10.800407,16.0295547148
25.48000,8.806000,11.741770,23.026596,1.969995,3.566635,10.690846,16.3013658473
25.48500,8.953066,11.898703,23.242970,2.051677,3.722953,10.585646,16.5734693085
25.49000,9.100438,12.048399,23.471999,2.137184,3.886803,10.485019,16.8451837184
25.49500,9.247728,12.189996,23.713399,2.226704,4.058528,10.389196,17.1157810685
25.50000,9.394524,12.322617,23.966805,2.320433,4.238478,10.298435,17.3844872823
25.50500,9.540389,12.445372,24.231773,2.418578,4.427019,10.213021,17.6504833196
25.51000,9.684866,12.557370,24.507770,2.521350,4.624527,10.133269,17.9129068829
25.51500,9.827476,12.657722,24.794174,2.628971,4.831387,10.059522,18.1708547795
25.52000,9.967721,12.745556,25.090272,2.741669,5.047996,9.992163,18.4233859940
25.52500,10.105085,12.820022,25.395256,2.859684,5.274759,9.931610,18.6695255177
25.53000,10.239035,12.880302,25.708223,2.983260,5.512086,9.878322,18.9082689760
25.53500,10.369028,12.925626,26.028174,3.112653,5.760394,9.832804,19.1385880876
25.54000,10.494509,12.955277,26.354022,3.248123,6.020104,9.795608,19.3594369803
25.54500,10.614917,12.968607,26.684586,3.389942,6.291634,9.767339,19.5697593753
25.55000,10.729690,12.965045,27.018605,3.538386,6.575402,9.748659,19.7684966414
25.55500,10.838266,12.944113,27.354740,3.693739,6.871818,9.740289,19.9545967088
25.56000,10.940091,12.905431,27.691583,3.856291,7.181280,9.743019,20.1270238155
25.56500,11.034622,12.848730,28.027666,4.026337,7.504171,9.757705,20.2847690505
25.57000,11.121330,12.773862,28.361476,4.204175,7.840850,9.785280,20.4268616400
25.57500,11.199710,12.680805,28.691463,4.390105,8.191645,9.826758,20.5523809169
25.58000,11.269285,12.569672,29.016059,4.584429,8.556848,9.883236,20.6604688975
25.58500,11.329606,12.440712,29.333690,4.787446,8.936699,9.955899,20.7503433861
25.59000,11.380266,12.294317,29.642793,4.999452,9.331382,10.046027,20.8213115179
25.59500,11.420896,12.131015,29.941836,5.220734,9.741009,10.154998,20.8727836478
25.60000,11.451179,11.951477,30.229328,5.451569,10.165605,10.284289,20.9042874895
25.60500,11.470846,11.756506,30.503841,5.692222,10.605093,10.435479,20.9154824053
25.61000,11.479684,11.547031,30.764027,5.942934,11.059278,10.610253,20.9061737469
25.61500,11.477539,11.324102,31.008628,6.203924,11.527824,10.810397,20.8763271374
25.62000,11.464320,11.088876,31.236494,6.475381,12.010235,11.037799,20.8260825767
25.62500,11.439996,10.842603,31.446597,6.757453,12.505828,11.294441,20.7557682291
25.63000,11.404603,10.586615,31.638034,7.050244,13.013711,11.582393,20.6659137198
25.63500,11.358241,10.322308,31.810047,7.353806,13.532753,11.903802,20.5572627127
25.64000,11.301075,10.051125,31.962018,7.668123,14.061553,12.260874,20.4307844670
25.64500,11.233333,9.774541,32.093481,7.993106,14.598414,12.655855,20.2876839654
25.65000,11.155302,9.494041,32.204118,8.328579,15.141308,13.091003,20.1294100654
25.65500,11.067332,9.211110,32.293762,8.674269,15.687849,13.568557,19.9576609551
25.66000,10.969823,8.927207,32.362392,9.029788,16.235258,14.090693,19.7743859812
25.66500,10.863229,8.643758,32.410127,9.394622,16.780340,14.659480,19.5817826833
25.67000,10.748050,8.362135,32.437219,9.768117,17.319459,15.276824,19.3822876186
25.67500,10.624824,8.083647,32.444046,10.149458,17.848517,15.944396,19.1785593312
25.68000,10.494129,7.809524,32.431099,10.537664,18.362952,16.663565,18.9734516487
25.68500,10.356570,7.540913,32.398972,10.931565,18.857728,17.435314,18.7699754425
25.69000,10.212777,7.278867,32.348348,11.329790,19.327356,18.260147,18.5712471329
25.69500,10.063398,7.024338,32.279989,11.730758,19.765920,19.137997,18.3804226548
25.70000,9.909093,6.778177,32.194720,12.132667,20.167121,20.068124,18.2006163875
25.70500,9.750529,6.541128,32.093419,12.533489,20.524349,21.049014,18.0348057495
25.71000,9.588375,6.313831,31.977001,12.930962,20.830775,22.078285,17.8857237575
25.71500,9.423295,6.096822,31.846410,13.322604,21.079460,23.152598,17.7557437307
25.72000,9.255944,5.890533,31.702606,13.705712,21.263501,24.267579,17.6467622892
25.72500,9.086965,5.695302,31.546554,14.077384,21.376196,25.417772,17.5600885211
25.73000,8.916983,5.511372,31.379214,14.434540,21.411228,26.596604,17.4963482981
25.73500,8.746602,5.338903,31.201537,14.773958,21.362868,27.796401,17.4554128605
25.74000,8.576402,5.177971,31.014452,15.092310,21.226194,29.008427,17.4363597422
25.74500,8.406939,5.028582,30.818865,15.386216,20.997303,30.222983,17.4374718646
25.75000,8.238737,4.890674,30.615652,15.652299,20.673523,31.429541,17.4562774521
25.75500,8.072293,4.764130,30.405652,15.887253,20.253603,32.616936,17.4896297820
25.76000,7.908070,4.648777,30.189670,16.087908,19.737868,33.773597,17.5338222438
25.76500,7.746502,4.544403,29.968471,16.251305,19.128336,34.887821,17.5847312771
25.77000,7.587988,4.450756,29.742778,16.374774,18.428774,35.948073,17.6379778278
25.77500,7.432896,4.367556,29.513274,16.456000,17.644693,36.943306,17.6890971642
25.78000,7.281561,4.294496,29.280600,16.493089,16.783279,37.863280,17.7337071189
25.78500,7.134286,4.231253,29.045358,16.484633,15.853243,38.698870,17.7676658776
25.79000,6.991343,4.177491,28.808107,16.429747,14.864618,39.442333,17.7872120206
25.79500,6.852976,4.132865,28.569372,16.328108,13.828494,40.087535,17.7890813812
25.80000,6.719399,4.097027,28.329638,16.179967,12.756705,40.630115,17.7705972006
25.80500,6.590797,4.069629,28.089355,15.986153,11.661494,41.067578,17.7297318821
25.81000,6.467331,4.050327,27.848943,15.748054,10.555165,41.399310,17.6651402817
25.81500,6.349138,4.038784,27.608789,15.467586,9.449742,41.626529,17.5761658729
25.82000,6.236330,4.034670,27.369252,15.147143,8.356656,41.752159,17.4628222434
25.82500,6.128999,4.037669,27.130665,14.789540,7.286470,41.780649,17.3257532349
25.83000,6.027218,4.047476,26.893336,14.397943,6.248654,41.717753,17.1661755898
25.83500,5.931040,4.063801,26.657551,13.975798,5.251426,41.570267,16.9858082615
25.84000,5.840504,4.086370,26.423579,13.526747,4.301640,41.345768,16.7867925791
25.84500,5.755632,4.114925,26.191667,13.054556,3.404743,41.052338,16.5716072759
25.85000,5.676434,4.149225,25.962050,12.563038,2.564790,40.698308,16.3429820361
25.85500,5.602909,4.189044,25.734945,12.055985,1.784491,40.292030,16.1038127380
25.86000,5.535042,4.234177,25.510560,11.537105,1.065312,39.841664,15.8570810149
25.86500,5.472814,4.284433,25.289091,11.009969,0.407593,39.355021,15.6057801875
25.87000,5.416193,4.339641,25.070724,10.477963,-0.189312,38.839422,15.3528490521
25.87500,5.365145,4.399643,24.855640,9.944259,-0.726882,38.301610,15.1011145062
25.88000,5.319628,4.464300,24.644011,9.411782,-1.207283,37.747685,14.8532435382
25.88500,5.279597,4.533487,24.436006,8.883196,-1.633217,37.183074,14.6117047441
25.89000,5.245001,4.607095,24.231788,8.360892,-2.007790,36.612526,14.3787392335
25.89500,5.215788,4.685030,24.031521,7.846987,-2.334386,36.040125,14.1563405601
25.90000,5.191907,4.767208,23.835362,7.343324,-2.616556,35.469327,13.9462431364
25.90500,5.173300,4.853561,23.643473,6.851482,-2.857931,34.902996,13.7499184575
25.91000,5.159914,4.944031,23.456012,6.372783,-3.062137,34.343461,13.5685783548
25.91500,5.151694,5.038572,23.273141,5.908312,-3.232736,33.792567,13.4031844171
25.92000,5.148584,5.137148,23.095022,5.458929,-3.373179,33.251734,13.2544626446
25.92500,5.150532,5.239730,22.921820,5.025287,-3.486765,32.722008,13.1229223543
25.93000,5.157487,5.346298,22.753704,4.607849,-3.576616,32.204123,13.0088783206
25.93500,5.169397,5.456841,22.590847,4.206912,-3.645661,31.698542,12.9124751278
25.94000,5.186216,5.571349,22.433427,3.822616,-3.696628,31.205507,12.8337127370
25.94500,5.207896,5.689821,22.281627,3.454969,-3.732035,30.725081,12.7724723231
25.95000,5.234394,5.812259,22.135634,3.103860,-3.754196,30.257183,12.7285415304
25.95500,5.265669,5.938664,21.995646,2.769077,-3.765224,29.801618,12.7016384085
25.96000,5.301681,6.069043,21.861863,2.450317,-3.767040,29.358106,12.6914334325
25.96500,5.342393,6.203400,21.734495,2.147205,-3.761381,28.926309,12.6975691605
25.97000,5.387770,6.341738,21.613760,1.859303,-3.749810,28.505841,12.7196772332
25.97500,5.437779,6.484058,21.499883,1.586123,-3.733730,28.096293,12.7573925682
25.98000,5.492388,6.630357,21.393098,1.327135,-3.714394,27.697242,12.8103647263
25.98500,5.551566,6.780627,21.293648,1.081778,-3.692918,27.308263,12.8782665406
25.99000,5.615284,6.934852,21.201784,0.849467,-3.670292,26.928934,12.9608001801
25.99500,5.683513,7.093008,21.117767,0.629600,-3.647391,26.558846,13.0577008836
26.00000,5.756224,7.255061,21.041867,0.421563,-3.624985,26.197606,13.1687386347
26.00500,5.833387,7.420966,20.974362,0.224738,-3.603754,25.844841,13.2937180697
26.01000,5.914971,7.590662,20.915541,0.038508,-3.584289,25.500198,13.4324769106
26.01500,6.000945,7.764075,20.865700,-0.137746,-3.567109,25.163350,13.5848832036
26.02000,6.091272,7.941113,20.825144,-0.304631,-3.552665,24.833992,13.7508316244
26.02500,6.185915,8.121663,20.794183,-0.462747,-3.541349,24.511843,13.9302390847
26.03000,6.284832,8.305594,20.773139,-0.612685,-3.533498,24.196649,14.1230398455
26.03500,6.387975,8.492747,20.762335,-0.755018,-3.529407,23.888175,14.3291803086
26.04000,6.495290,8.682941,20.762102,-0.890308,-3.529327,23.586212,14.5486136335
26.04500,6.606718,8.875965,20.772773,-1.019099,-3.533477,23.290572,14.7812942907
26.05000,6.722191,9.071579,20.794683,-1.141919,-3.542044,23.001087,15.0271726438
26.05500,6.841630,9.269508,20.828168,-1.259279,-3.555190,22.717611,15.2861896228
26.06000,6.964947,9.469445,20.873561,-1.371671,-3.573056,22.440014,15.5582715373
26.06500,7.092044,9.671045,20.931190,-1.479573,-3.595763,22.168187,15.8433250577
26.07000,7.222808,9.873923,21.001376,-1.583440,-3.623418,21.902036,16.1412323824
26.07500,7.357111,10.077654,21.084429,-1.683714,-3.656116,21.641485,16.4518465977
26.08000,7.494812,10.281769,21.180644,-1.780818,-3.693943,21.386471,16.7749872327
26.08500,7.635751,10.485755,21.290300,-1.875159,-3.736976,21.136948,17.1104360075
26.09000,7.779750,10.689053,21.413650,-1.967128,-3.785290,20.892885,17.4579327708
26.09500,7.926612,10.891056,21.550921,-2.057098,-3.838952,20.654262,17.8171716281
26.10000,8.076118,11.091110,21.702309,-2.145431,-3.898032,20.421076,18.1877972621
26.10500,8.228027,11.288512,21.867969,-2.232471,-3.962595,20.193335,18.5694014548
26.11000,8.382074,11.482512,22.048015,-2.318551,-4.032710,19.971060,18.9615198271
26.11500,8.537970,11.672313,22.242507,-2.403991,-4.108447,19.754287,19.3636288188
26.12000,8.695399,11.857074,22.451451,-2.489097,-4.189876,19.543064,19.7751429416
26.12500,8.854019,12.035909,22.674791,-2.574166,-4.277075,19.337452,20.1954123474
26.13000,9.013460,12.207896,22.912397,-2.659482,-4.370121,19.137525,20.6237207602
26.13500,9.173325,12.372074,23.164066,-2.745320,-4.469098,18.943372,21.0592838328
26.14000,9.333188,12.527457,23.429509,-2.831947,-4.574094,18.755096,21.5012479938
26.14500,9.492596,12.673032,23.708348,-2.919619,-4.685199,18.572814,21.9486898576
26.15000,9.651067,12.807771,24.000111,-3.008586,-4.802512,18.396658,22.4006162779
26.15500,9.808093,12.930641,24.304223,-3.099091,-4.926134,18.226776,22.8559651234
26.16000,9.963139,13.040608,24.620003,-3.191368,-5.056168,18.063333,23.3136068607
26.16500,10.115650,13.136652,24.946662,-3.285646,-5.192724,17.906512,23.7723470208
26.17000,10.265043,13.217780,25.283297,-3.382149,-5.335915,17.756511,24.2309296282
26.17500,10.410721,13.283033,25.628894,-3.481095,-5.485854,17.613550,24.6880416553
26.18000,10.552067,13.331506,25.982324,-3.582695,-5.642657,17.477867,25.1423185585
26.18500,10.688453,13.362356,26.342350,-3.687159,-5.806442,17.349723,25.5923509336
26.19000,10.819244,13.374820,26.707625,-3.794691,-5.977324,17.229398,26.0366923111
26.19500,10.943797,13.368227,27.076703,-3.905489,-6.155417,17.117198,26.4738680863
26.20000,11.061474,13.342013,27.448043,-4.019748,-6.340833,17.013452,26.9023855574
26.20500,11.171642,13.295735,27.820025,-4.137660,-6.533675,16.918514,27.3207450121
26.21000,11.273679,13.229081,28.190953,-4.259411,-6.734041,16.832765,27.7274517780
26.21500,11.366985,13.141886,28.559079,-4.385183,-6.942020,16.756612,28.1210291175
26.22000,11.450982,13.034134,28.922612,-4.515153,-7.157687,16.690492,28.5000318182
26.22500,11.525124,12.905973,29.279739,-4.649492,-7.381102,16.634873,28.8630603025
26.23000,11.588904,12.757715,29.628644,-4.788368,-7.612307,16.590250,29.2087750510
26.23500,11.641859,12.589842,29.967526,-4.931938,-7.851322,16.557153,29.5359111115
26.24000,11.683574,12.403005,30.294622,-5.080356,-8.098141,16.536141,29.8432924489
26.24500,11.713692,12.198017,30.608227,-5.233763,-8.352728,16.527807,30.1298458783
26.25000,11.731918,11.975856,30.906713,-5.392295,-8.615011,16.532775,30.3946143183
26.25500,11.738021,11.737645,31.188554,-5.556074,-8.884880,16.551704,30.6367691030
26.26000,11.731839,11.484649,31.452336,-5.725210,-9.162178,16.585282,30.8556211021
26.26500,11.713285,11.218258,31.696783,-5.899800,-9.446697,16.634228,31.0506304135
26.27000,11.682344,10.939967,31.920765,-6.079923,-9.738170,16.699293,31.2214144162
26.27500,11.639080,10.651363,32.123312,-6.265642,-10.036268,16.781250,31.3677540004
26.28000,11.583631,10.354099,32.303626,-6.456996,-10.340587,16.880899,31.4895978253
26.28500,11.516211,10.049879,32.461085,-6.654002,-10.650647,16.999060,31.5870644878
26.29000,11.437106,9.740431,32.595245,-6.856652,-10.965879,17.136565,31.6604425253
26.29500,11.346674,9.427488,32.705844,-7.064907,-11.285618,17.294259,31.7101882112
26.30000,11.245339,9.112766,32.792796,-7.278694,-11.609100,17.472984,31.7369211316
26.30500,11.133589,8.797946,32.856187,-7.497905,-11.935445,17.673580,31.7414175682
26.31000,11.011965,8.484649,32.896268,-7.722391,-12.263658,17.896867,31.7246017325
26.31500,10.881063,8.174427,32.913439,-7.951959,-12.592616,18.143636,31.6875349196
26.32000,10.741521,7.868742,32.908243,-8.186368,-12.921064,18.414638,31.6314026661
26.32500,10.594016,7.568956,32.881351,-8.425322,-13.247610,18.710565,31.5575000080
26.33000,10.439255,7.276319,32.833541,-8.668469,-13.570717,19.032035,31.4672149436
26.33500,10.277970,6.991964,32.765689,-8.915398,-13.888703,19.379575,31.3620102173
26.34000,10.110906,6.716898,32.678751,-9.165629,-14.199742,19.753596,31.2434035497
26.34500,9.938822,6.452003,32.573743,-9.418615,-14.501860,20.154375,31.1129464567
26.35000,9.762477,6.198032,32.451732,-9.673734,-14.792946,20.582031,30.9722018233
26.35500,9.582629,5.955612,32.313815,-9.930291,-15.070756,21.036496,30.8227204308
26.36000,9.400023,5.725247,32.161109,-10.187509,-15.332928,21.517498,30.6660166846
26.36500,9.215392,5.507324,31.994734,-10.444534,-15.576995,22.024529,30.5035438419
26.37000,9.029450,5.302117,31.815807,-10.700430,-15.800407,22.556821,30.3366691151
26.37500,8.842884,5.109797,31.625427,-10.954180,-16.000559,23.113326,30.1666490985
26.38000,8.656357,4.930436,31.424669,-11.204690,-16.174818,23.692692,29.9946060548
26.38500,8.470497,4.764022,31.214573,-11.450791,-16.320563,24.293246,29.8215056717
26.39000,8.285902,4.610463,30.996144,-11.691243,-16.435221,24.912979,29.6481369750
26.39500,8.103134,4.469596,30.770340,-11.924745,-16.516317,25.549540,29.4750951305
26.40000,7.922717,4.341199,30.538075,-12.149940,-16.561521,26.200230,29.3027678839
26.40500,7.745138,4.225001,30.300212,-12.365431,-16.568700,26.862014,29.1313263748
26.41000,7.570847,4.120683,30.057564,-12.569787,-16.535971,27.531528,28.9607209849
26.41500,7.400253,4.027897,29.810893,-12.761567,-16.461757,28.205107,28.7906827709
26.42000,7.233729,3.946264,29.560910,-12.939328,-16.344837,28.878817,28.6207308621
26.42500,7.071612,3.875387,29.308276,-13.101649,-16.184396,29.548497,28.4501859904
26.43000,6.914201,3.814855,29.053605,-13.247151,-15.980071,30.209811,28.2781900771
26.43500,6.761760,3.764250,28.797462,-13.374514,-15.731983,30.858310,28.1037315316
26.44000,6.614521,3.723150,28.540369,-13.482502,-15.440765,31.489500,27.9256756483
26.44500,6.472684,3.691137,28.282807,-13.569982,-15.107580,32.098915,27.7427992370
26.45000,6.336418,3.667797,28.025217,-13.635948,-14.734120,32.682198,27.5538283983
26.45500,6.205865,3.652728,27.768004,-13.679538,-14.322600,33.235175,27.3574781943
26.46000,6.081139,3.645539,27.511539,-13.700050,-13.875730,33.753941,27.1524928524
26.46500,5.962331,3.645854,27.256162,-13.696962,-13.396678,34.234925,26.9376851140
26.47000,5.849510,3.653314,27.002186,-13.669943,-12.889022,34.674966,26.7119733729
26.47500,5.742724,3.667578,26.749896,-13.618860,-12.356682,35.071364,26.4744153620
26.48000,5.642003,3.688325,26.499558,-13.543784,-11.803852,35.421928,26.2242373150
26.48500,5.547358,3.715253,26.251415,-13.444994,-11.234920,35.725011,25.9608577506
26.49000,5.458789,3.748083,26.005691,-13.322971,-10.654385,35.979527,25.6839052816
26.49500,5.376281,3.786554,25.762597,-13.178393,-10.066771,36.184957,25.3932301198
26.50000,5.299806,3.830430,25.522327,-13.012127,-9.476543,36.341336,25.0889092230
26.50500,5.229330,3.879493,25.285066,-12.825208,-8.888034,36.449229,24.7712452849
26.51000,5.164806,3.933546,25.050987,-12.618831,-8.305365,36.509697,24.4407599976
26.51500,5.106185,3.992413,24.820254,-12.394326,-7.732390,36.524249,24.0981822099
26.52000,5.053409,4.055936,24.593025,-12.153137,-7.172637,36.494788,23.7444317434
26.52500,5.006417,4.123979,24.369453,-11.896802,-6.629272,36.423550,23.3805997313
26.53000,4.965144,4.196420,24.149685,-11.626929,-6.105068,36.313038,23.0079263863
26.53500,4.929522,4.273157,23.933867,-11.345173,-5.602389,36.165965,22.6277771110
26.54000,4.899484,4.354103,23.722142,-11.053212,-5.123181,35.985182,22.2416178199
26.54500,4.874961,4.439187,23.514653,-10.752729,-4.668982,35.773622,21.8509902776
26.55000,4.855884,4.528353,23.311541,-10.445388,-4.240930,35.534247,21.4574881540
26.55500,4.842186,4.621558,23.112952,-10.132819,-3.839785,35.269995,21.0627343903
26.56000,4.833799,4.718769,22.919029,-9.816601,-3.465958,34.983735,20.6683603429
26.56500,4.830662,4.819969,22.729923,-9.498247,-3.119541,34.678237,20.2759870498
26.57000,4.832710,4.925148,22.545786,-9.179196,-2.800339,34.356138,19.8872088454
26.57500,4.839886,5.034306,22.366774,-8.860797,-2.507909,34.019922,19.5035794342
26.58000,4.852134,5.147451,22.193048,-8.544310,-2.241596,33.671903,19.1266004394
26.58500,4.869401,5.264598,22.024777,-8.230896,-2.000564,33.314215,18.7577123539
26.59000,4.891638,5.385770,21.862134,-7.921613,-1.783836,32.948808,18.3982877520
26.59500,4.918800,5.510992,21.705301,-7.617420,-1.590322,32.577446,18.0496265657
26.60000,4.950844,5.640294,21.554465,-7.319172,-1.418848,32.201715,17.7129531887
26.60500,4.987732,5.773709,21.409824,-7.027623,-1.268186,31.823023,17.3894151459
26.61000,5.029430,5.911269,21.271584,-6.743431,-1.137074,31.442612,17.0800830503
26.61500,5.075906,6.053008,21.139958,-6.467160,-1.024240,31.061569,16.7859515698
26.62000,5.127132,6.198958,21.015173,-6.199283,-0.928415,30.680834,16.5079411296
26.62500,5.183081,6.349149,20.897463,-5.940189,-0.848353,30.301217,16.2469000946
26.63000,5.243731,6.503604,20.787073,-5.690190,-0.782837,29.923406,16.0036071977
26.63500,5.309062,6.662345,20.684260,-5.449521,-0.730696,29.547981,15.7787740084
26.64000,5.379053,6.825381,20.589292,-5.218353,-0.690807,29.175425,15.5730472708
26.64500,5.453689,6.992716,20.502448,-4.996793,-0.662104,28.806138,15.3870109772
26.65000,5.532951,7.164342,20.424020,-4.784893,-0.643580,28.440442,15.2211880824
26.65500,5.616822,7.340239,20.354310,-4.582655,-0.634289,28.078597,15.0760418046
26.66000,5.705286,7.520370,20.293633,-4.390035,-0.633352,27.720806,14.9519764976
26.66500,5.798324,7.704685,20.242315,-4.206953,-0.639951,27.367225,14.8493381160
26.67000,5.895915,7.893112,20.200695,-4.033291,-0.653332,27.017968,14.7684143235
26.67500,5.998035,8.085560,20.169119,-3.868904,-0.672806,26.673119,14.7094343228
26.68000,6.104657,8.281913,20.147948,-3.713620,-0.697740,26.332729,14.6725684984
26.68500,6.215749,8.482030,20.137547,-3.567249,-0.727563,25.996831,14.6579279729
26.69000,6.331272,8.685741,20.138295,-3.429580,-0.761759,25.665436,14.6655641741
26.69500,6.451180,8.892846,20.150573,-3.300391,-0.799866,25.338541,14.6954685003
26.70000,6.575419,9.103109,20.174770,-3.179448,-0.841470,25.016134,14.7475721517
26.70500,6.703926,9.316260,20.211277,-3.066511,-0.886207,24.698190,14.8217461718
26.71000,6.836625,9.531986,20.260488,-2.961335,-0.933759,24.384680,14.9178017182
26.71500,6.973430,9.749936,20.322793,-2.863671,-0.983846,24.075571,15.0354905503
26.72000,7.114240,9.969711,20.398580,-2.773270,-1.036230,23.770826,15.1745057030
26.72500,7.258936,10.190866,20.488225,-2.689885,-1.090708,23.470407,15.3344822889
26.73000,7.407385,10.412904,20.592095,-2.613271,-1.147112,23.174275,15.5149983633
26.73500,7.559433,10.635277,20.710539,-2.543190,-1.205305,22.882391,15.7155757753
26.74000,7.714908,10.857382,20.843886,-2.479406,-1.265178,22.594719,15.9356809340
26.74500,7.873611,11.078561,20.992434,-2.421693,-1.326649,22.311223,16.1747254199
26.75000,8.035325,11.298097,21.156453,-2.369830,-1.389661,22.031870,16.4320663934
26.75500,8.199802,11.515213,21.336170,-2.323607,-1.454179,21.756629,16.7070067625
26.76000,8.366770,11.729078,21.531765,-2.282821,-1.520190,21.485474,16.9987951002
26.76500,8.535927,11.938798,21.743367,-2.247281,-1.587697,21.218379,17.3066253192
26.77000,8.706942,12.143426,21.971040,-2.216804,-1.656725,20.955324,17.6296361386
26.77500,8.879449,12.341959,22.214779,-2.191218,-1.727312,20.696291,17.9669103976
26.78000,9.053055,12.533343,22.474502,-2.170361,-1.799512,20.441268,18.3174742930
26.78500,9.227330,12.716478,22.750038,-2.154085,-1.873394,20.190244,18.6802966331
26.79000,9.401810,12.890223,23.041120,-2.142248,-1.949036,19.943215,19.0542882188
26.79500,9.576000,13.053404,23.347381,-2.134722,-2.026532,19.700179,19.4383014716
26.80000,9.749368,13.204821,23.668338,-2.131391,-2.105985,19.461140,19.8311304375
26.80500,9.921352,13.343259,24.003391,-2.132148,-2.187508,19.226106,20.2315113010
26.81000,10.091355,13.467500,24.351816,-2.136897,-2.271225,18.995090,20.6381235419
26.81500,10.258753,13.576335,24.712755,-2.145555,-2.357267,18.768111,21.0495918668
26.82000,10.422891,13.668577,25.085218,-2.158046,-2.445776,18.545192,21.4644890355
26.82500,10.583091,13.743079,25.468078,-2.174308,-2.536899,18.326364,21.8813396939
26.83000,10.738653,13.798749,25.860067,-2.194289,-2.630795,18.111662,22.2986253074
26.83500,10.888859,13.834565,26.259786,-2.217947,-2.727626,17.901129,22.7147902640
26.84000,11.032979,13.849599,26.665700,-2.245248,-2.827564,17.694814,23.1282491979
26.84500,11.170275,13.843028,27.076151,-2.276173,-2.930788,17.492773,23.5373955470
26.85000,11.300008,13.814156,27.489364,-2.310708,-3.037482,17.295072,23.9406113300
26.85500,11.421447,13.762430,27.903460,-2.348851,-3.147838,17.101785,24.3362780904
26.86000,11.533869,13.687455,28.316471,-2.390610,-3.262054,16.912992,24.7227889164
26.86500,11.636576,13.589011,28.726357,-2.436002,-3.380334,16.728787,25.0985614079
26.87000,11.728894,13.467062,29.131026,-2.485054,-3.502888,16.549272,25.4620514225
26.87500,11.810187,13.321770,29.528357,-2.537799,-3.629935,16.374562,25.8117673960
26.88000,11.879863,13.153498,29.916221,-2.594283,-3.761694,16.204782,26.1462850015
26.88500,11.937380,12.962815,30.292511,-2.654559,-3.898396,16.040072,26.4642618828
26.89000,11.982256,12.750497,30.655164,-2.718689,-4.040272,15.880585,26.7644521775
26.89500,12.014077,12.517521,31.002188,-2.786743,-4.187563,15.726491,27.0457205363
26.90000,12.032499,12.265058,31.331691,-2.858799,-4.340510,15.577973,27.3070553384
26.90500,12.037258,11.994465,31.641902,-2.934944,-4.499362,15.435235,27.5475808145
26.91000,12.028174,11.707262,31.931197,-3.015273,-4.664369,15.298498,27.7665678074
26.91500,12.005151,11.405121,32.198117,-3.099889,-4.835788,15.168003,27.9634429258
26.92000,11.968184,11.089839,32.441390,-3.188901,-5.013875,15.044013,28.1377958905
26.92500,11.917360,10.763317,32.659942,-3.282427,-5.198890,14.926816,28.2893849136
26.93000,11.852853,10.427533,32.852909,-3.380590,-5.391091,14.816723,28.4181400068
26.93500,11.774931,10.084515,33.019646,-3.483521,-5.590737,14.714072,28.5241641713
26.94000,11.683943,9.736313,33.159725,-3.591358,-5.798087,14.619229,28.6077324780
26.94500,11.580326,9.384971,33.272938,-3.704243,-6.013391,14.532593,28.6692891068
26.95000,11.464591,9.032503,33.359293,-3.822323,-6.236899,14.454593,28.7094424632
26.95500,11.337323,8.680865,33.419000,-3.945752,-6.468850,14.385693,28.7289585418
26.96000,11.199172,8.331935,33.452463,-4.074686,-6.709472,14.326392,28.7287527419
26.96500,11.050844,7.987489,33.460264,-4.209284,-6.958981,14.277232,28.7098803709
26.97000,10.893096,7.649187,33.443147,-4.349710,-7.217575,14.238790,28.6735260899
26.97500,10.726725,7.318556,33.401997,-4.496125,-7.485433,14.211689,28.6209925618
26.98000,10.552560,6.996981,33.337823,-4.648695,-7.762707,14.196596,28.5536885558
26.98500,10.371454,6.685695,33.251734,-4.807580,-8.049520,14.194223,28.4731167489
26.99000,10.184275,6.385776,33.144923,-4.972941,-8.345958,14.205332,28.3808614328
26.99500,9.991896,6.098145,33.018641,-5.144933,-8.652068,14.230732,28.2785763035
27.00000,9.795190,5.823566,32.874182,-5.323703,-8.967847,14.271284,28.1679724639
27.00500,9.595019,5.562653,32.712867,-5.509392,-9.293236,14.327898,28.0508067206
27.01000,9.392232,5.315871,32.536018,-5.702128,-9.628112,14.401536,27.9288702025
27.01500,9.187654,5.083548,32.344955,-5.902026,-9.972278,14.493210,27.8039772757
27.02000,8.982083,4.865882,32.140972,-6.109183,-10.325455,14.603978,27.6779546722
27.02500,8.776284,4.662951,31.925335,-6.323675,-10.687270,14.734947,27.5526307022
27.03000,8.570986,4.474727,31.699263,-6.545555,-11.057243,14.887264,27.4298243730
27.03500,8.366881,4.301084,31.463931,-6.774846,-11.434780,15.062112,27.3113342003
27.04000,8.164615,4.141810,31.220454,-7.011539,-11.819153,15.260705,27.1989264774
27.04500,7.964794,3.996622,30.969891,-7.255585,-12.209494,15.484278,27.0943227489
27.05000,7.767977,3.865173,30.713234,-7.506891,-12.604777,15.734076,26.9991862487
27.05500,7.574678,3.747067,30.451416,-7.765317,-13.003807,16.011342,26.9151070799
27.06000,7.385365,3.641864,30.185303,-8.030665,-13.405205,16.317297,26.8435859636
27.06500,7.200461,3.549095,29.915697,-8.302674,-13.807395,16.653128,26.7860164459
27.07000,7.020347,3.468267,29.643339,-8.581015,-14.208595,17.019959,26.7436655430
27.07500,6.845358,3.398873,29.368909,-8.865283,-14.606804,17.418834,26.7176529080
27.08000,6.675790,3.340399,29.093032,-9.154989,-14.999797,17.850679,26.7089287293
27.08500,6.511898,3.292329,28.816274,-9.449555,-15.385118,18.316279,26.7182507007
27.09000,6.353900,3.254152,28.539155,-9.748303,-15.760080,18.816238,26.7461605443
27.09500,6.201979,3.225365,28.262145,-10.050455,-16.121770,19.350942,26.7929607000
27.10000,6.056283,3.205480,27.985670,-10.355120,-16.467053,19.920520,26.8586919163
27.10500,5.916933,3.194024,27.710116,-10.661294,-16.792595,20.524799,26.9431125773
27.11000,5.784018,3.190544,27.435832,-10.967856,-17.094881,21.163266,27.0456806700
27.11500,5.657603,3.194610,27.163135,-11.273562,-17.370247,21.835018,27.1655393287
27.12000,5.537729,3.205813,26.892311,-11.577050,-17.614921,22.538726,27.3015068878
27.12500,5.424415,3.223769,26.623618,-11.876835,-17.825071,23.272594,27.4520723241
27.13000,5.317661,3.248120,26.357293,-12.171322,-17.996866,24.034327,27.6153968777
27.13500,5.217452,3.278535,26.093550,-12.458804,-18.126541,24.821105,27.7893225109
27.14000,5.123757,3.314705,25.832584,-12.737480,-18.210478,25.629569,27.9713876985
27.14500,5.036531,3.356352,25.574576,-13.005463,-18.245286,26.455814,28.1588508433
27.15000,4.955719,3.403218,25.319692,-13.260802,-18.227892,27.295397,28.3487213901
27.15500,4.881258,3.455075,25.068088,-13.501501,-18.155634,28.143369,28.5377984614
27.16000,4.813076,3.511717,24.819908,-13.725542,-18.026352,28.994311,28.7227165814
27.16500,4.751095,3.572962,24.575290,-13.930916,-17.838481,29.842399,28.8999977826
27.17000,4.695235,3.638649,24.334364,-14.115651,-17.591127,30.681481,29.0661091155
27.17500,4.645408,3.708643,24.097258,-14.277845,-17.284142,31.505172,29.2175243238
27.18000,4.601529,3.782826,23.864093,-14.415703,-16.918177,32.306970,29.3507882014
27.18500,4.563508,3.861100,23.634990,-14.527567,-16.494717,33.080374,29.4625819459
27.19000,4.531259,3.943389,23.410068,-14.611956,-16.016094,33.819023,29.5497876685
27.19500,4.504692,4.029631,23.189446,-14.667593,-15.485476,34.516827,29.6095501373
27.20000,4.483724,4.119781,22.973245,-14.693439,-14.906827,35.168108,29.6393338259
27.20500,4.468271,4.213812,22.761587,-14.688718,-14.284847,35.767724,29.6369734280
27.21000,4.458252,4.311707,22.554596,-14.652937,-13.624879,36.311186,29.6007161819
27.21500,4.453592,4.413466,22.352401,-14.585898,-12.932803,36.794758,29.5292546218
27.22000,4.454216,4.519099,22.155135,-14.487716,-12.214908,37.215532,29.4217487282
27.22500,4.460058,4.628627,21.962935,-14.358809,-11.477751,37.571478,29.2778368654
27.23000,4.471053,4.742081,21.775945,-14.199901,-10.728013,37.861469,29.0976353446
27.23500,4.487142,4.859501,21.594315,-14.012005,-9.972353,38.085277,28.8817269163
27.24000,4.508271,4.980935,21.418203,-13.796407,-9.217265,38.243541,28.6311389301
27.24500,4.534393,5.106436,21.247774,-13.554640,-8.468946,38.337713,28.3473122951
27.25000,4.565462,5.236064,21.083201,-13.288455,-7.733187,38.369980,28.0320626907
27.25500,4.601441,5.369881,20.924668,-12.999786,-7.015274,38.343175,27.6875357062
27.26000,4.642296,5.507954,20.772368,-12.690720,-6.319910,38.260669,27.3161577193
27.26500,4.687998,5.650352,20.626504,-12.363453,-5.651171,38.126259,26.9205843568
27.27000,4.738524,5.797143,20.487290,-12.020259,-5.012469,37.944061,26.5036483164
27.27500,4.793854,5.948395,20.354952,-11.663448,-4.406548,37.718392,26.0683081904
27.28000,4.853974,6.104173,20.229730,-11.295339,-3.835492,37.453672,25.6175997248
27.28500,4.918871,6.264540,20.111874,-10.918219,-3.300751,37.154327,25.1545906992
27.29000,4.988538,6.429552,20.001648,-10.534325,-2.803187,36.824703,24.6823403389
27.29500,5.062971,6.599261,19.899332,-10.145808,-2.343118,36.469001,24.2038638862
27.30000,5.142167,6.773707,19.805218,-9.754721,-1.920378,36.091218,23.7221026899
27.30500,5.226125,6.952922,19.719613,-9.362997,-1.534379,35.695101,23.2398999152
27.31000,5.314847,7.136925,19.642840,-8.972437,-1.184173,35.284120,22.7599817551
27.31500,5.408334,7.325722,19.575236,-8.584699,-0.868516,34.861446,22.2849438371
27.32000,5.506586,7.519300,19.517153,-8.201297,-0.585925,34.429944,21.8172423650
27.32500,5.609605,7.717630,19.468960,-7.823591,-0.334738,33.992169,21.3591894200
27.33000,5.717388,7.920660,19.431040,-7.452790,-0.113160,33.550377,20.9129517653
27.33500,5.829930,8.128315,19.403789,-7.089957,0.080688,33.106535,20.4805524466
27.34000,5.947222,8.340492,19.387620,-6.736008,0.248729,32.662337,20.0638744582
27.34500,6.069251,8.557058,19.382957,-6.391720,0.392899,32.219226,19.6646657474
27.35000,6.195995,8.777850,19.390238,-6.057740,0.515115,31.778412,19.2845448554
27.35500,6.327425,9.002667,19.409910,-5.734589,0.617251,31.340899,18.9250065354
27.36000,6.463505,9.231268,19.442431,-5.422673,0.701122,30.907501,18.5874267574
27.36500,6.604184,9.463371,19.488265,-5.122292,0.768470,30.478871,18.2730665889
27.37000,6.749401,9.698647,19.547879,-4.833649,0.820949,30.055515,17.9830745480
27.37500,6.899080,9.936717,19.621745,-4.556857,0.860122,29.637818,17.7184871411
27.38000,7.053131,10.177149,19.710330,-4.291950,0.887453,29.226055,17.4802274368
27.38500,7.211443,10.419454,19.814096,-4.038893,0.904308,28.820416,17.2691016739
27.39000,7.373885,10.663083,19.933495,-3.797588,0.911951,28.421014,17.0857940516
27.39500,7.540308,10.907423,20.068962,-3.567880,0.911549,28.027899,16.9308600015
27.40000,7.710534,11.151796,20.220910,-3.349571,0.904171,27.641073,16.8047183702
27.40500,7.884362,11.395454,20.389724,-3.142420,0.890795,27.260499,16.7076430502
27.41000,8.061562,11.637579,20.575752,-2.946153,0.872307,26.886106,16.6397546617
27.41500,8.241872,11.877279,20.779301,-2.760469,0.849509,26.517802,16.6010129097
27.42000,8.424999,12.113593,21.000622,-2.585044,0.823124,26.155475,16.5912102081
27.42500,8.610616,12.345484,21.239907,-2.419536,0.793800,25.799002,16.6099670821
27.43000,8.798358,12.571843,21.497273,-2.263591,0.762113,25.448251,16.6567297387
27.43500,8.987824,12.791495,21.772759,-2.116843,0.728578,25.103085,16.7307700438
27.44000,9.178571,13.003197,22.066308,-1.978925,0.693646,24.763366,16.8311879846
27.44500,9.370119,13.205648,22.377760,-1.849462,0.657715,24.428956,16.9569165440
27.45000,9.561943,13.397491,22.706841,-1.728083,0.621131,24.099718,17.1067287855
27.45500,9.753478,13.577329,23.053150,-1.614418,0.584196,23.775519,17.2792468534
27.46000,9.944119,13.743726,23.416150,-1.508101,0.547168,23.456230,17.4729525452
27.46500,10.133216,13.895228,23.795159,-1.408772,0.510267,23.141727,17.6861991011
27.47000,10.320084,14.030372,24.189340,-1.316081,0.473680,22.831890,17.9172238836
27.47500,10.503998,14.147706,24.597695,-1.229684,0.437561,22.526606,18.1641616732
27.48000,10.684196,14.245804,25.019059,-1.149247,0.402037,22.225765,18.4250583747
27.48500,10.859890,14.323288,25.452096,-1.074450,0.367210,21.929265,18.6978849993
27.49000,11.030259,14.378848,25.895299,-1.004979,0.333161,21.637007,18.9805518582
27.49500,11.194466,14.411265,26.346993,-0.940538,0.299949,21.348900,19.2709229565
27.50000,11.351652,14.419434,26.805337,-0.880837,0.267617,21.064854,19.5668306124
27.50500,11.500955,14.402387,27.268338,-0.825603,0.236192,20.784786,19.8660903490
27.51000,11.641507,14.359318,27.733859,-0.774572,0.205689,20.508617,20.1665161008
27.51500,11.772452,14.289601,28.199636,-0.727495,0.176108,20.236272,20.4659357610
27.52000,11.892945,14.192815,28.663299,-0.684135,0.147443,19.967679,20.7622070637
27.52500,12.002172,14.068759,29.122396,-0.644265,0.119675,19.702769,21.0532337502
27.53000,12.099351,13.917468,29.574415,-0.607672,0.092780,19.441479,21.3369819198
27.53500,12.183747,13.739227,30.016820,-0.574154,0.066728,19.183746,21.6114964140
27.54000,12.254683,13.534575,30.447079,-0.543522,0.041481,18.929510,21.8749170328
27.54500,12.311544,13.304309,30.862695,-0.515596,0.016999,18.678715,22.1254943378
27.55000,12.353793,13.049483,31.261247,-0.490208,-0.006765,18.431306,22.3616047609
27.55500,12.380976,12.771401,31.640417,-0.467201,-0.029857,18.187229,22.5817647148
27.56000,12.392731,12.471601,31.998027,-0.446426,-0.052329,17.946436,22.7846433911
27.56500,12.388792,12.151840,32.332070,-0.427747,-0.074233,17.708875,22.9690739376
27.57000,12.369000,11.814073,32.640737,-0.411034,-0.095625,17.474501,23.1340627236
27.57500,12.333300,11.460420,32.922444,-0.396167,-0.116559,17.243267,23.2787964415
27.58000,12.281749,11.093142,33.175849,-0.383037,-0.137093,17.015128,23.4026468367
27.58500,12.214513,10.714606,33.399870,-0.371540,-0.157283,16.790041,23.5051729181
27.59000,12.131868,10.327249,33.593697,-0.361581,-0.177189,16.567964,23.5861205691
27.59500,12.034196,9.933540,33.756793,-0.353073,-0.196867,16.348855,23.6454195514
27.60000,11.921980,9.535949,33.888895,-0.345935,-0.216377,16.132676,23.6831779641
27.60500,11.795801,9.136909,33.990009,-0.340094,-0.235776,15.919386,23.6996742967
27.61000,11.656328,8.738784,34.060396,-0.335482,-0.255124,15.708948,23.6953472768
27.61500,11.504309,8.343837,34.100559,-0.332038,-0.274478,15.501325,23.6707837715
27.62000,11.340565,7.954208,34.111225,-0.329708,-0.293899,15.296479,23.6267050492
27.62500,11.165976,7.571884,34.093318,-0.328442,-0.313444,15.094376,23.5639517416
27.63000,10.981473,7.198688,34.047938,-0.328195,-0.333172,14.894980,23.4834678677
27.63500,10.788026,6.836260,33.976333,-0.328927,-0.353142,14.698259,23.3862842879
27.64000,10.586633,6.486048,33.879874,-0.330605,-0.373413,14.504178,23.2735019529
27.64500,10.378308,6.149303,33.760025,-0.333199,-0.394045,14.312705,23.1462752933
27.65000,10.164073,5.827080,33.618320,-0.336682,-0.415098,14.123808,23.0057960692
27.65500,9.944947,5.520236,33.456336,-0.341034,-0.436633,13.937457,22.8532779652
27.66000,9.721934,5.229440,33.275669,-0.346237,-0.458711,13.753622,22.6899421735
27.66500,9.496021,4.955178,33.077917,-0.352277,-0.481393,13.572272,22.5170041635
27.67000,9.268163,4.697766,32.864657,-0.359146,-0.504744,13.393381,22.3356617908
27.67500,9.039282,4.457363,32.637430,-0.366836,-0.528826,13.216919,22.1470848493
27.68000,8.810258,4.233984,32.397727,-0.375345,-0.553707,13.042861,21.9524061308
27.68500,8.581925,4.027514,32.146981,-0.384673,-0.579453,12.871179,21.7527140091
27.69000,8.355070,3.837725,31.886555,-0.394824,-0.606132,12.701850,21.5490465353
27.69500,8.130426,3.664289,31.617734,-0.405806,-0.633816,12.534849,21.3423869926
27.70000,7.908674,3.506795,31.341726,-0.417629,-0.662577,12.370152,21.1336608393
27.70500,7.690438,3.364764,31.059657,-0.430306,-0.692491,12.207738,20.9237339405
27.71000,7.476287,3.237660,30.772567,-0.443854,-0.723634,12.047585,20.7134119801
27.71500,7.266737,3.124904,30.481418,-0.458291,-0.756087,11.889674,20.5034409292
27.72000,7.062249,3.025886,30.187088,-0.473641,-0.789933,11.733986,20.2945084437
27.72500,6.863228,2.939975,29.890379,-0.489929,-0.825260,11.580504,20.0872460609
27.73000,6.670034,2.866530,29.592019,-0.507184,-0.862155,11.429211,19.8822320685
27.73500,6.482973,2.804907,29.292665,-0.525438,-0.900714,11.280093,19.6799949215
27.74000,6.302307,2.754466,28.992910,-0.544724,-0.941034,11.133137,19.4810170922
27.74500,6.128254,2.714579,28.693283,-0.565082,-0.983217,10.988332,19.2857392460
27.75000,5.960992,2.684633,28.394261,-0.586552,-1.027368,10.845668,19.0945646452
27.75500,5.800659,2.664037,28.096267,-0.609179,-1.073600,10.705138,18.9078636964
27.76000,5.647359,2.652224,27.799677,-0.633011,-1.122028,10.566737,18.7259785644
27.76500,5.501164,2.648653,27.504828,-0.658098,-1.172776,10.430460,18.5492277903
27.77000,5.362118,2.652812,27.212015,-0.684497,-1.225969,10.296309,18.3779108589
27.77500,5.230235,2.664222,26.921504,-0.712266,-1.281743,10.164285,18.2123126726
27.78000,5.105510,2.682434,26.633527,-0.741466,-1.340237,10.034393,18.0527078964
27.78500,4.987915,2.707030,26.348294,-0.772166,-1.401600,9.906642,17.8993651486
27.79000,4.877404,2.737626,26.065989,-0.804434,-1.465985,9.781043,17.7525510165
27.79500,4.773914,2.773871,25.786778,-0.838346,-1.533555,9.657613,17.6125338829
27.80000,4.677372,2.815443,25.510811,-0.873982,-1.604480,9.536371,17.4795875561
27.80500,4.587691,2.862054,25.238221,-0.911425,-1.678940,9.417342,17.3539946954
27.81000,4.504775,2.913443,24.969133,-0.950764,-1.757122,9.300555,17.2360500294
27.81500,4.428523,2.969381,24.703658,-0.992093,-1.839224,9.186046,17.1260633658
27.82000,4.358825,3.029666,24.441902,-1.035511,-1.925452,9.073855,17.0243623902
27.82500,4.295569,3.094122,24.183964,-1.081123,-2.016026,8.964032,16.9312952509
27.83000,4.238641,3.162599,23.929937,-1.129039,-2.111172,8.856630,16.8472329278
27.83500,4.187926,3.234973,23.679913,-1.179376,-2.211132,8.751713,16.7725713793
27.84000,4.143308,3.311141,23.433981,-1.232257,-2.316157,8.649354,16.7077334595
27.84500,4.104672,3.391023,23.192227,-1.287810,-2.426510,8.549634,16.6531705958
27.85000,4.071906,3.474558,22.954741,-1.346173,-2.542470,8.452645,16.6093642149
27.85500,4.044901,3.561705,22.721611,-1.407489,-2.664326,8.358493,16.5768269011
27.86000,4.023552,3.652441,22.492930,-1.471909,-2.792382,8.267294,16.5561032712
27.86500,4.007757,3.746761,22.268790,-1.539591,-2.926958,8.179179,16.5477705450
27.87000,3.997421,3.844672,22.049290,-1.610702,-3.068386,8.094297,16.5524387938
27.87500,3.992453,3.946199,21.834531,-1.685419,-3.217014,8.012812,16.5707508456
27.88000,3.992768,4.051378,21.624622,-1.763925,-3.373208,7.934907,16.6033818280
27.88500,3.998289,4.160257,21.419676,-1.846413,-3.537345,7.860787,16.6510383327
27.89000,4.008942,4.272897,21.219811,-1.933087,-3.709822,7.790680,16.7144571862
27.89500,4.024664,4.389367,21.025156,-2.024159,-3.891050,7.724839,16.7944038168
27.90000,4.045394,4.509745,20.835844,-2.119852,-4.081458,7.663544,16.8916702129
27.90500,4.071083,4.634118,20.652019,-2.220399,-4.281489,7.607108,17.0070724701
27.91000,4.101684,4.762578,20.473835,-2.326044,-4.491602,7.555875,17.1414479337
27.91500,4.137161,4.895225,20.301452,-2.437042,-4.712273,7.510228,17.2956519427
27.92000,4.177481,5.032163,20.135045,-2.553658,-4.943989,7.470590,17.4705541897
27.92500,4.222622,5.173497,19.974799,-2.676169,-5.187253,7.437429,17.6670347074
27.93000,4.272564,5.319338,19.820909,-2.804864,-5.442579,7.411259,17.8859794968
27.93500,4.327296,5.469798,19.673585,-2.940042,-5.710490,7.392651,18.1282758047
27.94000,4.386813,5.624986,19.533051,-3.082014,-5.991517,7.382232,18.3948070516
27.94500,4.451115,5.785013,19.399543,-3.231102,-6.286196,7.380692,18.6864474044
27.95000,4.520206,5.949987,19.273314,-3.387636,-6.595064,7.388792,19.0040559673
27.95500,4.594097,6.120011,19.154632,-3.551960,-6.918655,7.407366,19.3484705560
27.96000,4.672803,6.295184,19.043781,-3.724424,-7.257493,7.437330,19.7205009924
27.96500,4.756342,6.475595,18.941063,-3.905388,-7.612088,7.479687,20.1209218403
27.97000,4.844736,6.661327,18.846797,-4.095217,-7.982928,7.535536,20.5504644780
27.97500,4.938009,6.852452,18.761321,-4.294283,-8.370469,7.606075,21.0098083787
27.98000,5.036189,7.049027,18.684992,-4.502961,-8.775126,7.692613,21.4995714503
27.98500,5.139303,7.251094,18.618185,-4.721625,-9.197261,7.796573,22.0202992616
27.99000,5.247378,7.458681,18.561298,-4.950648,-9.637169,7.919501,22.5724529683
27.99500,5.360442,7.671790,18.514745,-5.190398,-10.095059,8.063069,23.1563957352
28.00000,5.478521,7.890404,18.478962,-5.441231,-10.571042,8.229085,23.7723774460
28.00500,5.601637,8.114478,18.454405,-5.703490,-11.065103,8.419493,24.4205174889
28.01000,5.729810,8.343939,18.441550,-5.977495,-11.577082,8.636381,25.1007854143
28.01500,5.863054,8.578679,18.440890,-6.263541,-12.106649,8.881976,25.8129792781
28.02000,6.001374,8.818553,18.452939,-6.561885,-12.653266,9.158646,26.5567015127
28.02500,6.144769,9.063379,18.478225,-6.872742,-13.216165,9.468894,27.3313322114
28.03000,6.293229,9.312926,18.517294,-7.196271,-13.794304,9.815351,28.1359997725
28.03500,6.446729,9.566917,18.570702,-7.532564,-14.386332,10.200758,28.9695489307
28.04000,6.605233,9.825019,18.639019,-7.881638,-14.990550,10.627948,29.8305063065
28.04500,6.768687,10.086841,18.722820,-8.243412,-15.604860,11.099820,30.7170437376
28.05000,6.937021,10.351931,18.822684,-8.617700,-16.226730,11.619302,31.6269398182
28.05500,7.110144,10.619769,18.939190,-9.004188,-16.853141,12.189306,32.5575402675
28.06000,7.287942,10.889760,19.072909,-9.402417,-17.480550,12.812671,33.5057179831
28.06500,7.470275,11.161236,19.224402,-9.811764,-18.104843,13.492098,34.4678339012
28.07000,7.656977,11.433445,19.394210,-10.231423,-18.721308,14.230067,35.4397000896
28.07500,7.847851,11.705552,19.582845,-10.660379,-19.324603,15.028745,36.4165468302
28.08000,8.042665,11.976632,19.790787,-11.097392,-19.908745,15.889877,37.3929957941
28.08500,8.241152,12.245671,20.018467,-11.540975,-20.467110,16.814665,38.3630417636
28.09000,8.443008,12.511561,20.266260,-11.989375,-20.992457,17.803640,39.3200456793
28.09500,8.647885,12.773100,20.534475,-12.440556,-21.476972,18.856521,40.2567420594
28.10000,8.855392,13.028993,20.823338,-12.892190,-21.912344,19.972066,41.1652640146
28.10500,9.065091,13.277854,21.132982,-13.341644,-22.289873,21.147934,42.0371891069
28.11000,9.276498,13.518210,21.463430,-13.785985,-22.600618,22.380543,42.8636091365
28.11500,9.489075,13.748505,21.814585,-14.221983,-22.835574,23.664953,43.6352265155
28.12000,9.702236,13.967109,22.186211,-14.646130,-22.985895,24.994767,44.3424791672
28.12500,9.915340,14.172328,22.577918,-15.054667,-23.043153,26.362077,44.9756948210
28.13000,10.127695,14.362415,22.989153,-15.443624,-22.999619,27.757451,45.5252741591
28.13500,10.338555,14.535588,23.419179,-15.808869,-22.848575,29.169978,45.9819005116
28.14000,10.547125,14.690048,23.867069,-16.146177,-22.584628,30.587382,46.3367717746
28.14500,10.752558,14.823997,24.331690,-16.451304,-22.204014,31.996209,46.5818480318
28.15000,10.953964,14.935662,24.811699,-16.720077,-21.704889,33.382084,46.7101061810
28.15500,11.150410,15.023324,25.305534,-16.948486,-21.087558,34.730043,46.7157908902
28.16000,11.340927,15.085342,25.811416,-17.132791,-20.354650,36.024925,46.5946496857
28.16500,11.524514,15.120187,26.327345,-17.269619,-19.511203,37.251809,46.3441391444
28.17000,11.700150,15.126469,26.851110,-17.356069,-18.564659,38.396478,45.9635892211
28.17500,11.866799,15.102970,27.380299,-17.389799,-17.524743,39.445888,45.4543138495
28.18000,12.023421,15.048677,27.912313,-17.369109,-16.403241,40.388600,44.8196581323
28.18500,12.168983,14.962808,28.444390,-17.293001,-15.213685,41.215171,44.0649756115
28.19000,12.302470,14.844844,28.973630,-17.161219,-13.970940,41.918455,43.1975330607
28.19500,12.422899,14.694551,29.497025,-16.974269,-12.690741,42.493812,42.2263446480
28.20000,12.529330,14.512002,30.011498,-16.733410,-11.389194,42.939202,41.1619417690
28.20500,12.620883,14.297590,30.513938,-16.440624,-10.082263,43.255168,40.0160889317
28.21000,12.696744,14.052042,31.001249,-16.098563,-8.785295,43.444705,38.8014593800
28.21500,12.756185,13.776418,31.470390,-15.710471,-7.512589,43.513031,37.5312863844
28.22000,12.798573,13.472106,31.918426,-15.280100,-6.277033,43.467284,36.2190071283
28.22500,12.823381,13.140815,32.342570,-14.811608,-5.089840,43.316159,34.8779158446
28.23000,12.830200,12.784550,32.740226,-14.309448,-3.960363,43.069514,33.5208414297
28.23500,12.818743,12.405591,33.109036,-13.778270,-2.896017,42.737975,32.1598623922
28.24000,12.788855,12.006456,33.446911,-13.222806,-1.902271,42.332554,30.8060689796
28.24500,12.740519,11.589865,33.752064,-12.647781,-0.982732,41.864298,29.4693789668
28.25000,12.673853,11.158696,34.023035,-12.057820,-0.139272,41.343990,28.1584101951
28.25500,12.589112,10.715938,34.258706,-11.457375,0.627786,40.781902,26.8804097459
28.26000,12.486688,10.264644,34.458315,-10.850665,1.319464,40.187602,25.6412368234
28.26500,12.367102,9.807882,34.621455,-10.241623,1.937908,39.569823,24.4453941052
28.27000,12.231001,9.348685,34.748065,-9.633861,2.486167,38.936380,23.2961005755
28.27500,12.079142,8.890007,34.838424,-9.030652,2.967983,38.294133,22.1953976912
28.28000,11.912391,8.434682,34.893125,-8.434910,3.387591,37.648988,21.1442801381
28.28500,11.731704,7.985386,34.913053,-7.849195,3.749547,37.005933,20.1428423722
28.29000,11.538117,7.544603,34.899354,-7.275714,4.058580,36.369090,19.1904325529
28.29500,11.332730,7.114603,34.853401,-6.716333,4.319460,35.741784,18.2858062945
28.30000,11.116695,6.697417,34.776759,-6.172597,4.536902,35.126625,17.4272737884
28.30500,10.891203,6.294829,34.671148,-5.645749,4.715485,34.525592,16.6128351901
28.31000,10.657464,5.908366,34.538407,-5.136751,4.859589,33.940112,15.8403006022
28.31500,10.416700,5.539297,34.380457,-4.646311,4.973356,33.371148,15.1073924145
28.32000,10.170128,5.188637,34.199268,-4.174908,5.060661,32.819269,14.4118290776
28.32500,9.918948,4.857154,33.996830,-3.722813,5.125099,32.284725,13.7513905233
28.33000,9.664334,4.545384,33.775120,-3.290119,5.169977,31.767504,13.1239663413
28.33500,9.407425,4.253644,33.536081,-2.876757,5.198315,31.267393,12.5275884651
28.34000,9.149312,3.982053,33.281601,-2.482522,5.212858,30.784019,11.9604505129
28.34500,8.891037,3.730544,33.013493,-2.107094,5.216084,30.316897,11.4209161048
28.35000,8.633581,3.498896,32.733485,-1.750049,5.210219,29.865461,10.9075184636
28.35500,8.377864,3.286744,32.443206,-1.410887,5.197255,29.429091,10.4189534683
28.36000,8.124742,3.093604,32.144182,-1.089035,5.178966,29.007139,9.9540680914
28.36500,7.875001,2.918895,31.837829,-0.783871,5.156926,28.598947,9.5118458736
28.37000,7.629359,2.761954,31.525453,-0.494728,5.132526,28.203861,9.0913907884
28.37500,7.388466,2.622056,31.208250,-0.220909,5.106992,27.821243,8.6919105641
28.38000,7.152901,2.498430,30.887308,0.038305,5.081396,27.450480,8.3127002661
28.38500,6.923179,2.390274,30.563610,0.283646,5.056680,27.090988,7.9531267126
28.39000,6.699750,2.296769,30.238040,0.515855,5.033662,26.742220,7.6126141120
28.39500,6.483000,2.217088,29.911388,0.735673,5.013052,26.403665,7.2906311534
28.40000,6.273258,2.150410,29.584357,0.943838,4.995465,26.074851,6.9866796719
28.40500,6.070797,2.095926,29.257567,1.141077,4.981431,25.755347,6.7002849239
28.41000,5.875836,2.052848,28.931565,1.328110,4.971404,25.444760,6.4309874509
28.41500,5.688548,2.020411,28.606829,1.505639,4.965773,25.142734,6.1783364750
28.42000,5.509058,1.997885,28.283778,1.674349,4.964868,24.848954,5.9418847466
28.42500,5.337452,1.984573,27.962772,1.834910,4.968970,24.563137,5.7211847566
28.43000,5.173780,1.979813,27.644126,1.987968,4.978314,24.285036,5.5157862180
28.43500,5.018055,1.982986,27.328110,2.134150,4.993099,24.014437,5.3252347232
28.44000,4.870263,1.993513,27.014956,2.274060,5.013491,23.751155,5.1490714782
28.44500,4.730362,2.010853,26.704862,2.408283,5.039627,23.495035,4.9868340107
28.45000,4.598287,2.034510,26.397999,2.537378,5.071621,23.245951,4.8380577419
28.45500,4.473953,2.064027,26.094513,2.661883,5.109567,23.003800,4.7022782980
28.46000,4.357258,2.098988,25.794527,2.782315,5.153542,22.768505,4.5790344234
28.46500,4.248085,2.139016,25.498150,2.899167,5.203607,22.540013,4.4678713446
28.47000,4.146307,2.183772,25.205472,3.012913,5.259815,22.318293,4.3683444191
28.47500,4.051785,2.232953,24.916575,3.124004,5.322207,22.103332,4.2800228937
28.48000,3.964374,2.286293,24.631527,3.232874,5.390815,21.895143,4.2024935974
28.48500,3.883926,2.343556,24.350391,3.339933,5.465669,21.693753,4.1353643964
28.49000,3.810286,2.404543,24.073223,3.445575,5.546790,21.499212,4.0782672542
28.49500,3.743300,2.469080,23.800075,3.550176,5.634196,21.311585,4.0308607619
28.50000,3.682812,2.537025,23.530995,3.654094,5.727903,21.130958,3.9928320339
28.50500,3.628670,2.608260,23.266031,3.757668,5.827922,20.957433,3.9638978967
28.51000,3.580722,2.682696,23.005228,3.861225,5.934263,20.791130,3.9438053378
28.51500,3.538819,2.760264,22.748634,3.965073,6.046932,20.632187,3.9323312160
28.52000,3.502819,2.840918,22.496295,4.069506,6.165933,20.480758,3.9292812708
28.52500,3.472584,2.924634,22.248262,4.174806,6.291268,20.337017,3.9344884961
28.53000,3.447981,3.011407,22.004586,4.281239,6.422934,20.201152,3.9478109680
28.53500,3.428886,3.101248,21.765325,4.389058,6.560923,20.073373,3.9691292307
28.54000,3.415179,3.194186,21.530536,4.498504,6.705224,19.953903,3.9983433544
28.54500,3.406751,3.290267,21.300286,4.609804,6.855818,19.842987,4.0353697789
28.55000,3.403498,3.389548,21.074644,4.723175,7.012678,19.740887,4.0801380511
28.55500,3.405326,3.492102,20.853685,4.838820,7.175770,19.647881,4.1325875519
28.56000,3.412148,3.598012,20.637492,4.956932,7.345047,19.564268,4.1926642952
28.56500,3.423888,3.707375,20.426153,5.077690,7.520451,19.490365,4.2603178584
28.57000,3.440475,3.820296,20.219764,5.201262,7.701908,19.426505,4.3354984888
28.57500,3.461851,3.936889,20.018432,5.327804,7.889329,19.373042,4.4181544075
28.58000,3.487964,4.057279,19.822268,5.457460,8.082602,19.330345,4.5082293167
28.58500,3.518770,4.181598,19.631397,5.590360,8.281598,19.298803,4.6056600978
28.59000,3.554236,4.309982,19.445951,5.726621,8.486158,19.278819,4.7103746795
28.59500,3.594338,4.442578,19.266075,5.866345,8.696099,19.270813,4.8222900414
28.60000,3.639056,4.579534,19.091924,6.009623,8.911204,19.275221,4.9413103183
28.60500,3.688384,4.721004,18.923667,6.156525,9.131223,19.292488,5.0673249631
28.61000,3.742319,4.867147,18.761485,6.307108,9.355869,19.323075,5.2002069312
28.61500,3.800870,5.018121,18.605573,6.461411,9.584810,19.367448,5.3398108512
28.62000,3.864051,5.174090,18.456141,6.619451,9.817672,19.426082,5.4859711503
28.62500,3.931882,5.335214,18.313416,6.781229,10.054030,19.499455,5.6385001123
28.63000,4.004394,5.501656,18.177642,6.946720,10.293405,19.588042,5.7971858524
28.63500,4.081621,5.673576,18.049077,7.115878,10.535263,19.692317,5.9617902010
28.64000,4.163604,5.851131,17.928003,7.288630,10.779008,19.812742,6.1320464996
28.64500,4.250390,6.034473,17.814718,7.464878,11.023981,19.949766,6.3076573185
28.65000,4.342031,6.223748,17.709543,7.644492,11.269454,20.103813,6.4882921177
28.65500,4.438582,6.419095,17.612819,7.827315,11.514632,20.275284,6.6735848813
28.66000,4.540103,6.620642,17.524910,8.013154,11.758644,20.464540,6.8631317646
28.66500,4.646657,6.828505,17.446205,8.201783,12.000547,20.671899,7.0564888038
28.67000,4.758309,7.042787,17.377117,8.392937,12.239321,20.897626,7.2531697483
28.67500,4.875127,7.263572,17.318083,8.586314,12.473874,21.141923,7.4526440837
28.68000,4.997176,7.490926,17.269569,8.781571,12.703037,21.404917,7.6543353267
28.68500,5.124524,7.724891,17.232064,8.978325,12.925571,21.686650,7.8576196778
28.69000,5.257234,7.965483,17.206088,9.176146,13.140168,21.987071,8.0618251321
28.69500,5.395368,8.212687,17.192186,9.374562,13.345458,22.306016,8.2662311523
28.70000,5.538984,8.466455,17.190930,9.573055,13.540016,22.643207,8.4700690166
28.70500,5.688131,8.726699,17.202921,9.771063,13.722369,22.998230,8.6725229603
28.71000,5.842854,8.993289,17.228785,9.967976,13.891011,23.370533,8.8727322308
28.71500,6.003184,9.266044,17.269173,10.163141,14.044411,23.759407,9.0697941775
28.72000,6.169145,9.544732,17.324760,10.355864,14.181032,24.163984,9.2627684936
28.72500,6.340743,9.829060,17.396243,10.545406,14.299347,24.583227,9.4506827190
28.73000,6.517971,10.118668,17.484337,10.730994,14.397859,25.015922,9.6325391022
28.73500,6.700800,10.413125,17.589771,10.911818,14.475118,25.460675,9.8073228991
28.74000,6.889183,10.711921,17.713287,11.087040,14.529750,25.915914,9.9740121631
28.74500,7.083045,11.014463,17.855629,11.255798,14.560476,26.379890,10.1315890516
28.75000,7.282286,11.320062,18.017543,11.417212,14.566138,26.850680,10.2790526352
28.75500,7.486773,11.627934,18.199764,11.570393,14.545725,27.326198,10.4154331510
28.76000,7.696341,11.937190,18.403009,11.714449,14.498393,27.804210,10.5398075954
28.76500,7.910783,12.246827,18.627968,11.848494,14.423495,28.282350,10.6513164899
28.77000,8.129856,12.555730,18.875292,11.971663,14.320597,28.758139,10.7491815973
28.77500,8.353266,12.862663,19.145579,12.083113,14.189502,29.229013,10.8327242970
28.78000,8.580673,13.166263,19.439360,12.182041,14.030260,29.692351,10.9013842623
28.78500,8.811684,13.465044,19.757084,12.267692,13.843186,30.145505,10.9547380127
28.79000,9.045849,13.757393,20.099099,12.339369,13.628864,30.585835,10.9925168452
28.79500,9.282659,14.041574,20.465636,12.396445,13.388152,31.010744,11.0146235828
28.80000,9.521539,14.315728,20.856786,12.438371,13.122177,31.417715,11.0211475173
28.80500,9.761854,14.577886,21.272482,12.464688,12.832328,31.804346,11.0123768654
28.81000,10.002896,14.825973,21.712477,12.475031,12.520239,32.168387,10.9888080152
28.81500,10.243891,15.057826,22.176324,12.469139,12.187775,32.507770,10.9511508060
28.82000,10.483996,15.271210,22.663354,12.446862,11.837001,32.820644,10.9003290710
28.82500,10.722297,15.463840,23.172656,12.408159,11.470159,33.105392,10.8374756894
28.83000,10.957812,15.633402,23.703060,12.353106,11.089628,33.360662,10.7639214395
28.83500,11.189497,15.777591,24.253124,12.281894,10.697897,33.585376,10.6811770456
28.84000,11.416243,15.894136,24.821118,12.194827,10.297519,33.778741,10.5909079721
28.84500,11.636890,15.980843,25.405017,12.092320,9.891077,33.940255,10.4949017592
28.85000,11.850228,16.035634,26.002501,11.974893,9.481146,34.069704,10.3950280280
28.85500,12.055009,16.056586,26.610957,11.843168,9.070257,34.167154,10.2931917167
28.86000,12.249957,16.041983,27.227487,11.697854,8.660857,34.232940,10.1912806400
28.86500,12.433780,15.990355,27.848930,11.539745,8.255286,34.267645,10.0911090614
28.87000,12.605184,15.900524,28.471883,11.369707,7.855742,34.272082,9.9943595884
28.87500,12.762891,15.771646,29.092736,11.188667,7.464261,34.247268,9.9025262638
28.88000,12.905650,15.603251,29.707712,10.997599,7.082700,34.194397,9.8168621330
28.88500,13.032260,15.395270,30.312918,10.797520,6.712719,34.114814,9.7383347208
28.89000,13.141585,15.148067,30.904395,10.589470,6.355776,34.009981,9.6675926527
28.89500,13.232573,14.862452,31.478182,10.374504,6.013118,33.881455,9.6049460806
28.90000,13.304275,14.539687,32.030378,10.153684,5.685785,33.730855,9.5503626229
28.90500,13.355859,14.181488,32.557208,9.928064,5.374612,33.559839,9.5034793225
28.91000,13.386630,13.790006,33.055089,9.698682,5.080235,33.370078,9.4636298092
28.91500,13.396040,13.367801,33.520695,9.466553,4.803102,33.163237,9.4298846135
28.92000,13.383705,12.917810,33.951014,9.232658,4.543486,32.940953,9.4011016014
28.92500,13.349408,12.443294,34.343401,8.997943,4.301497,32.704819,9.3759828956
28.93000,13.293110,11.947788,34.695624,8.763306,4.077099,32.456372,9.3531344713
28.93500,13.214953,11.435036,35.005899,8.529597,3.870125,32.197082,9.3311248345
28.94000,13.115255,10.908924,35.272909,8.297615,3.680292,31.928340,9.3085397212
28.94500,12.994514,10.373411,35.495824,8.068103,3.507222,31.651459,9.2840304679
28.95000,12.853394,9.832458,35.674291,7.841746,3.350450,31.367661,9.2563544951
28.95500,12.692721,9.289961,35.808430,7.619173,3.209447,31.078086,9.2244070971
28.96000,12.513465,8.749684,35.898809,7.400954,3.083629,30.783781,9.1872443871
28.96500,12.316731,8.215205,35.946410,7.187602,2.972371,30.485710,9.1440977649
28.97000,12.103736,7.689863,35.952594,6.979574,2.875021,30.184750,9.0943806443
28.97500,11.875796,7.176715,35.919048,6.777272,2.790909,29.881700,9.0376884187
28.98000,11.634303,6.678506,35.847742,6.581046,2.719358,29.577280,8.9737927580
28.98500,11.380708,6.197645,35.740870,6.391195,2.659689,29.272139,8.9026313664
28.99000,11.116498,5.736191,35.600801,6.207972,2.611235,28.966859,8.8242942922
28.99500,10.843181,5.295850,35.430024,6.031583,2.573339,28.661958,8.7390078024
29.00000,10.562266,4.877976,35.231100,5.862196,2.545367,28.357898,8.6471167280
29.00500,10.275246,4.483586,35.006615,5.699937,2.526705,28.055090,8.5490660661
29.01000,9.983581,4.113373,34.759140,5.544898,2.516769,27.753897,8.4453824993
29.01500,9.688688,3.767732,34.491194,5.397139,2.515004,27.454639,8.3366563731
29.02000,9.391928,3.446781,34.205215,5.256690,2.520884,27.157600,8.2235245582
29.02500,9.094593,3.150394,33.903531,5.123555,2.533919,26.863029,8.1066545208
29.03000,8.797901,2.878227,33.588348,4.997716,2.553651,26.571148,7.9867298316
29.03500,8.502991,2.629750,33.261729,4.879133,2.579657,26.282151,7.8644372668
29.04000,8.210913,2.404273,32.925589,4.767747,2.611546,25.996210,7.7404555846
29.04500,7.922633,2.200980,32.581687,4.663486,2.648964,25.713479,7.6154460058
29.05000,7.639024,2.018952,32.231628,4.566264,2.691586,25.434094,7.4900443816
29.05500,7.360873,1.857193,31.876864,4.475984,2.739122,25.158180,7.3648549952
29.06000,7.088874,1.714652,31.518694,4.392541,2.791313,24.885848,7.2404459153
29.06500,6.823640,1.590245,31.158278,4.315823,2.847928,24.617200,7.1173458004
29.07000,6.565697,1.482872,30.796639,4.245712,2.908767,24.352331,6.9960420354
29.07500,6.315494,1.391432,30.434674,4.182088,2.973656,24.091331,6.8769800748
29.08000,6.073403,1.314837,30.073165,4.124828,3.042450,23.834284,6.7605638577
29.08500,5.839727,1.252022,29.712786,4.073809,3.115024,23.581273,6.6471571595
29.09000,5.614701,1.201957,29.354116,4.028909,3.191281,23.332377,6.5370857437
29.09500,5.398501,1.163650,28.997647,3.990006,3.271143,23.087677,6.4306401800
29.10000,5.191247,1.136156,28.643792,3.956984,3.354556,22.847251,6.3280791961
29.10500,4.993007,1.118578,28.292898,3.929726,3.441482,22.611183,6.2296334395
29.11000,4.803804,1.110073,27.945252,3.908123,3.531904,22.379556,6.1355095271
29.11500,4.623622,1.109853,27.601087,3.892070,3.625819,22.152456,6.0458942696
29.12000,4.452404,1.117183,27.260594,3.881466,3.723243,21.929974,5.9609589637
29.12500,4.290066,1.131385,26.923924,3.876217,3.824205,21.712205,5.8808636545
29.13000,4.136494,1.151835,26.591195,3.876237,3.928746,21.499251,5.8057612738
29.13500,3.991551,1.177961,26.262497,3.881442,4.036922,21.291216,5.7358015736
29.14000,3.855080,1.209244,25.937900,3.891761,4.148798,21.088215,5.6711347769
29.14500,3.726907,1.245216,25.617451,3.907125,4.264451,20.890366,5.6119148783
29.15000,3.606846,1.285455,25.301185,3.927475,4.383966,20.697800,5.5583025338
29.15500,3.494701,1.329586,24.989122,3.952758,4.507436,20.510651,5.5104674864
29.16000,3.390266,1.377276,24.681276,3.982929,4.634962,20.329067,5.4685904845
29.16500,3.293331,1.428236,24.377649,4.017950,4.766651,20.153204,5.4328646545
29.17000,3.203685,1.482212,24.078240,4.057790,4.902614,19.983228,5.4034963047
29.17500,3.121113,1.538988,23.783045,4.102425,5.042967,19.819317,5.3807051433
29.18000,3.045402,1.598383,23.492057,4.151840,5.187831,19.661662,5.3647239082
29.18500,2.976341,1.660244,23.205265,4.206022,5.337324,19.510466,5.3557974207
29.19000,2.913724,1.724452,22.922661,4.264969,5.491569,19.365947,5.3541810881
29.19500,2.857348,1.790913,22.644237,4.328684,5.650688,19.228334,5.3601389006
29.20000,2.807016,1.859557,22.369985,4.397174,5.814800,19.097876,5.3739409797
29.20500,2.762540,1.930341,22.099901,4.470452,5.984020,18.974835,5.3958607551
29.21000,2.723737,2.003242,21.833980,4.548537,6.158461,18.859489,5.4261718589
29.21500,2.690434,2.078257,21.572225,4.631453,6.338229,18.752137,5.4651448370
29.22000,2.662466,2.155403,21.314637,4.719224,6.523421,18.653093,5.5130437828
29.22500,2.639677,2.234713,21.061224,4.811883,6.714124,18.562691,5.5701229992
29.23000,2.621922,2.316236,20.811998,4.909460,6.910415,18.481285,5.6366237885
29.23500,2.609065,2.400038,20.566974,5.011990,7.112355,18.409249,5.7127714548
29.24000,2.600979,2.486197,20.326172,5.119508,7.319991,18.346977,5.7987725897
29.24500,2.597550,2.574803,20.089617,5.232050,7.533348,18.294885,5.8948126849
29.25000,2.598671,2.665961,19.857341,5.349649,7.752431,18.253411,6.0010540927
29.25500,2.604249,2.759785,19.629381,5.472338,7.977221,18.223012,6.1176343277
29.26000,2.614199,2.856398,19.405778,5.600146,8.207668,18.204168,6.2446646812
29.26500,2.628446,2.955937,19.186583,5.733098,8.443693,18.197379,6.3822290952
29.27000,2.646928,3.058544,18.971851,5.871211,8.685180,18.203166,6.5303832291
29.27500,2.669592,3.164372,18.761647,6.014497,8.931975,18.222070,6.6891536410
29.28000,2.696394,3.273582,18.556042,6.162958,9.183880,18.254647,6.8585369998
29.28500,2.727301,3.386340,18.355116,6.316584,9.440648,18.301472,7.0384992440
29.29000,2.762292,3.502823,18.158959,6.475354,9.701980,18.363132,7.2289746119
29.29500,2.801352,3.623212,17.967670,6.639232,9.967520,18.440227,7.4298644725
29.30000,2.844478,3.747695,17.781358,6.808162,10.236850,18.533362,7.6410359019
29.30500,2.891677,3.876467,17.600145,6.982073,10.509482,18.643148,7.8623199636
29.31000,2.942964,4.009728,17.424163,7.160867,10.784858,18.770193,8.0935096657
29.31500,2.998363,4.147682,17.253556,7.344427,11.062342,18.915098,8.3343575843
29.32000,3.057908,4.290539,17.088486,7.532605,11.341215,19.078449,8.5845731581
29.32500,3.121642,4.438513,16.929125,7.725224,11.620672,19.260812,8.8438196763
29.33000,3.189614,4.591820,16.775663,7.922074,11.899816,19.462723,9.1117109942
29.33500,3.261883,4.750682,16.628307,8.122910,12.177657,19.684676,9.3878080300
29.34000,3.338517,4.915319,16.487281,8.327447,12.453107,19.927117,9.6716151084
29.34500,3.419590,5.085957,16.352829,8.535360,12.724979,20.190428,9.9625762326
29.35000,3.505182,5.262820,16.225216,8.746278,12.991987,20.474917,10.2600713815
29.35500,3.595384,5.446131,16.104728,8.959784,13.252746,20.780802,10.5634129425
29.36000,3.690290,5.636113,15.991673,9.175410,13.505774,21.108199,10.8718424065
29.36500,3.790001,5.832984,15.886388,9.392639,13.749500,21.457105,11.1845274643
29.37000,3.894625,6.036960,15.789231,9.610896,13.982264,21.827381,11.5005596589
29.37500,4.004273,6.248246,15.700593,9.829557,14.202331,22.218739,11.8189527573
29.38000,4.119061,6.467044,15.620890,10.047937,14.407903,22.630727,12.1386420200
29.38500,4.239111,6.693540,15.550572,10.265298,14.597130,23.062707,12.4584845475
29.39000,4.364546,6.927909,15.490121,10.480847,14.768129,23.513849,12.7772608938
29.39500,4.495490,7.170309,15.440052,10.693735,14.919004,23.983113,13.0936781292
29.40000,4.632070,7.420879,15.400916,10.903066,15.047870,24.469241,13.4063745320
29.40500,4.774413,7.679733,15.373303,11.107893,15.152879,24.970745,13.7139260730
29.41000,4.922643,7.946956,15.357839,11.307228,15.232247,25.485908,14.0148548363
29.41500,5.076884,8.222604,15.355190,11.500048,15.284287,26.012776,14.3076394896
29.42000,5.237254,8.506691,15.366062,11.685297,15.307441,26.549169,14.5907278783
29.42500,5.403864,8.799191,15.391201,11.861901,15.300312,27.092681,14.8625517724
29.43000,5.576820,9.100027,15.431395,12.028775,15.261699,27.640701,15.1215437373
29.43500,5.756214,9.409065,15.487472,12.184833,15.190632,28.190428,15.3661560368
29.44000,5.942130,9.726107,15.560297,12.329000,15.086399,28.738896,15.5948814110
29.44500,6.134631,10.050884,15.650776,12.460228,14.948580,29.283008,15.8062754923
29.45000,6.333767,10.383047,15.759846,12.577506,14.777066,29.819565,15.9989805566
29.45500,6.539564,10.722154,15.888479,12.679875,14.572086,30.345316,16.1717502266
29.46000,6.752022,11.067669,16.037672,12.766442,14.334213,30.856993,16.3234746814
29.46500,6.971114,11.418941,16.208442,12.836396,14.064377,31.351365,16.4532058623
29.47000,7.196779,11.775205,16.401819,12.889018,13.763861,31.825285,16.5601821154
29.47500,7.428917,12.135563,16.618840,12.923695,13.434296,32.275740,16.6438516727
29.48000,7.667389,12.498976,16.860532,12.939933,13.077641,32.699897,16.7038943461
29.48500,7.912005,12.864257,17.127902,12.937365,12.696159,33.095155,16.7402407982
29.49000,8.162524,13.230058,17.421925,12.915758,12.292388,33.459179,16.7530887499
29.49500,8.418648,13.594860,17.743520,12.875022,11.869100,33.789944,16.7429154982
29.50000,8.680013,13.956972,18.093536,12.815208,11.429255,34.085758,16.7104861282
29.50500,8.946188,14.314517,18.472726,12.736517,10.975958,34.345290,16.6568568308
29.51000,9.216664,14.665436,18.881722,12.639290,10.512401,34.567581,16.5833727554
29.51500,9.490855,15.007484,19.321012,12.524012,10.041816,34.752050,16.4916598550
29.52000,9.768088,15.338233,19.790905,12.391298,9.567420,34.898491,16.3836102113
29.52500,10.047600,15.655078,20.291503,12.241892,9.092365,35.007063,16.2613603664
29.53000,10.328534,15.955253,20.822668,12.076649,8.619690,35.078271,16.1272622529
29.53500,10.609938,16.235845,21.383989,11.896532,8.152283,35.112938,15.9838464191
29.54000,10.890758,16.493820,21.974747,11.702588,7.692838,35.112181,15.8337774075
29.54500,11.169844,16.726048,22.593886,11.495943,7.243831,35.077370,15.6798013983
29.55000,11.445946,16.929347,23.239977,11.277780,6.807490,35.010093,15.5246865828
29.55500,11.717720,17.100522,23.911201,11.049329,6.385784,34.912116,15.3711572081
29.56000,11.983734,17.236416,24.605319,10.811848,5.980409,34.785343,15.2218228184
29.56500,12.242471,17.333970,25.319663,10.566611,5.592787,34.631780,15.0791048914
29.57000,12.492344,17.390282,26.051126,10.314889,5.224065,34.453493,14.9451637498
29.57500,12.731707,17.402681,26.796169,10.057945,4.875127,34.252577,14.8218292429
29.58000,12.958872,17.368789,27.550832,9.797014,4.546603,34.031122,14.7105390999
29.58500,13.172125,17.286599,28.310767,9.533298,4.238884,33.791191,14.6122889637
29.59000,13.369749,17.154546,29.071270,9.267950,3.952146,33.534787,14.5275977945
29.59500,13.550045,16.971564,29.827342,9.002075,3.686362,33.263842,14.4564915827
29.60000,13.711360,16.737158,30.573754,8.736716,3.441333,32.980197,14.3985071433
29.60500,13.852111,16.451441,31.305123,8.472852,3.216701,32.685591,14.3527163225
29.61000,13.970817,16.115181,32.016007,8.211393,3.011980,32.381652,14.3177694034
29.61500,14.066119,15.729813,32.700999,7.953179,2.826571,32.069890,14.2919550711
29.62000,14.136813,15.297451,33.354832,7.698976,2.659787,31.751702,14.2732731708
29.62500,14.181873,14.820868,33.972486,7.449479,2.510868,31.428360,14.2595157929
29.63000,14.200473,14.303466,34.549286,7.205310,2.379006,31.101026,14.2483519985
29.63500,14.192009,13.749218,35.081005,6.967021,2.263353,30.770745,14.2374117131
29.64000,14.156111,13.162606,35.563947,6.735093,2.163043,30.438457,14.2243648745
29.64500,14.092659,12.548525,35.995023,6.509944,2.077198,30.104999,14.2069927068
29.65000,14.001784,11.912191,36.371806,6.291926,2.004947,29.771114,14.1832488651
29.65500,13.883871,11.259035,36.692571,6.081334,1.945427,29.437457,14.1513090674
29.66000,13.739553,10.594585,36.956312,5.878406,1.897800,29.104602,14.1096086167
29.66500,13.569703,9.924358,37.162740,5.683327,1.861250,28.773050,14.0568678811
29.67000,13.375420,9.253754,37.312259,5.496237,1.834998,28.443236,13.9921063233
29.67500,13.158003,8.587947,37.405932,5.317228,1.818297,28.115535,13.9146460565
29.68000,12.918936,7.931804,37.445416,5.146355,1.810443,27.790271,13.8241061692
29.68500,12.659859,7.289804,37.432903,4.983637,1.810772,27.467718,13.7203892118
29.69000,12.382538,6.665978,37.371032,4.829059,1.818663,27.148112,13.6036613119
29.69500,12.088839,6.063867,37.262815,4.682579,1.833539,26.831654,13.4743273768
29.70000,11.780695,5.486492,37.111544,4.544129,1.854866,26.518510,13.3330027889
29.70500,11.460081,4.936341,36.920709,4.413620,1.882155,26.208824,13.1804828988
29.71000,11.128982,4.415375,36.693914,4.290944,1.914958,25.902716,13.0177114950
29.71500,10.789373,3.925042,36.434805,4.175978,1.952870,25.600286,12.8457492806
29.72000,10.443186,3.466305,36.147002,4.068586,1.995525,25.301619,12.6657432326
29.72500,10.092298,3.039672,35.834036,3.968621,2.042598,25.006788,12.4788975577
29.73000,9.738509,2.645243,35.499307,3.875931,2.093798,24.715853,12.2864468046
29.73500,9.383524,2.282754,35.146038,3.790354,2.148872,24.428869,12.0896315429
29.74000,9.028948,1.951623,34.777253,3.711728,2.207600,24.145881,11.8896768895
29.74500,8.676269,1.651000,34.395750,3.639886,2.269793,23.866932,11.6877740357
29.75000,8.326857,1.379811,34.004093,3.574663,2.335293,23.592060,11.4850648346
29.75500,7.981959,1.136808,33.604603,3.515894,2.403970,23.321301,11.2826294138
29.76000,7.642695,0.920606,33.199364,3.463417,2.475721,23.054692,11.0814767132
29.76500,7.310061,0.729724,32.790224,3.417073,2.550468,22.792266,10.8825377917
29.77000,6.984932,0.562619,32.378807,3.376706,2.628154,22.534062,10.6866617035
29.77500,6.668062,0.417713,31.966525,3.342169,2.708747,22.280116,10.4946137180
29.78000,6.360092,0.293425,31.554593,3.313317,2.792234,22.030470,10.3070756357
29.78500,6.061556,0.188185,31.144047,3.290016,2.878619,21.785167,10.1246479433
29.79000,5.772883,0.100460,30.735757,3.272136,2.967927,21.544256,9.9478535463
29.79500,5.494410,0.028762,30.330444,3.259556,3.060196,21.307787,9.7771428194
29.80000,5.226387,-0.028337,29.928702,3.252164,3.155482,21.075817,9.6128997227
29.80500,4.968982,-0.072198,29.531006,3.249855,3.253852,20.848408,9.4554487380
29.81000,4.722290,-0.104107,29.137731,3.252533,3.355389,20.625628,9.3050623980
29.81500,4.486342,-0.125273,28.749166,3.260113,3.460185,20.407552,9.1619691902
29.82000,4.261110,-0.136827,28.365527,3.272516,3.568346,20.194261,9.0263616379
29.82500,4.046514,-0.139817,27.986963,3.289675,3.679986,19.985844,8.8984043788
29.83000,3.842428,-0.135211,27.613575,3.311529,3.795229,19.782399,8.7782420766
29.83500,3.648689,-0.123900,27.245418,3.338030,3.914207,19.584031,8.6660070245
29.84000,3.465098,-0.106699,26.882511,3.369135,4.037062,19.390855,8.5618263136
29.84500,3.291430,-0.084346,26.524847,3.404813,4.163941,19.202999,8.4658284598
29.85000,3.127434,-0.057514,26.172392,3.445041,4.294997,19.020597,8.3781493982
29.85500,2.972843,-0.026804,25.825098,3.489805,4.430389,18.843799,8.2989377687
29.86000,2.827373,0.007241,25.482903,3.539099,4.570282,18.672764,8.2283594326
29.86500,2.690730,0.044140,25.145734,3.592926,4.714843,18.507665,8.1666011714
29.87000,2.562612,0.083466,24.813511,3.651296,4.864243,18.348692,8.1138735325
29.87500,2.442713,0.124846,24.486151,3.714228,5.018656,18.196045,8.0704127962
29.88000,2.330722,0.167950,24.163567,3.781749,5.178256,18.049944,8.0364820550
29.88500,2.226333,0.212495,23.845674,3.853891,5.343218,17.910623,8.0123714036
29.89000,2.129237,0.258239,23.532385,3.930696,5.513715,17.778336,7.9983972563
29.89500,2.039133,0.304976,23.223615,4.012210,5.689920,17.653355,7.9949008211
29.90000,1.955723,0.352535,22.919280,4.098485,5.872000,17.535972,8.0022457792
29.90500,1.878719,0.400774,22.619302,4.189582,6.060120,17.426500,8.0208152350
29.91000,1.807836,0.449582,22.323603,4.285561,6.254436,17.325275,8.0510080203
29.91500,1.742804,0.498873,22.032110,4.386492,6.455095,17.232654,8.0932344562
29.92000,1.683357,0.548585,21.744752,4.492446,6.662237,17.149022,8.1479116895
29.92500,1.629244,0.598675,21.461463,4.603497,6.875987,17.074785,8.2154587339
29.93000,1.580222,0.649122,21.182180,4.719721,7.096453,17.010379,8.2962913532
29.93500,1.536059,0.699922,20.906843,4.841196,7.323729,16.956266,8.3908169214
29.94000,1.496537,0.751084,20.635397,4.968000,7.557885,16.912936,8.4994293902
29.94500,1.461446,0.802636,20.367789,5.100210,7.798966,16.880908,8.6225044751
29.95000,1.430592,0.854613,20.103970,5.237900,8.046993,16.860730,8.7603951517
29.95500,1.403789,0.907068,19.843895,5.381142,8.301950,16.852980,8.9134275231
29.96000,1.380864,0.960059,19.587519,5.530002,8.563787,16.858264,9.0818970888
29.96500,1.361657,1.013657,19.334805,5.684539,8.832412,16.877220,9.2660654097
29.97000,1.346016,1.067940,19.085715,5.844804,9.107687,16.910513,9.4661571344
29.97500,1.333805,1.122995,18.840217,6.010839,9.389421,16.958835,9.6823573222
29.98000,1.324895,1.178916,18.598279,6.182670,9.677366,17.022904,9.9148089740
29.98500,1.319170,1.235804,18.359873,6.360310,9.971210,17.103461,10.1636106705
29.99000,1.316525,1.293765,18.124977,6.543755,10.270568,17.201269,10.4288142045
29.99500,1.316864,1.352912,17.893567,6.732979,10.574979,17.317103,10.7104220980
