t,x,y,z
0.00000,-4.902696,-3.743865,24.690890
0.00500,-4.847750,-3.808514,24.455282
0.01000,-4.798746,-3.877576,24.223422
0.01500,-4.755607,-3.950930,23.995443
0.02000,-4.718252,-4.028477,23.771478
0.02500,-4.686603,-4.110133,23.551654
0.03000,-4.660579,-4.195832,23.336102
0.03500,-4.640102,-4.285525,23.124952
0.04000,-4.625096,-4.379175,22.918334
0.04500,-4.615486,-4.476760,22.716382
0.05000,-4.611200,-4.578271,22.519234
0.05500,-4.612171,-4.683709,22.327030
0.06000,-4.618333,-4.793086,22.139917
0.06500,-4.629626,-4.906424,21.958044
0.07000,-4.645995,-5.023753,21.781571
0.07500,-4.667386,-5.145108,21.610662
0.08000,-4.693752,-5.270532,21.445488
0.08500,-4.725050,-5.400071,21.286229
0.09000,-4.761242,-5.533777,21.133076
0.09500,-4.802293,-5.671702,20.986225
0.10000,-4.848174,-5.813900,20.845886
0.10500,-4.898858,-5.960425,20.712278
0.11000,-4.954324,-6.111328,20.585630
0.11500,-5.014553,-6.266659,20.466185
0.12000,-5.079530,-6.426463,20.354197
0.12500,-5.149242,-6.590777,20.249932
0.13000,-5.223680,-6.759634,20.153669
0.13500,-5.302835,-6.933054,20.065702
0.14000,-5.386700,-7.111047,19.986336
0.14500,-5.475268,-7.293612,19.915893
0.15000,-5.568532,-7.480729,19.854704
0.15500,-5.666484,-7.672363,19.803119
0.16000,-5.769116,-7.868458,19.761497
0.16500,-5.876414,-8.068937,19.730213
0.17000,-5.988362,-8.273697,19.709653
0.17500,-6.104939,-8.482608,19.700215
0.18000,-6.226119,-8.695509,19.702310
0.18500,-6.351866,-8.912206,19.716354
0.19000,-6.482137,-9.132470,19.742775
0.19500,-6.616879,-9.356029,19.782004
0.20000,-6.756028,-9.582573,19.834478
0.20500,-6.899505,-9.811741,19.900631
0.21000,-7.047218,-10.043127,19.980899
0.21500,-7.199057,-10.276271,20.075710
0.22000,-7.354894,-10.510658,20.185479
0.22500,-7.514580,-10.745713,20.310609
0.23000,-7.677946,-10.980804,20.451481
0.23500,-7.844797,-11.215233,20.608449
0.24000,-8.014912,-11.448239,20.781835
0.24500,-8.188042,-11.678993,20.971919
0.25000,-8.363909,-11.906602,21.178933
0.25500,-8.542202,-12.130104,21.403053
0.26000,-8.722579,-12.348473,21.644388
0.26500,-8.904660,-12.560619,21.902973
0.27000,-9.088030,-12.765393,22.178757
0.27500,-9.272239,-12.961591,22.471597
0.28000,-9.456796,-13.147959,22.781243
0.28500,-9.641173,-13.323201,23.107332
0.29000,-9.824804,-13.485991,23.449376
0.29500,-10.007084,-13.634979,23.806758
0.30000,-10.187374,-13.768810,24.178716
0.30500,-10.364997,-13.886132,24.564345
0.31000,-10.539246,-13.985617,24.962585
0.31500,-10.709384,-14.065975,25.372223
0.32000,-10.874647,-14.125977,25.791889
0.32500,-11.034252,-14.164471,26.220056
0.33000,-11.187400,-14.180404,26.655047
0.33500,-11.333282,-14.172843,27.095043
0.34000,-11.471086,-14.140998,27.538089
0.34500,-11.600006,-14.084238,27.982110
0.35000,-11.719248,-14.002113,28.424930
0.35500,-11.828040,-13.894369,28.864289
0.36000,-11.925639,-13.760963,29.297866
0.36500,-12.011345,-13.602079,29.723308
0.37000,-12.084504,-13.418127,30.138252
0.37500,-12.144520,-13.209756,30.540362
0.38000,-12.190863,-12.977848,30.927354
0.38500,-12.223080,-12.723516,31.297028
0.39000,-12.240797,-12.448094,31.647299
0.39500,-12.243730,-12.153123,31.976226
0.40000,-12.231689,-11.840330,32.282036
0.40500,-12.204580,-11.511611,32.563152
0.41000,-12.162411,-11.169000,32.818212
0.41500,-12.105292,-10.814641,33.046081
0.42000,-12.033433,-10.450763,33.245871
0.42500,-11.947145,-10.079639,33.416938
0.43000,-11.846834,-9.703560,33.558893
0.43500,-11.732998,-9.324803,33.671592
0.44000,-11.606223,-8.945597,33.755135
0.44500,-11.467169,-8.568097,33.809847
0.45000,-11.316571,-8.194357,33.836271
0.45500,-11.155222,-7.826309,33.835143
0.46000,-10.983969,-7.465742,33.807373
0.46500,-10.803701,-7.114288,33.754025
0.47000,-10.615339,-6.773410,33.676288
0.47500,-10.419826,-6.444396,33.575457
0.48000,-10.218116,-6.128353,33.452906
0.48500,-10.011168,-5.826208,33.310066
0.49000,-9.799936,-5.538712,33.148401
0.49500,-9.585356,-5.266446,32.969393
0.50000,-9.368346,-5.009827,32.774515
0.50500,-9.149795,-4.769119,32.565224
0.51000,-8.930557,-4.544446,32.342940
0.51500,-8.711449,-4.335804,32.109039
0.52000,-8.493243,-4.143074,31.864840
0.52500,-8.276666,-3.966034,31.611599
0.53000,-8.062398,-3.804377,31.350504
0.53500,-7.851065,-3.657721,31.082669
0.54000,-7.643247,-3.525621,30.809137
0.54500,-7.439470,-3.407584,30.530874
0.55000,-7.240209,-3.303079,30.248772
0.55500,-7.045891,-3.211548,29.963651
0.56000,-6.856893,-3.132413,29.676262
0.56500,-6.673545,-3.065088,29.387288
0.57000,-6.496135,-3.008985,29.097348
0.57500,-6.324905,-2.963519,28.807004
0.58000,-6.160058,-2.928118,28.516761
0.58500,-6.001760,-2.902222,28.227074
0.59000,-5.850142,-2.885291,27.938352
0.59500,-5.705303,-2.876807,27.650960
0.60000,-5.567311,-2.876276,27.365227
0.60500,-5.436209,-2.883233,27.081444
0.61000,-5.312015,-2.897237,26.799876
0.61500,-5.194727,-2.917880,26.520757
0.62000,-5.084320,-2.944779,26.244299
0.62500,-4.980757,-2.977585,25.970691
0.63000,-4.883983,-3.015976,25.700108
0.63500,-4.793932,-3.059659,25.432705
0.64000,-4.710529,-3.108370,25.168626
0.64500,-4.633687,-3.161874,24.908005
0.65000,-4.563316,-3.219960,24.650964
0.65500,-4.499318,-3.282444,24.397620
0.66000,-4.441595,-3.349169,24.148085
0.66500,-4.390041,-3.419998,23.902463
0.67000,-4.344556,-3.494818,23.660859
0.67500,-4.305033,-3.573539,23.423375
0.68000,-4.271372,-3.656087,23.190112
0.68500,-4.243472,-3.742411,22.961171
0.69000,-4.221234,-3.832476,22.736657
0.69500,-4.204565,-3.926261,22.516674
0.70000,-4.193374,-4.023764,22.301331
0.70500,-4.187576,-4.124996,22.090741
0.71000,-4.187090,-4.229979,21.885022
0.71500,-4.191841,-4.338749,21.684296
0.72000,-4.201759,-4.451353,21.488692
0.72500,-4.216780,-4.567845,21.298345
0.73000,-4.236847,-4.688291,21.113401
0.73500,-4.261908,-4.812762,20.934009
0.74000,-4.291919,-4.941337,20.760331
0.74500,-4.326838,-5.074098,20.592537
0.75000,-4.366634,-5.211134,20.430807
0.75500,-4.411280,-5.352536,20.275332
0.76000,-4.460754,-5.498397,20.126316
0.76500,-4.515040,-5.648809,19.983974
0.77000,-4.574128,-5.803866,19.848535
0.77500,-4.638013,-5.963659,19.720239
0.78000,-4.706693,-6.128274,19.599345
0.78500,-4.780173,-6.297796,19.486122
0.79000,-4.858459,-6.472299,19.380859
0.79500,-4.941561,-6.651851,19.283857
0.80000,-5.029492,-6.836511,19.195437
0.80500,-5.122268,-7.026324,19.115936
0.81000,-5.219903,-7.221321,19.045707
0.81500,-5.322415,-7.421518,18.985123
0.82000,-5.429819,-7.626911,18.934574
0.82500,-5.542129,-7.837473,18.894468
0.83000,-5.659356,-8.053155,18.865229
0.83500,-5.781510,-8.273880,18.847302
0.84000,-5.908593,-8.499539,18.841146
0.84500,-6.040603,-8.729991,18.847236
0.85000,-6.177527,-8.965055,18.866062
0.85500,-6.319347,-9.204510,18.898129
0.86000,-6.466031,-9.448092,18.943950
0.86500,-6.617536,-9.695483,19.004049
0.87000,-6.773804,-9.946315,19.078955
0.87500,-6.934760,-10.200162,19.169198
0.88000,-7.100310,-10.456535,19.275309
0.88500,-7.270340,-10.714880,19.397809
0.89000,-7.444714,-10.974574,19.537210
0.89500,-7.623268,-11.234920,19.694003
0.90000,-7.805811,-11.495142,19.868655
0.90500,-7.992122,-11.754388,20.061599
0.91000,-8.181947,-12.011719,20.273226
0.91500,-8.374996,-12.266117,20.503875
0.92000,-8.570943,-12.516476,20.753824
0.92500,-8.769420,-12.761608,21.023274
0.93000,-8.970018,-13.000241,21.312346
0.93500,-9.172284,-13.231026,21.621058
0.94000,-9.375718,-13.452539,21.949322
0.94500,-9.579776,-13.663288,22.296922
0.95000,-9.783864,-13.861723,22.663509
0.95500,-9.987340,-14.046247,23.048581
0.96000,-10.189517,-14.215227,23.451477
0.96500,-10.389659,-14.367015,23.871363
0.97000,-10.586986,-14.499960,24.307221
0.97500,-10.780676,-14.612432,24.757844
0.98000,-10.969868,-14.702843,25.221830
0.98500,-11.153670,-14.769672,25.697578
0.99000,-11.331157,-14.811493,26.183290
0.99500,-11.501385,-14.826999,26.676975
1.00000,-11.663397,-14.815030,27.176460
1.00500,-11.816227,-14.774605,27.679396
1.01000,-11.958916,-14.704944,28.183286
1.01500,-12.090518,-14.605493,28.685497
1.02000,-12.210112,-14.475952,29.183292
1.02500,-12.316815,-14.316289,29.673859
1.03000,-12.409790,-14.126756,30.154346
1.03500,-12.488264,-13.907904,30.621895
1.04000,-12.551533,-13.660581,31.073687
1.04500,-12.598977,-13.385936,31.506978
1.05000,-12.630070,-13.085406,31.919140
1.05500,-12.644387,-12.760708,32.307703
1.06000,-12.641617,-12.413814,32.670392
1.06500,-12.621562,-12.046926,33.005158
1.07000,-12.584149,-11.662445,33.310214
1.07500,-12.529430,-11.262934,33.584052
1.08000,-12.457580,-10.851078,33.825471
1.08500,-12.368900,-10.429642,34.033578
1.09000,-12.263814,-10.001431,34.207803
1.09500,-12.142860,-9.569242,34.347895
1.10000,-12.006686,-9.135828,34.453909
1.10500,-11.856040,-8.703854,34.526199
1.11000,-11.691761,-8.275866,34.565397
1.11500,-11.514769,-7.854254,34.572384
1.12000,-11.326049,-7.441234,34.548270
1.12500,-11.126642,-7.038818,34.494358
1.13000,-10.917633,-6.648804,34.412118
1.13500,-10.700134,-6.272764,34.303146
1.14000,-10.475274,-5.912040,34.169140
1.14500,-10.244188,-5.567742,34.011868
1.15000,-10.008003,-5.240753,33.833132
1.15500,-9.767830,-4.931741,33.634751
1.16000,-9.524750,-4.641163,33.418527
1.16500,-9.279814,-4.369286,33.186232
1.17000,-9.034025,-4.116199,32.939585
1.17500,-8.788341,-3.881832,32.680240
1.18000,-8.543666,-3.665973,32.409772
1.18500,-8.300844,-3.468286,32.129669
1.19000,-8.060662,-3.288330,31.841327
1.19500,-7.823842,-3.125577,31.546045
1.20000,-7.591045,-2.979427,31.245024
1.20500,-7.362869,-2.849226,30.939366
1.21000,-7.139849,-2.734276,30.630079
1.21500,-6.922460,-2.633855,30.318077
1.22000,-6.711117,-2.547221,30.004185
1.22500,-6.506181,-2.473631,29.689146
1.23000,-6.307955,-2.412340,29.373622
1.23500,-6.116696,-2.362619,29.058204
1.24000,-5.932609,-2.323752,28.743414
1.24500,-5.755857,-2.295051,28.429716
1.25000,-5.586562,-2.275852,28.117515
1.25500,-5.424808,-2.265522,27.807169
1.26000,-5.270645,-2.263464,27.498988
1.26500,-5.124092,-2.269113,27.193246
1.27000,-4.985140,-2.281942,26.890180
1.27500,-4.853757,-2.301462,26.589997
1.28000,-4.729889,-2.327221,26.292877
1.28500,-4.613464,-2.358803,25.998978
1.29000,-4.504391,-2.395829,25.708436
1.29500,-4.402571,-2.437957,25.421375
1.30000,-4.307891,-2.484878,25.137900
1.30500,-4.220228,-2.536318,24.858107
1.31000,-4.139456,-2.592035,24.582083
1.31500,-4.065441,-2.651816,24.309906
1.32000,-3.998048,-2.715479,24.041650
1.32500,-3.937139,-2.782870,23.777384
1.33000,-3.882575,-2.853862,23.517174
1.33500,-3.834222,-2.928351,23.261084
1.34000,-3.791944,-3.006256,23.009179
1.34500,-3.755610,-3.087521,22.761523
1.35000,-3.725094,-3.172109,22.518183
1.35500,-3.700272,-3.260000,22.279225
1.36000,-3.681028,-3.351196,22.044723
1.36500,-3.667253,-3.445712,21.814750
1.37000,-3.658841,-3.543580,21.589387
1.37500,-3.655696,-3.644848,21.368716
1.38000,-3.657727,-3.749573,21.152830
1.38500,-3.664854,-3.857829,20.941823
1.39000,-3.677001,-3.969696,20.735801
1.39500,-3.694103,-4.085269,20.534873
1.40000,-3.716100,-4.204648,20.339159
1.40500,-3.742942,-4.327945,20.148789
1.41000,-3.774587,-4.455275,19.963899
1.41500,-3.811001,-4.586764,19.784637
1.42000,-3.852156,-4.722539,19.611165
1.42500,-3.898034,-4.862735,19.443652
1.43000,-3.948624,-5.007487,19.282282
1.43500,-4.003920,-5.156936,19.127252
1.44000,-4.063927,-5.311223,18.978774
1.44500,-4.128654,-5.470487,18.837074
1.45000,-4.198117,-5.634870,18.702393
1.45500,-4.272338,-5.804508,18.574991
1.46000,-4.351344,-5.979537,18.455143
1.46500,-4.435169,-6.160084,18.343145
1.47000,-4.523849,-6.346273,18.239311
1.47500,-4.617425,-6.538217,18.143975
1.48000,-4.715943,-6.736018,18.057491
1.48500,-4.819449,-6.939767,17.980238
1.49000,-4.927991,-7.149540,17.912614
1.49500,-5.041620,-7.365394,17.855041
1.50000,-5.160385,-7.587365,17.807967
1.50500,-5.284334,-7.815468,17.771860
1.51000,-5.413513,-8.049690,17.747215
1.51500,-5.547965,-8.289987,17.734549
1.52000,-5.687727,-8.536282,17.734403
1.52500,-5.832830,-8.788458,17.747344
1.53000,-5.983296,-9.046357,17.773956
1.53500,-6.139138,-9.309772,17.814848
1.54000,-6.300357,-9.578444,17.870645
1.54500,-6.466940,-9.852057,17.941990
1.55000,-6.638856,-10.130231,18.029539
1.55500,-6.816058,-10.412518,18.133957
1.56000,-6.998475,-10.698394,18.255913
1.56500,-7.186014,-10.987257,18.396079
1.57000,-7.378554,-11.278416,18.555116
1.57500,-7.575945,-11.571092,18.733673
1.58000,-7.778002,-11.864408,18.932375
1.58500,-7.984506,-12.157385,19.151815
1.59000,-8.195197,-12.448939,19.392542
1.59500,-8.409772,-12.737878,19.655049
1.60000,-8.627883,-13.022899,19.939762
1.60500,-8.849132,-13.302587,20.247021
1.61000,-9.073069,-13.575418,20.577067
1.61500,-9.299189,-13.839759,20.930027
1.62000,-9.526929,-14.093875,21.305892
1.62500,-9.755666,-14.335938,21.704503
1.63000,-9.984718,-14.564033,22.125532
1.63500,-10.213339,-14.776175,22.568461
1.64000,-10.440722,-14.970326,23.032571
1.64500,-10.666000,-15.144413,23.516917
1.65000,-10.888245,-15.296354,24.020323
1.65500,-11.106474,-15.424084,24.541362
1.66000,-11.319653,-15.525585,25.078354
1.66500,-11.526700,-15.598920,25.629357
1.67000,-11.726496,-15.642269,26.192168
1.67500,-11.917890,-15.653967,26.764328
1.68000,-12.099711,-15.632541,27.343135
1.68500,-12.270779,-15.576749,27.925657
1.69000,-12.429917,-15.485620,28.508763
1.69500,-12.575967,-15.358485,29.089146
1.70000,-12.707800,-15.195012,29.663365
1.70500,-12.824338,-14.995231,30.227886
1.71000,-12.924563,-14.759551,30.779132
1.71500,-13.007539,-14.488780,31.313533
1.72000,-13.072423,-14.184122,31.827585
1.72500,-13.118484,-13.847179,32.317904
1.73000,-13.145111,-13.479929,32.781280
1.73500,-13.151831,-13.084711,33.214739
1.74000,-13.138315,-12.664186,33.615586
1.74500,-13.104386,-12.221300,33.981453
1.75000,-13.050027,-11.759235,34.310336
1.75500,-12.975381,-11.281353,34.600625
1.76000,-12.880752,-10.791143,34.851122
1.76500,-12.766600,-10.292155,35.061055
1.77000,-12.633536,-9.787945,35.230072
1.77500,-12.482315,-9.282014,35.358238
1.78000,-12.313822,-8.777753,35.446012
1.78500,-12.129061,-8.278393,35.494222
1.79000,-11.929140,-7.786961,35.504031
1.79500,-11.715255,-7.306243,35.476897
1.80000,-11.488671,-6.838753,35.414534
1.80500,-11.250710,-6.386715,35.318862
1.81000,-11.002729,-5.952050,35.191966
1.81500,-10.746103,-5.536367,35.036047
1.82000,-10.482214,-5.140969,34.853382
1.82500,-10.212432,-4.766857,34.646283
1.83000,-9.938100,-4.414746,34.417060
1.83500,-9.660525,-4.085081,34.167987
1.84000,-9.380966,-3.778062,33.901279
1.84500,-9.100625,-3.493660,33.619065
1.85000,-8.820637,-3.231649,33.323372
1.85500,-8.542069,-2.991628,33.016110
1.86000,-8.265910,-2.773048,32.699062
1.86500,-7.993073,-2.575235,32.373881
1.87000,-7.724390,-2.397416,32.042082
1.87500,-7.460613,-2.238740,31.705050
1.88000,-7.202414,-2.098298,31.364034
1.88500,-6.950387,-1.975145,31.020158
1.89000,-6.705050,-1.868309,30.674424
1.89500,-6.466849,-1.776814,30.327722
1.90000,-6.236161,-1.699688,29.980833
1.90500,-6.013295,-1.635974,29.634441
1.91000,-5.798502,-1.584739,29.289141
1.91500,-5.591974,-1.545081,28.945447
1.92000,-5.393851,-1.516138,28.603799
1.92500,-5.204226,-1.497085,28.264572
1.93000,-5.023147,-1.487146,27.928085
1.93500,-4.850623,-1.485590,27.594606
1.94000,-4.686629,-1.491735,27.264357
1.94500,-4.531110,-1.504947,26.937525
1.95000,-4.383981,-1.524641,26.614260
1.95500,-4.245137,-1.550280,26.294688
1.96000,-4.114451,-1.581375,25.978910
1.96500,-3.991779,-1.617483,25.667006
1.97000,-3.876967,-1.658202,25.359042
1.97500,-3.769846,-1.703177,25.055068
1.98000,-3.670240,-1.752091,24.755126
1.98500,-3.577969,-1.804665,24.459247
1.99000,-3.492848,-1.860657,24.167457
1.99500,-3.414688,-1.919859,23.879778
2.00000,-3.343302,-1.982098,23.596226
2.00500,-3.278506,-2.047226,23.316818
2.01000,-3.220114,-2.115129,23.041568
2.01500,-3.167948,-2.185716,22.770490
2.02000,-3.121834,-2.258923,22.503602
2.02500,-3.081602,-2.334705,22.240920
2.03000,-3.047091,-2.413044,21.982464
2.03500,-3.018147,-2.493937,21.728257
2.04000,-2.994623,-2.577404,21.478324
2.04500,-2.976381,-2.663477,21.232696
2.05000,-2.963291,-2.752209,20.991406
2.05500,-2.955234,-2.843664,20.754495
2.06000,-2.952099,-2.937923,20.522006
2.06500,-2.953784,-3.035076,20.293990
2.07000,-2.960199,-3.135227,20.070502
2.07500,-2.971261,-3.238492,19.851607
2.08000,-2.986900,-3.344996,19.637375
2.08500,-3.007052,-3.454872,19.427883
2.09000,-3.031666,-3.568264,19.223218
2.09500,-3.060699,-3.685324,19.023475
2.10000,-3.094119,-3.806209,18.828759
2.10500,-3.131902,-3.931087,18.639183
2.11000,-3.174035,-4.060128,18.454875
2.11500,-3.220512,-4.193511,18.275971
2.12000,-3.271337,-4.331419,18.102620
2.12500,-3.326525,-4.474037,17.934986
2.13000,-3.386097,-4.621558,17.773246
2.13500,-3.450083,-4.774174,17.617590
2.14000,-3.518520,-4.932083,17.468228
2.14500,-3.591456,-5.095482,17.325385
2.15000,-3.668942,-5.264568,17.189304
2.15500,-3.751040,-5.439540,17.060249
2.16000,-3.837815,-5.620592,16.938502
2.16500,-3.929343,-5.807917,16.824369
2.17000,-4.025700,-6.001704,16.718178
2.17500,-4.126972,-6.202132,16.620283
2.18000,-4.233246,-6.409376,16.531062
2.18500,-4.344616,-6.623599,16.450919
2.19000,-4.461177,-6.844951,16.380290
2.19500,-4.583027,-7.073568,16.319636
2.20000,-4.710264,-7.309565,16.269453
2.20500,-4.842990,-7.553040,16.230265
2.21000,-4.981302,-7.804061,16.202630
2.21500,-5.125297,-8.062670,16.187141
2.22000,-5.275070,-8.328875,16.184423
2.22500,-5.430706,-8.602644,16.195136
2.23000,-5.592289,-8.883903,16.219974
2.23500,-5.759890,-9.172528,16.259665
2.24000,-5.933571,-9.468338,16.314970
2.24500,-6.113380,-9.771092,16.386679
2.25000,-6.299350,-10.080477,16.475614
2.25500,-6.491494,-10.396105,16.582620
2.26000,-6.689805,-10.717502,16.708565
2.26500,-6.894249,-11.044100,16.854335
2.27000,-7.104764,-11.375230,17.020824
2.27500,-7.321258,-11.710113,17.208929
2.28000,-7.543600,-12.047851,17.419541
2.28500,-7.771619,-12.387418,17.653537
2.29000,-8.005100,-12.727654,17.911759
2.29500,-8.243777,-13.067257,18.195009
2.30000,-8.487332,-13.404774,18.504029
2.30500,-8.735385,-13.738603,18.839482
2.31000,-8.987495,-14.066982,19.201933
2.31500,-9.243152,-14.387994,19.591826
2.32000,-9.501773,-14.699566,20.009462
2.32500,-9.762699,-14.999476,20.454973
2.33000,-10.025191,-15.285359,20.928293
2.33500,-10.288428,-15.554724,21.429135
2.34000,-10.551504,-15.804966,21.956962
2.34500,-10.813430,-16.033396,22.510957
2.35000,-11.073129,-16.237262,23.090004
2.35500,-11.329444,-16.413787,23.692659
2.36000,-11.581138,-16.560207,24.317136
2.36500,-11.826902,-16.673815,24.961286
2.37000,-12.065361,-16.752011,25.622597
2.37500,-12.295082,-16.792356,26.298185
2.38000,-12.514590,-16.792629,26.984805
2.38500,-12.722380,-16.750881,27.678867
2.39000,-12.916933,-16.665499,28.376459
2.39500,-13.096735,-16.535261,29.073392
2.40000,-13.260296,-16.359386,29.765239
2.40500,-13.406173,-16.137579,30.447398
2.41000,-13.532992,-15.870076,31.115159
2.41500,-13.639471,-15.557661,31.763777
2.42000,-13.724443,-15.201686,32.388558
2.42500,-13.786877,-14.804072,32.984939
2.43000,-13.825900,-14.367292,33.548576
2.43500,-13.840815,-13.894341,34.075429
2.44000,-13.831117,-13.388692,34.561839
2.44500,-13.796507,-12.854240,35.004598
2.45000,-13.736898,-12.295225,35.401010
2.45500,-13.652420,-11.716158,35.748937
2.46000,-13.543424,-11.121731,36.046828
2.46500,-13.410474,-10.516725,36.293737
2.47000,-13.254339,-9.905919,36.489322
2.47500,-13.075984,-9.294002,36.633829
2.48000,-12.876550,-8.685489,36.728058
2.48500,-12.657336,-8.084649,36.773324
2.49000,-12.419781,-7.495435,36.771399
2.49500,-12.165435,-6.921438,36.724452
2.50000,-11.895941,-6.365845,36.634984
2.50500,-11.613003,-5.831413,36.505753
2.51000,-11.318368,-5.320454,36.339707
2.51500,-11.013800,-4.834839,36.139920
2.52000,-10.701055,-4.375998,35.909524
2.52500,-10.381865,-3.944947,35.651651
2.53000,-10.057917,-3.542310,35.369388
2.53500,-9.730835,-3.168349,35.065729
2.54000,-9.402171,-2.823001,34.743540
2.54500,-9.073391,-2.505919,34.405534
2.55000,-8.745865,-2.216507,34.054246
2.55500,-8.420861,-1.953959,33.692023
2.56000,-8.099544,-1.717300,33.321015
2.56500,-7.782971,-1.505419,32.943173
2.57000,-7.472087,-1.317102,32.560249
2.57500,-7.167735,-1.151064,32.173804
2.58000,-6.870648,-1.005975,31.785216
2.58500,-6.581462,-0.880483,31.395689
2.59000,-6.300714,-0.773235,31.006268
2.59500,-6.028848,-0.682893,30.617850
2.60000,-5.766224,-0.608151,30.231196
2.60500,-5.513121,-0.547742,29.846947
2.61000,-5.269743,-0.500453,29.465636
2.61500,-5.036227,-0.465127,29.087700
2.62000,-4.812648,-0.440669,28.713494
2.62500,-4.599027,-0.426051,28.343298
2.63000,-4.395333,-0.420311,27.977330
2.63500,-4.201493,-0.422558,27.615757
2.64000,-4.017396,-0.431966,27.258697
2.64500,-3.842897,-0.447777,26.906234
2.65000,-3.677822,-0.469300,26.558417
2.65500,-3.521976,-0.495904,26.215274
2.66000,-3.375140,-0.527018,25.876808
2.66500,-3.237084,-0.562133,25.543007
2.67000,-3.107562,-0.600788,25.213848
2.67500,-2.986321,-0.642579,24.889295
2.68000,-2.873100,-0.687146,24.569308
2.68500,-2.767637,-0.734177,24.253840
2.69000,-2.669666,-0.783401,23.942841
2.69500,-2.578923,-0.834585,23.636261
2.70000,-2.495145,-0.887533,23.334047
2.70500,-2.418076,-0.942083,23.036148
2.71000,-2.347463,-0.998103,22.742513
2.71500,-2.283060,-1.055489,22.453095
2.72000,-2.224628,-1.114165,22.167847
2.72500,-2.171938,-1.174078,21.886724
2.73000,-2.124770,-1.235194,21.609688
2.73500,-2.082912,-1.297504,21.336699
2.74000,-2.046164,-1.361015,21.067724
2.74500,-2.014336,-1.425751,20.802732
2.75000,-1.987248,-1.491750,20.541696
2.75500,-1.964732,-1.559068,20.284591
2.76000,-1.946631,-1.627771,20.031399
2.76500,-1.932799,-1.697938,19.782102
2.77000,-1.923102,-1.769659,19.536690
2.77500,-1.917416,-1.843035,19.295154
2.78000,-1.915628,-1.918175,19.057491
2.78500,-1.917638,-1.995199,18.823701
2.79000,-1.923356,-2.074235,18.593789
2.79500,-1.932702,-2.155418,18.367765
2.80000,-1.945607,-2.238892,18.145645
2.80500,-1.962013,-2.324808,17.927449
2.81000,-1.981872,-2.413323,17.713203
2.81500,-2.005147,-2.504602,17.502938
2.82000,-2.031810,-2.598817,17.296693
2.82500,-2.061843,-2.696145,17.094512
2.83000,-2.095239,-2.796772,16.896448
2.83500,-2.131999,-2.900888,16.702560
2.84000,-2.172133,-3.008691,16.512917
2.84500,-2.215663,-3.120385,16.327596
2.85000,-2.262617,-3.236179,16.146682
2.85500,-2.313033,-3.356291,15.970274
2.86000,-2.366960,-3.480943,15.798478
2.86500,-2.424452,-3.610364,15.631416
2.87000,-2.485574,-3.744789,15.469219
2.87500,-2.550399,-3.884460,15.312034
2.88000,-2.619008,-4.029622,15.160024
2.88500,-2.691491,-4.180528,15.013365
2.89000,-2.767946,-4.337437,14.872254
2.89500,-2.848477,-4.500611,14.736904
2.90000,-2.933198,-4.670317,14.607550
2.90500,-3.022230,-4.846826,14.484448
2.91000,-3.115702,-5.030412,14.367878
2.91500,-3.213748,-5.221351,14.258144
2.92000,-3.316511,-5.419919,14.155577
2.92500,-3.424139,-5.626395,14.060539
2.93000,-3.536789,-5.841053,13.973421
2.93500,-3.654620,-6.064165,13.894647
2.94000,-3.777800,-6.295996,13.824679
2.94500,-3.906498,-6.536804,13.764012
2.95000,-4.040889,-6.786837,13.713184
2.95500,-4.181152,-7.046325,13.672776
2.96000,-4.327467,-7.315485,13.643410
2.96500,-4.480014,-7.594507,13.625758
2.97000,-4.638976,-7.883558,13.620540
2.97500,-4.804532,-8.182769,13.628526
2.98000,-4.976858,-8.492236,13.650540
2.98500,-5.156126,-8.812007,13.687460
2.99000,-5.342499,-9.142078,13.740220
2.99500,-5.536133,-9.482382,13.809809
3.00000,-5.737169,-9.832783,13.897273
3.00500,-5.945734,-10.193064,14.003715
3.01000,-6.161935,-10.562915,14.130287
3.01500,-6.385856,-10.941921,14.278197
3.02000,-6.617555,-11.329552,14.448695
3.02500,-6.857058,-11.725147,14.643074
3.03000,-7.104354,-12.127899,14.862659
3.03500,-7.359387,-12.536841,15.108797
3.04000,-7.622056,-12.950833,15.382846
3.04500,-7.892202,-13.368542,15.686156
3.05000,-8.169606,-13.788433,16.020057
3.05500,-8.453976,-14.208749,16.385833
3.06000,-8.744947,-14.627502,16.784696
3.06500,-9.042066,-15.042461,17.217760
3.07000,-9.344788,-15.451145,17.686007
3.07500,-9.652469,-15.850815,18.190249
3.08000,-9.964353,-16.238480,18.731090
3.08500,-10.279572,-16.610896,19.308883
3.09000,-10.597134,-16.964582,19.923679
3.09500,-10.915922,-17.295842,20.575183
3.10000,-11.234688,-17.600788,21.262707
3.10500,-11.552050,-17.875382,21.985114
3.11000,-11.866495,-18.115485,22.740782
3.11500,-12.176380,-18.316918,23.527556
3.12000,-12.479940,-18.475526,24.342714
3.12500,-12.775294,-18.587269,25.182947
3.13000,-13.060462,-18.648302,26.044342
3.13500,-13.333378,-18.655082,26.922382
3.14000,-13.591915,-18.604464,27.811970
3.14500,-13.833907,-18.493810,28.707465
3.15000,-14.057182,-18.321091,29.602737
3.15500,-14.259589,-18.084986,30.491250
3.16000,-14.439038,-17.784963,31.366160
3.16500,-14.593537,-17.421356,32.220433
3.17000,-14.721227,-16.995410,33.046982
3.17500,-14.820427,-16.509310,33.838811
3.18000,-14.889664,-15.966175,34.589169
3.18500,-14.927714,-15.370031,35.291707
3.19000,-14.933628,-14.725745,35.940622
3.19500,-14.906763,-14.038939,36.530799
3.20000,-14.846793,-13.315869,37.057925
3.20500,-14.753730,-12.563289,37.518586
3.21000,-14.627921,-11.788297,37.910332
3.21500,-14.470050,-10.998170,38.231711
3.22000,-14.281121,-10.200198,38.482275
3.22500,-14.062442,-9.401522,38.662552
3.23000,-13.815601,-8.608985,38.773984
3.23500,-13.542429,-7.828994,38.818851
3.24000,-13.244970,-7.067414,38.800166
3.24500,-12.925436,-6.329472,38.721557
3.25000,-12.586173,-5.619702,38.587145
3.25500,-12.229611,-4.941901,38.401414
3.26000,-11.858233,-4.299124,38.169084
3.26500,-11.474529,-3.693689,37.894994
3.27000,-11.080963,-3.127207,37.583992
3.27500,-10.679943,-2.600631,37.240844
3.28000,-10.273789,-2.114306,36.870147
3.28500,-9.864711,-1.668041,36.476272
3.29000,-9.454793,-1.261174,36.063307
3.29500,-9.045971,-0.892648,35.635029
3.30000,-8.640028,-0.561076,35.194878
3.30500,-8.238589,-0.264812,34.745950
3.31000,-7.843109,-0.002016,34.290996
3.31500,-7.454883,0.229296,33.832432
3.32000,-7.075042,0.431192,33.372351
3.32500,-6.704559,0.605788,32.912545
3.33000,-6.344257,0.755204,32.454528
3.33500,-5.994816,0.881534,31.999559
3.34000,-5.656782,0.986825,31.548668
3.34500,-5.330576,1.073051,31.102683
3.35000,-5.016504,1.142100,30.662252
3.35500,-4.714766,1.195762,30.227870
3.36000,-4.425472,1.235725,29.799899
3.36500,-4.148641,1.263566,29.378586
3.37000,-3.884221,1.280752,28.964086
3.37500,-3.632094,1.288640,28.556477
3.38000,-3.392080,1.288476,28.155771
3.38500,-3.163955,1.281402,27.761931
3.39000,-2.947449,1.268460,27.374878
3.39500,-2.742258,1.250592,26.994506
3.40000,-2.548049,1.228650,26.620684
3.40500,-2.364466,1.203401,26.253264
3.41000,-2.191135,1.175531,25.892089
3.41500,-2.027668,1.145651,25.536995
3.42000,-1.873669,1.114303,25.187817
3.42500,-1.728736,1.081966,24.844387
3.43000,-1.592464,1.049062,24.506541
3.43500,-1.464449,1.015958,24.174120
3.44000,-1.344291,0.982973,23.846969
3.44500,-1.231592,0.950384,23.524939
3.45000,-1.125965,0.918428,23.207886
3.45500,-1.027028,0.887304,22.895676
3.46000,-0.934409,0.857183,22.588180
3.46500,-0.847750,0.828206,22.285276
3.47000,-0.766699,0.800490,21.986848
3.47500,-0.690921,0.774127,21.692787
3.48000,-0.620088,0.749192,21.402992
3.48500,-0.553891,0.725744,21.117364
3.49000,-0.492027,0.703825,20.835812
3.49500,-0.434212,0.683464,20.558251
3.50000,-0.380170,0.664682,20.284598
3.50500,-0.329642,0.647488,20.014777
3.51000,-0.282377,0.631884,19.748713
3.51500,-0.238139,0.617867,19.486337
3.52000,-0.196703,0.605427,19.227584
3.52500,-0.157856,0.594552,18.972390
3.53000,-0.121397,0.585225,18.720696
3.53500,-0.087132,0.577429,18.472443
3.54000,-0.054882,0.571143,18.227576
3.54500,-0.024474,0.566347,17.986043
3.55000,0.004253,0.563022,17.747793
3.55500,0.031452,0.561147,17.512777
3.56000,0.057269,0.560703,17.280947
3.56500,0.081840,0.561673,17.052257
3.57000,0.105294,0.564041,16.826665
3.57500,0.127754,0.567793,16.604126
3.58000,0.149336,0.572918,16.384600
3.58500,0.170148,0.579407,16.168046
3.59000,0.190295,0.587254,15.954425
3.59500,0.209876,0.596456,15.743700
3.60000,0.228984,0.607013,15.535833
3.60500,0.247708,0.618929,15.330789
3.61000,0.266134,0.632210,15.128534
3.61500,0.284342,0.646866,14.929033
3.62000,0.302411,0.662913,14.732255
3.62500,0.320417,0.680367,14.538167
3.63000,0.338430,0.699251,14.346740
3.63500,0.356522,0.719590,14.157944
3.64000,0.374759,0.741416,13.971751
3.64500,0.393209,0.764761,13.788134
3.65000,0.411936,0.789664,13.607067
3.65500,0.431003,0.816169,13.428524
3.66000,0.450473,0.844322,13.252483
3.66500,0.470408,0.874177,13.078921
3.67000,0.490871,0.905790,12.907817
3.67500,0.511921,0.939224,12.739152
3.68000,0.533621,0.974545,12.572909
3.68500,0.556034,1.011826,12.409070
3.69000,0.579222,1.051145,12.247622
3.69500,0.603248,1.092584,12.088551
3.70000,0.628177,1.136235,11.931848
3.70500,0.654076,1.182191,11.777504
3.71000,0.681012,1.230555,11.625512
3.71500,0.709054,1.281435,11.475870
3.72000,0.738274,1.334945,11.328575
3.72500,0.768746,1.391208,11.183631
3.73000,0.800546,1.450353,11.041042
3.73500,0.833753,1.512516,10.900817
3.74000,0.868450,1.577842,10.762969
3.74500,0.904722,1.646485,10.627514
3.75000,0.942657,1.718605,10.494473
3.75500,0.982348,1.794374,10.363871
3.76000,1.023892,1.873971,10.235741
3.76500,1.067390,1.957586,10.110119
3.77000,1.112948,2.045419,9.987049
3.77500,1.160675,2.137679,9.866580
3.78000,1.210688,2.234587,9.748772
3.78500,1.263106,2.336378,9.633691
3.79000,1.318058,2.443293,9.521411
3.79500,1.375675,2.555591,9.412021
3.80000,1.436097,2.673539,9.305615
3.80500,1.499469,2.797421,9.202304
3.81000,1.565944,2.927531,9.102210
3.81500,1.635682,3.064180,9.005470
3.82000,1.708851,3.207690,8.912238
3.82500,1.785626,3.358399,8.822685
3.83000,1.866191,3.516661,8.737002
3.83500,1.950739,3.682842,8.655401
3.84000,2.039470,3.857325,8.578117
3.84500,2.132596,4.040507,8.505412
3.85000,2.230336,4.232801,8.437575
3.85500,2.332921,4.434632,8.374928
3.86000,2.440589,4.646441,8.317824
3.86500,2.553591,4.868682,8.266657
3.87000,2.672186,5.101820,8.221858
3.87500,2.796646,5.346333,8.183904
3.88000,2.927250,5.602706,8.153322
3.88500,3.064290,5.871433,8.130690
3.89000,3.208066,6.153011,8.116644
3.89500,3.358890,6.447940,8.111883
3.90000,3.517079,6.756717,8.117173
3.90500,3.682964,7.079829,8.133357
3.91000,3.856879,7.417756,8.161352
3.91500,4.039167,7.770953,8.202164
3.92000,4.230174,8.139852,8.256891
3.92500,4.430252,8.524847,8.326726
3.93000,4.639751,8.926286,8.412968
3.93500,4.859021,9.344459,8.517026
3.94000,5.088408,9.779582,8.640424
3.94500,5.328249,10.231783,8.784809
3.95000,5.578867,10.701085,8.951949
3.95500,5.840569,11.187379,9.143744
3.96000,6.113638,11.690410,9.362220
3.96500,6.398325,12.209745,9.609534
3.97000,6.694844,12.744745,9.887965
3.97500,7.003362,13.294536,10.199914
3.98000,7.323987,13.857974,10.547884
3.98500,7.656761,14.433608,10.934471
3.99000,8.001644,15.019645,11.362342
3.99500,8.358499,15.613904,11.834199
4.00000,8.727082,16.213781,12.352750
4.00500,9.107022,16.816210,12.920658
4.01000,9.497804,17.417621,13.540486
4.01500,9.898750,18.013910,14.214633
4.02000,10.309002,18.600410,14.945249
4.02500,10.727503,19.171874,15.734149
4.03000,11.152975,19.722469,16.582710
4.03500,11.583907,20.245786,17.491756
4.04000,12.018531,20.734871,18.461441
4.04500,12.454818,21.182274,19.491115
4.05000,12.890462,21.580135,20.579197
4.05500,13.322877,21.920291,21.723047
4.06000,13.749204,22.194420,22.918850
4.06500,14.166313,22.394220,24.161514
4.07000,14.570830,22.511620,25.444600
4.07500,14.959161,22.539017,26.760279
4.08000,15.327533,22.469542,28.099345
4.08500,15.672046,22.297340,29.451271
4.09000,15.988736,22.017849,30.804335
4.09500,16.273647,21.628072,32.145807
4.10000,16.522913,21.126822,33.462194
4.10500,16.732848,20.514913,34.739561
4.11000,16.900036,19.795304,35.963885
4.11500,17.021427,18.973147,37.121461
4.12000,17.094426,18.055763,38.199318
4.12500,17.116970,17.052519,39.185629
4.13000,17.087601,15.974607,40.070100
4.13500,17.005516,14.834743,40.844297
4.14000,16.870602,13.646796,41.501913
4.14500,16.683448,12.425365,42.038930
4.15000,16.445334,11.185327,42.453698
4.15500,16.158201,9.941384,42.746903
4.16000,15.824598,8.707642,42.921445
4.16500,15.447618,7.497229,42.982222
4.17000,15.030811,6.321977,42.935860
4.17500,14.578093,5.192190,42.790384
4.18000,14.093652,4.116480,42.554869
4.18500,13.581849,3.101701,42.239087
4.19000,13.047122,2.152940,41.853164
4.19500,12.493898,1.273592,41.407268
4.20000,11.926515,0.465472,40.911344
4.20500,11.349154,-0.271022,40.374885
4.21000,10.765779,-0.936728,39.806761
4.21500,10.180091,-1.533524,39.215100
4.22000,9.595502,-2.064128,38.607203
4.22500,9.015106,-2.531911,37.989514
4.23000,8.441668,-2.940718,37.367613
4.23500,7.877624,-3.294712,36.746245
4.24000,7.325084,-3.598231,36.129360
4.24500,6.785839,-3.855679,35.520180
4.25000,6.261380,-4.071425,34.921265
4.25500,5.752915,-4.249728,34.334586
4.26000,5.261389,-4.394683,33.761601
4.26500,4.787505,-4.510179,33.203328
4.27000,4.331748,-4.599867,32.660414
4.27500,3.894409,-4.667148,32.133196
4.28000,3.475604,-4.715163,31.621763
4.28500,3.075297,-4.746792,31.126003
4.29000,2.693319,-4.764663,30.645648
4.29500,2.329388,-4.771156,30.180314
4.30000,1.983124,-4.768418,29.729534
4.30500,1.654068,-4.758378,29.292781
4.31000,1.341694,-4.742760,28.869495
4.31500,1.045422,-4.723098,28.459101
4.32000,0.764629,-4.700755,28.061018
4.32500,0.498661,-4.676933,27.674676
4.33000,0.246840,-4.652694,27.299524
4.33500,0.008475,-4.628967,26.935032
4.34000,-0.217138,-4.606567,26.580702
4.34500,-0.430703,-4.586204,26.236066
4.35000,-0.632922,-4.568494,25.900688
4.35500,-0.824491,-4.553971,25.574168
4.36000,-1.006097,-4.543097,25.256141
4.36500,-1.178413,-4.536269,24.946274
4.37000,-1.342099,-4.533825,24.644269
4.37500,-1.497797,-4.536057,24.349858
4.38000,-1.646130,-4.543212,24.062806
4.38500,-1.787703,-4.555501,23.782906
4.39000,-1.923101,-4.573101,23.509979
4.39500,-2.052888,-4.596163,23.243872
4.40000,-2.177606,-4.624816,22.984458
4.40500,-2.297779,-4.659167,22.731633
4.41000,-2.413909,-4.699308,22.485315
4.41500,-2.526476,-4.745318,22.245445
4.42000,-2.635944,-4.797263,22.011983
4.42500,-2.742753,-4.855204,21.784908
4.43000,-2.847327,-4.919192,21.564221
4.43500,-2.950071,-4.989275,21.349937
4.44000,-3.051373,-5.065495,21.142091
4.44500,-3.151604,-5.147894,20.940735
4.45000,-3.251118,-5.236509,20.745938
4.45500,-3.350254,-5.331379,20.557786
4.46000,-3.449336,-5.432541,20.376382
4.46500,-3.548675,-5.540030,20.201846
4.47000,-3.648568,-5.653883,20.034313
4.47500,-3.749300,-5.774137,19.873937
4.48000,-3.851141,-5.900824,19.720891
4.48500,-3.954353,-6.033979,19.575362
4.49000,-4.059185,-6.173634,19.437558
4.49500,-4.165876,-6.319817,19.307704
4.50000,-4.274653,-6.472554,19.186046
4.50500,-4.385737,-6.631864,19.072847
4.51000,-4.499334,-6.797760,18.968391
4.51500,-4.615644,-6.970249,18.872982
4.52000,-4.734856,-7.149325,18.786945
4.52500,-4.857149,-7.334973,18.710626
4.53000,-4.982693,-7.527161,18.644392
4.53500,-5.111647,-7.725843,18.588631
4.54000,-5.244160,-7.930953,18.543753
4.54500,-5.380370,-8.142401,18.510190
4.55000,-5.520403,-8.360073,18.488393
4.55500,-5.664373,-8.583826,18.478837
4.56000,-5.812380,-8.813485,18.482012
4.56500,-5.964510,-9.048836,18.498429
4.57000,-6.120833,-9.289627,18.528617
4.57500,-6.281404,-9.535560,18.573119
4.58000,-6.446257,-9.786287,18.632488
4.58500,-6.615409,-10.041408,18.707291
4.59000,-6.788851,-10.300460,18.798098
4.59500,-6.966555,-10.562921,18.905482
4.60000,-7.148465,-10.828196,19.030013
4.60500,-7.334496,-11.095620,19.172250
4.61000,-7.524534,-11.364449,19.332739
4.61500,-7.718433,-11.633857,19.512001
4.62000,-7.916010,-11.902933,19.710527
4.62500,-8.117045,-12.170675,19.928766
4.63000,-8.321279,-12.435992,20.167115
4.63500,-8.528408,-12.697701,20.425910
4.64000,-8.738084,-12.954524,20.705409
4.64500,-8.949912,-13.205092,21.005784
4.65000,-9.163445,-13.447949,21.327103
4.65500,-9.378188,-13.681553,21.669320
4.66000,-9.593590,-13.904285,22.032253
4.66500,-9.809047,-14.114458,22.415578
4.67000,-10.023902,-14.310329,22.818808
4.67500,-10.237443,-14.490112,23.241279
4.68000,-10.448905,-14.651993,23.682141
4.68500,-10.657472,-14.794156,24.140343
4.69000,-10.862278,-14.914798,24.614625
4.69500,-11.062414,-15.012159,25.103511
4.70000,-11.256930,-15.084548,25.605303
4.70500,-11.444843,-15.130371,26.118084
4.71000,-11.625142,-15.148163,26.639721
4.71500,-11.796800,-15.136619,27.167873
4.72000,-11.958778,-15.094625,27.700006
4.72500,-12.110040,-15.021292,28.233409
4.73000,-12.249565,-14.915978,28.765223
4.73500,-12.376355,-14.778323,29.292468
4.74000,-12.489450,-14.608266,29.812075
4.74500,-12.587944,-14.406063,30.320929
4.75000,-12.670993,-14.172300,30.815907
4.75500,-12.737834,-13.907900,31.293925
4.76000,-12.787791,-13.614120,31.751986
4.76500,-12.820294,-13.292543,32.187221
4.77000,-12.834883,-12.945061,32.596940
4.77500,-12.831220,-12.573852,32.978669
4.78000,-12.809099,-12.181349,33.330195
4.78500,-12.768444,-11.770205,33.649595
4.79000,-12.709319,-11.343250,33.935266
4.79500,-12.631927,-10.903446,34.185941
4.80000,-12.536607,-10.453837,34.400711
4.80500,-12.423829,-9.997503,34.579020
4.81000,-12.294194,-9.537510,34.720668
4.81500,-12.148419,-9.076863,34.825799
4.82000,-11.987331,-8.618460,34.894885
4.82500,-11.811855,-8.165056,34.928698
4.83000,-11.623001,-7.719227,34.928290
4.83500,-11.421849,-7.283341,34.894951
4.84000,-11.209538,-6.859536,34.830181
4.84500,-10.987248,-6.449703,34.735650
4.85000,-10.756190,-6.055478,34.613161
4.85500,-10.517586,-5.678240,34.464617
4.86000,-10.272662,-5.319105,34.291980
4.86500,-10.022632,-4.978943,34.097244
4.87000,-9.768686,-4.658382,33.882404
4.87500,-9.511981,-4.357824,33.649426
4.88000,-9.253634,-4.077463,33.400231
4.88500,-8.994710,-3.817304,33.136671
4.89000,-8.736220,-3.577180,32.860517
4.89500,-8.479112,-3.356779,32.573443
4.90000,-8.224271,-3.155659,32.277023
4.90500,-7.972512,-2.973270,31.972722
4.91000,-7.724584,-2.808975,31.661894
4.91500,-7.481166,-2.662069,31.345783
4.92000,-7.242866,-2.531791,31.025520
4.92500,-7.010228,-2.417346,30.702135
4.93000,-6.783726,-2.317916,30.376550
4.93500,-6.563774,-2.232672,30.049595
4.94000,-6.350723,-2.160784,29.722006
4.94500,-6.144869,-2.101433,29.394438
4.95000,-5.946451,-2.053819,29.067465
4.95500,-5.755661,-2.017164,28.741592
4.96000,-5.572642,-1.990720,28.417260
4.96500,-5.397496,-1.973772,28.094853
4.97000,-5.230285,-1.965643,27.774701
4.97500,-5.071035,-1.965693,27.457091
4.98000,-4.919744,-1.973325,27.142269
4.98500,-4.776378,-1.987980,26.830445
4.99000,-4.640882,-2.009142,26.521799
4.99500,-4.513175,-2.036338,26.216486
5.00000,-4.393163,-2.069134,25.914637
5.00500,-4.280733,-2.107136,25.616364
5.01000,-4.175760,-2.149988,25.321764
5.01500,-4.078109,-2.197373,25.030921
5.02000,-3.987637,-2.249008,24.743907
5.02500,-3.904196,-2.304647,24.460786
5.03000,-3.827631,-2.364073,24.181616
5.03500,-3.757788,-2.427103,23.906448
5.04000,-3.694510,-2.493582,23.635331
5.04500,-3.637644,-2.563382,23.368313
5.05000,-3.587034,-2.636403,23.105438
5.05500,-3.542531,-2.712566,22.846752
5.06000,-3.503989,-2.791818,22.592301
5.06500,-3.471268,-2.874126,22.342132
5.07000,-3.444231,-2.959475,22.096296
5.07500,-3.422750,-3.047873,21.854847
5.08000,-3.406704,-3.139340,21.617841
5.08500,-3.395977,-3.233916,21.385340
5.09000,-3.390464,-3.331653,21.157412
5.09500,-3.390065,-3.432619,20.934126
5.10000,-3.394690,-3.536893,20.715563
5.10500,-3.404259,-3.644567,20.501807
5.11000,-3.418698,-3.755741,20.292951
5.11500,-3.437944,-3.870529,20.089094
5.12000,-3.461940,-3.989050,19.890346
5.12500,-3.490641,-4.111434,19.696825
5.13000,-3.524008,-4.237816,19.508657
5.13500,-3.562013,-4.368340,19.325983
5.14000,-3.604635,-4.503153,19.148950
5.14500,-3.651862,-4.642408,18.977722
5.15000,-3.703690,-4.786263,18.812473
5.15500,-3.760122,-4.934877,18.653390
5.16000,-3.821170,-5.088412,18.500676
5.16500,-3.886854,-5.247032,18.354551
5.17000,-3.957198,-5.410901,18.215247
5.17500,-4.032236,-5.580179,18.083018
5.18000,-4.112006,-5.755028,17.958133
5.18500,-4.196554,-5.935602,17.840881
5.19000,-4.285929,-6.122054,17.731573
5.19500,-4.380185,-6.314526,17.630540
5.20000,-4.479383,-6.513154,17.538135
5.20500,-4.583584,-6.718061,17.454735
5.21000,-4.692853,-6.929359,17.380741
5.21500,-4.807257,-7.147142,17.316580
5.22000,-4.926864,-7.371489,17.262702
5.22500,-5.051742,-7.602454,17.219588
5.23000,-5.181957,-7.840069,17.187743
5.23500,-5.317574,-8.084336,17.167700
5.24000,-5.458653,-8.335225,17.160020
5.24500,-5.605249,-8.592672,17.165291
5.25000,-5.757410,-8.856568,17.184129
5.25500,-5.915176,-9.126761,17.217174
5.26000,-6.078576,-9.403046,17.265094
5.26500,-6.247626,-9.685163,17.328576
5.27000,-6.422327,-9.972786,17.408331
5.27500,-6.602663,-10.265523,17.505084
5.28000,-6.788597,-10.562905,17.619575
5.28500,-6.980070,-10.864381,17.752552
5.29000,-7.176995,-11.169312,17.904765
5.29500,-7.379258,-11.476961,18.076959
5.30000,-7.586710,-11.786492,18.269868
5.30500,-7.799168,-12.096959,18.484202
5.31000,-8.016408,-12.407303,18.720637
5.31500,-8.238161,-12.716345,18.979807
5.32000,-8.464113,-13.022783,19.262282
5.32500,-8.693897,-13.325190,19.568561
5.33000,-8.927092,-13.622012,19.899050
5.33500,-9.163219,-13.911568,20.254048
5.34000,-9.401736,-14.192054,20.633723
5.34500,-9.642038,-14.461546,21.038095
5.35000,-9.883451,-14.718013,21.467014
5.35500,-10.125235,-14.959325,21.920141
5.36000,-10.366578,-15.183271,22.396922
5.36500,-10.606599,-15.387573,22.896573
5.37000,-10.844348,-15.569919,23.418056
5.37500,-11.078806,-15.727982,23.960066
5.38000,-11.308895,-15.859454,24.521016
5.38500,-11.533473,-15.962084,25.099025
5.39000,-11.751351,-16.033717,25.691915
5.39500,-11.961292,-16.072332,26.297211
5.40000,-12.162027,-16.076091,26.912145
5.40500,-12.352265,-16.043382,27.533673
5.41000,-12.530705,-15.972862,28.158494
5.41500,-12.696051,-15.863507,28.783081
5.42000,-12.847031,-15.714646,29.403718
5.42500,-12.982410,-15.526000,30.016541
5.43000,-13.101009,-15.297711,30.617597
5.43500,-13.201726,-15.030362,31.202896
5.44000,-13.283553,-14.724992,31.768477
5.44500,-13.345591,-14.383099,32.310472
5.45000,-13.387070,-14.006625,32.825171
5.45500,-13.407363,-13.597943,33.309093
5.46000,-13.405998,-13.159821,33.759043
5.46500,-13.382672,-12.695383,34.172170
5.47000,-13.337256,-12.208053,34.546017
5.47500,-13.269799,-11.701501,34.878563
5.48000,-13.180533,-11.179572,35.168247
5.48500,-13.069869,-10.646221,35.413992
5.49000,-12.938392,-10.105441,35.615205
5.49500,-12.786851,-9.561189,35.771776
5.50000,-12.616152,-9.017327,35.884058
5.50500,-12.427339,-8.477552,35.952840
5.51000,-12.221582,-7.945345,35.979308
5.51500,-12.000156,-7.423926,35.965007
5.52000,-11.764426,-6.916212,35.911787
5.52500,-11.515822,-6.424794,35.821751
5.53000,-11.255822,-5.951914,35.697204
5.53500,-10.985936,-5.499461,35.540599
5.54000,-10.707681,-5.068967,35.354482
5.54500,-10.422565,-4.661615,35.141450
5.55000,-10.132075,-4.278258,34.904099
5.55500,-9.837658,-3.919433,34.644995
5.56000,-9.540708,-3.585389,34.366631
5.56500,-9.242559,-3.276113,34.071404
5.57000,-8.944472,-2.991357,33.761595
5.57500,-8.647628,-2.730675,33.439347
5.58000,-8.353128,-2.493443,33.106658
5.58500,-8.061982,-2.278899,32.765372
5.59000,-7.775112,-2.086161,32.417175
5.59500,-7.493349,-1.914261,32.063600
5.60000,-7.217436,-1.762166,31.706023
5.60500,-6.948026,-1.628796,31.345675
5.61000,-6.685689,-1.513050,30.983648
5.61500,-6.430911,-1.413818,30.620901
5.62000,-6.184103,-1.329998,30.258272
5.62500,-5.945601,-1.260507,29.896487
5.63000,-5.715672,-1.204290,29.536169
5.63500,-5.494521,-1.160330,29.177852
5.64000,-5.282292,-1.127653,28.821985
5.64500,-5.079079,-1.105334,28.468946
5.65000,-4.884925,-1.092499,28.119049
5.65500,-4.699830,-1.088329,27.772550
5.66000,-4.523756,-1.092060,27.429659
5.66500,-4.356631,-1.102982,27.090544
5.67000,-4.198353,-1.120443,26.755336
5.67500,-4.048794,-1.143842,26.424138
5.68000,-3.907805,-1.172634,26.097027
5.68500,-3.775218,-1.206324,25.774057
5.69000,-3.650852,-1.244465,25.455270
5.69500,-3.534513,-1.286658,25.140690
5.70000,-3.425998,-1.332550,24.830332
5.70500,-3.325098,-1.381828,24.524202
5.71000,-3.231600,-1.434221,24.222300
5.71500,-3.145288,-1.489494,23.924620
5.72000,-3.065949,-1.547448,23.631156
5.72500,-2.993367,-1.607916,23.341897
5.73000,-2.927334,-1.670762,23.056832
5.73500,-2.867642,-1.735880,22.775953
5.74000,-2.814092,-1.803188,22.499250
5.74500,-2.766488,-1.872629,22.226714
5.75000,-2.724645,-1.944171,21.958342
5.75500,-2.688383,-2.017801,21.694130
5.76000,-2.657532,-2.093524,21.434079
5.76500,-2.631930,-2.171368,21.178193
5.77000,-2.611426,-2.251373,20.926479
5.77500,-2.595879,-2.333595,20.678951
5.78000,-2.585156,-2.418108,20.435624
5.78500,-2.579135,-2.504996,20.196521
5.79000,-2.577707,-2.594355,19.961667
5.79500,-2.580768,-2.686295,19.731096
5.80000,-2.588231,-2.780935,19.504846
5.80500,-2.600014,-2.878404,19.282960
5.81000,-2.616049,-2.978843,19.065491
5.81500,-2.636276,-3.082398,18.852496
5.82000,-2.660646,-3.189226,18.644041
5.82500,-2.689122,-3.299491,18.440201
5.83000,-2.721675,-3.413364,18.241059
5.83500,-2.758287,-3.531024,18.046706
5.84000,-2.798948,-3.652657,17.857245
5.84500,-2.843659,-3.778453,17.672788
5.85000,-2.892432,-3.908610,17.493460
5.85500,-2.945285,-4.043330,17.319398
5.86000,-3.002248,-4.182820,17.150749
5.86500,-3.063356,-4.327294,16.987680
5.87000,-3.128658,-4.476967,16.830367
5.87500,-3.198207,-4.632058,16.679007
5.88000,-3.272065,-4.792789,16.533810
5.88500,-3.350304,-4.959386,16.395008
5.89000,-3.433001,-5.132073,16.262851
5.89500,-3.520241,-5.311077,16.137611
5.90000,-3.612116,-5.496622,16.019580
5.90500,-3.708725,-5.688931,15.909076
5.91000,-3.810173,-5.888224,15.806443
5.91500,-3.916568,-6.094715,15.712050
5.92000,-4.028026,-6.308611,15.626296
5.92500,-4.144667,-6.530109,15.549610
5.93000,-4.266612,-6.759397,15.482450
5.93500,-4.393987,-6.996645,15.425312
5.94000,-4.526920,-7.242009,15.378722
5.94500,-4.665539,-7.495621,15.343247
5.95000,-4.809971,-7.757590,15.319488
5.95500,-4.960342,-8.027995,15.308085
5.96000,-5.116776,-8.306881,15.309722
5.96500,-5.279391,-8.594254,15.325118
5.97000,-5.448299,-8.890074,15.355037
5.97500,-5.623602,-9.194249,15.400283
5.98000,-5.805392,-9.506628,15.461699
5.98500,-5.993749,-9.826996,15.540169
5.99000,-6.188735,-10.155059,15.636613
5.99500,-6.390392,-10.490442,15.751986
6.00000,-6.598742,-10.832678,15.887273
6.00500,-6.813779,-11.181195,16.043486
6.01000,-7.035466,-11.535308,16.221655
6.01500,-7.263733,-11.894212,16.422820
6.02000,-7.498471,-12.256965,16.648023
6.02500,-7.739524,-12.622480,16.898298
6.03000,-7.986690,-12.989519,17.174652
6.03500,-8.239711,-13.356676,17.478054
6.04000,-8.498270,-13.722375,17.809414
6.04500,-8.761982,-14.084859,18.169563
6.05000,-9.030393,-14.442189,18.559229
6.05500,-9.302971,-14.792236,18.979012
6.06000,-9.579101,-15.132684,19.429358
6.06500,-9.858080,-15.461037,19.910523
6.07000,-10.139116,-15.774623,20.422545
6.07500,-10.421318,-16.070609,20.965212
6.08000,-10.703699,-16.346022,21.538025
6.08500,-10.985171,-16.597773,22.140165
6.09000,-11.264547,-16.822689,22.770463
6.09500,-11.540541,-17.017554,23.427369
6.10000,-11.811773,-17.179154,24.108929
6.10500,-12.076775,-17.304330,24.812761
6.11000,-12.334000,-17.390038,25.536047
6.11500,-12.581830,-17.433416,26.275527
6.12000,-12.818594,-17.431852,27.027506
6.12500,-13.042581,-17.383055,27.787874
6.13000,-13.252064,-17.285129,28.552136
6.13500,-13.445315,-17.136641,29.315457
6.14000,-13.620637,-16.936688,30.072720
6.14500,-13.776383,-16.684954,30.818600
6.15000,-13.910988,-16.381752,31.547644
6.15500,-14.022994,-16.028064,32.254369
6.16000,-14.111079,-15.625550,32.933358
6.16500,-14.174084,-15.176551,33.579372
6.17000,-14.211035,-14.684066,34.187449
6.17500,-14.221169,-14.151714,34.753012
6.18000,-14.203950,-13.583670,35.271963
6.18500,-14.159085,-12.984596,35.740766
6.19000,-14.086530,-12.359542,36.156519
6.19500,-13.986500,-11.713848,36.517001
6.20000,-13.859463,-11.053032,36.820709
6.20500,-13.706136,-10.382675,37.066868
6.21000,-13.527473,-9.708314,37.255421
6.21500,-13.324646,-9.035325,37.387002
6.22000,-13.099029,-8.368833,37.462887
6.22500,-12.852169,-7.713620,37.484938
6.23000,-12.585762,-7.074058,37.455523
6.23500,-12.301621,-6.454048,37.377444
6.24000,-12.001651,-5.856984,37.253840
6.24500,-11.687816,-5.285730,37.088109
6.25000,-11.362110,-4.742612,36.883819
6.25500,-11.026530,-4.229427,36.644628
6.26000,-10.683052,-3.747462,36.374209
6.26500,-10.333605,-3.297524,36.076187
6.27000,-9.980053,-2.879978,35.754081
6.27500,-9.624176,-2.494790,35.411262
6.28000,-9.267658,-2.141575,35.050911
6.28500,-8.912073,-1.819645,34.675997
6.29000,-8.558881,-1.528057,34.289259
6.29500,-8.209416,-1.265661,33.893193
6.30000,-7.864888,-1.031143,33.490054
6.30500,-7.526382,-0.823068,33.081855
6.31000,-7.194855,-0.639915,32.670374
6.31500,-6.871146,-0.480113,32.257169
6.32000,-6.555972,-0.342065,31.843588
6.32500,-6.249939,-0.224179,31.430787
6.33000,-5.953545,-0.124883,31.019743
6.33500,-5.667190,-0.042645,30.611277
6.34000,-5.391178,0.024013,30.206063
6.34500,-5.125731,0.076508,29.804651
6.35000,-4.870989,0.116185,29.407480
6.35500,-4.627026,0.144314,29.014891
6.36000,-4.393848,0.162085,28.627146
6.36500,-4.171408,0.170605,28.244431
6.37000,-3.959607,0.170904,27.866879
6.37500,-3.758303,0.163928,27.494567
6.38000,-3.567318,0.150546,27.127536
6.38500,-3.386442,0.131551,26.765793
6.39000,-3.215436,0.107663,26.409316
6.39500,-3.054042,0.079532,26.058066
6.40000,-2.901984,0.047744,25.711984
6.40500,-2.758971,0.012821,25.371003
6.41000,-2.624703,-0.024772,25.035044
6.41500,-2.498875,-0.064624,24.704023
6.42000,-2.381174,-0.106376,24.377855
6.42500,-2.271291,-0.149713,24.056451
6.43000,-2.168913,-0.194364,23.739721
6.43500,-2.073734,-0.240100,23.427578
6.44000,-1.985450,-0.286724,23.119936
6.44500,-1.903764,-0.334075,22.816712
6.45000,-1.828386,-0.382022,22.517824
6.45500,-1.759035,-0.430460,22.223196
6.46000,-1.695439,-0.479311,21.932753
6.46500,-1.637337,-0.528518,21.646426
6.47000,-1.584475,-0.578046,21.364147
6.47500,-1.536615,-0.627878,21.085854
6.48000,-1.493527,-0.678014,20.811487
6.48500,-1.454994,-0.728468,20.540989
6.49000,-1.420808,-0.779269,20.274309
6.49500,-1.390777,-0.830458,20.011397
6.50000,-1.364717,-0.882087,19.752207
6.50500,-1.342459,-0.934219,19.496696
6.51000,-1.323842,-0.986924,19.244824
6.51500,-1.308720,-1.040282,18.996554
6.52000,-1.296955,-1.094381,18.751853
6.52500,-1.288422,-1.149315,18.510688
6.53000,-1.283008,-1.205185,18.273033
6.53500,-1.280607,-1.262097,18.038862
6.54000,-1.281127,-1.320165,17.808153
6.54500,-1.284485,-1.379507,17.580885
6.55000,-1.290607,-1.440244,17.357044
6.55500,-1.299429,-1.502506,17.136615
6.56000,-1.310898,-1.566426,16.919588
6.56500,-1.324969,-1.632142,16.705958
6.57000,-1.341605,-1.699796,16.495721
6.57500,-1.360780,-1.769536,16.288878
6.58000,-1.382476,-1.841515,16.085433
6.58500,-1.406682,-1.915890,15.885395
6.59000,-1.433397,-1.992825,15.688778
6.59500,-1.462628,-2.072488,15.495600
6.60000,-1.494390,-2.155052,15.305884
6.60500,-1.528703,-2.240697,15.119658
6.61000,-1.565600,-2.329610,14.936959
6.61500,-1.605118,-2.421981,14.757827
6.62000,-1.647303,-2.518010,14.582310
6.62500,-1.692208,-2.617901,14.410464
6.63000,-1.739894,-2.721866,14.242354
6.63500,-1.790429,-2.830125,14.078052
6.64000,-1.843890,-2.942904,13.917640
6.64500,-1.900360,-3.060439,13.761211
6.65000,-1.959930,-3.182970,13.608870
6.65500,-2.022698,-3.310750,13.460733
6.66000,-2.088771,-3.444036,13.316929
6.66500,-2.158264,-3.583096,13.177603
6.67000,-2.231296,-3.728205,13.042915
6.67500,-2.307999,-3.879647,12.913042
6.68000,-2.388508,-4.037714,12.788178
6.68500,-2.472969,-4.202706,12.668540
6.69000,-2.561534,-4.374933,12.554365
6.69500,-2.654364,-4.554709,12.445913
6.70000,-2.751626,-4.742356,12.343472
6.70500,-2.853497,-4.938205,12.247356
6.71000,-2.960159,-5.142588,12.157908
6.71500,-3.071804,-5.355843,12.075505
6.72000,-3.188630,-5.578313,12.000558
6.72500,-3.310842,-5.810337,11.933518
6.73000,-3.438651,-6.052258,11.874873
6.73500,-3.572276,-6.304413,11.825156
6.74000,-3.711941,-6.567133,11.784948
6.74500,-3.857873,-6.840740,11.754877
6.75000,-4.010306,-7.125542,11.735628
6.75500,-4.169475,-7.421829,11.727940
6.76000,-4.335620,-7.729868,11.732611
6.76500,-4.508980,-8.049896,11.750506
6.77000,-4.689791,-8.382116,11.782554
6.77500,-4.878290,-8.726684,11.829754
6.78000,-5.074706,-9.083706,11.893176
6.78500,-5.279262,-9.453223,11.973968
6.79000,-5.492171,-9.835206,12.073351
6.79500,-5.713629,-10.229535,12.192624
6.80000,-5.943818,-10.635995,12.333164
6.80500,-6.182895,-11.054252,12.496420
6.81000,-6.430992,-11.483844,12.683918
6.81500,-6.688207,-11.924159,12.897249
6.82000,-6.954600,-12.374416,13.138064
6.82500,-7.230186,-12.833647,13.408066
6.83000,-7.514924,-13.300674,13.708997
6.83500,-7.808716,-13.774088,14.042618
6.84000,-8.111392,-14.252227,14.410692
6.84500,-8.422702,-14.733154,14.814960
6.85000,-8.742308,-15.214636,15.257106
6.85500,-9.069771,-15.694127,15.738727
6.86000,-9.404541,-16.168749,16.261291
6.86500,-9.745947,-16.635280,16.826085
6.87000,-10.093183,-17.090151,17.434170
6.87500,-10.445302,-17.529443,18.086317
6.88000,-10.801203,-17.948896,18.782946
6.88500,-11.159623,-18.343929,19.524058
6.89000,-11.519128,-18.709672,20.309166
6.89500,-11.878112,-19.041009,21.137222
6.90000,-12.234794,-19.332640,22.006549
6.90500,-12.587216,-19.579157,22.914778
6.91000,-12.933252,-19.775136,23.858789
6.91500,-13.270617,-19.915250,24.834671
6.92000,-13.596883,-19.994390,25.837691
6.92500,-13.909499,-20.007803,26.862289
6.93000,-14.205819,-19.951246,27.902094
6.93500,-14.483132,-19.821128,28.949972
6.94000,-14.738707,-19.614672,29.998102
6.94500,-14.969832,-19.330051,31.038088
6.95000,-15.173865,-18.966518,32.061094
6.95500,-15.348282,-18.524514,33.058019
6.96000,-15.490740,-18.005736,34.019692
6.96500,-15.599119,-17.413177,34.937084
6.97000,-15.671585,-16.751119,35.801535
6.97500,-15.706629,-16.025079,36.604972
6.98000,-15.703117,-15.241713,37.340134
6.98500,-15.660316,-14.408670,38.000754
6.99000,-15.577925,-13.534414,38.581729
6.99500,-15.456086,-12.628013,39.079238
7.00000,-15.295387,-11.698901,39.490824
7.00500,-15.096850,-10.756643,39.815416
7.01000,-14.861912,-9.810687,40.053316
7.01500,-14.592395,-8.870141,40.206124
7.02000,-14.290461,-7.943565,40.276635
7.02500,-13.958569,-7.038796,40.268693
7.03000,-13.599419,-6.162816,40.187023
7.03500,-13.215896,-5.321645,40.037052
7.04000,-12.811014,-4.520292,39.824717
7.04500,-12.387859,-3.762729,39.556278
7.05000,-11.949534,-3.051907,39.238150
7.05500,-11.499111,-2.389806,38.876735
7.06000,-11.039586,-1.777496,38.478293
7.06500,-10.573840,-1.215228,38.048822
7.07000,-10.104609,-0.702530,37.593972
7.07500,-9.634456,-0.238313,37.118974
7.08000,-9.165752,0.179026,36.628604
7.08500,-8.700666,0.551503,36.127151
7.09000,-8.241152,0.881447,35.618414
7.09500,-7.788950,1.171416,35.105712
7.10000,-7.345589,1.424113,34.591898
7.10500,-6.912385,1.642323,34.079388
7.11000,-6.490458,1.828854,33.570198
7.11500,-6.080732,1.986484,33.065974
7.12000,-5.683957,2.117928,32.568034
7.12500,-5.300711,2.225804,32.077409
7.13000,-4.931423,2.312614,31.594874
7.13500,-4.576381,2.380722,31.120988
7.14000,-4.235747,2.432350,30.656128
7.14500,-3.909571,2.469570,30.200514
7.15000,-3.597801,2.494299,29.754244
7.15500,-3.300301,2.508305,29.317311
7.16000,-3.016858,2.513207,28.889627
7.16500,-2.747192,2.510481,28.471042
7.17000,-2.490971,2.501468,28.061359
7.17500,-2.247815,2.487378,27.660347
7.18000,-2.017307,2.469303,27.267751
7.18500,-1.799001,2.448222,26.883302
7.19000,-1.592425,2.425007,26.506727
7.19500,-1.397093,2.400436,26.137748
7.20000,-1.212504,2.375201,25.776094
7.20500,-1.038153,2.349910,25.421499
7.21000,-0.873528,2.325101,25.073709
7.21500,-0.718120,2.301244,24.732478
7.22000,-0.571423,2.278752,24.397575
7.22500,-0.432937,2.257983,24.068784
7.23000,-0.302169,2.239249,23.745900
7.23500,-0.178636,2.222819,23.428733
7.24000,-0.061868,2.208926,23.117106
7.24500,0.048594,2.197770,22.810858
7.25000,0.153195,2.189523,22.509837
7.25500,0.252368,2.184331,22.213906
7.26000,0.346528,2.182321,21.922938
7.26500,0.436079,2.183600,21.636820
7.27000,0.521407,2.188262,21.355446
7.27500,0.602886,2.196388,21.078721
7.28000,0.680874,2.208048,20.806561
7.28500,0.755716,2.223306,20.538889
7.29000,0.827741,2.242218,20.275638
7.29500,0.897267,2.264838,20.016747
7.30000,0.964597,2.291217,19.762164
7.30500,1.030024,2.321405,19.511843
7.31000,1.093827,2.355450,19.265747
7.31500,1.156274,2.393405,19.023845
7.32000,1.217624,2.435324,18.786112
7.32500,1.278125,2.481262,18.552530
7.33000,1.338016,2.531283,18.323089
7.33500,1.397527,2.585451,18.097783
7.34000,1.456881,2.643839,17.876616
7.34500,1.516294,2.706526,17.659595
7.35000,1.575973,2.773594,17.446739
7.35500,1.636123,2.845138,17.238069
7.36000,1.696940,2.921256,17.033619
7.36500,1.758618,3.002056,16.833426
7.37000,1.821346,3.087653,16.637539
7.37500,1.885310,3.178172,16.446016
7.38000,1.950693,3.273745,16.258921
7.38500,2.017675,3.374515,16.076332
7.39000,2.086436,3.480633,15.898337
7.39500,2.157154,3.592257,15.725033
7.40000,2.230006,3.709558,15.556532
7.40500,2.305168,3.832713,15.392959
7.41000,2.382819,3.961908,15.234452
7.41500,2.463137,4.097340,15.081166
7.42000,2.546299,4.239213,14.933271
7.42500,2.632488,4.387738,14.790954
7.43000,2.721886,4.543137,14.654424
7.43500,2.814675,4.705635,14.523908
7.44000,2.911044,4.875467,14.399656
7.44500,3.011181,5.052873,14.281940
7.45000,3.115278,5.238096,14.171059
7.45500,3.223528,5.431385,14.067339
7.46000,3.336129,5.632989,13.971135
7.46500,3.453281,5.843160,13.882834
7.47000,3.575185,6.062146,13.802853
7.47500,3.702045,6.290194,13.731648
7.48000,3.834069,6.527544,13.669712
7.48500,3.971462,6.774427,13.617578
7.49000,4.114435,7.031063,13.575820
7.49500,4.263195,7.297654,13.545059
7.50000,4.417950,7.574386,13.525962
7.50500,4.578906,7.861414,13.519246
7.51000,4.746268,8.158869,13.525680
7.51500,4.920232,8.466839,13.546086
7.52000,5.100991,8.785374,13.581341
7.52500,5.288730,9.114469,13.632379
7.53000,5.483621,9.454062,13.700191
7.53500,5.685825,9.804019,13.785825
7.54000,5.895485,10.164130,13.890386
7.54500,6.112727,10.534091,14.015035
7.55000,6.337651,10.913498,14.160985
7.55500,6.570331,11.301831,14.329496
7.56000,6.810809,11.698438,14.521874
7.56500,7.059089,12.102525,14.739456
7.57000,7.315132,12.513140,14.983607
7.57500,7.578852,12.929154,15.255706
7.58000,7.850105,13.349247,15.557127
7.58500,8.128687,13.771896,15.889226
7.59000,8.414322,14.195355,16.253317
7.59500,8.706659,14.617646,16.650649
7.60000,9.005260,15.036545,17.082373
7.60500,9.309594,15.449572,17.549515
7.61000,9.619029,15.853990,18.052934
7.61500,9.932824,16.246801,18.593283
7.62000,10.250121,16.624748,19.170968
7.62500,10.569939,16.984334,19.786096
7.63000,10.891169,17.321833,20.438430
7.63500,11.212569,17.633322,21.127339
7.64000,11.532763,17.914718,21.851745
7.64500,11.850238,18.161827,22.610078
7.65000,12.163352,18.370400,23.400234
7.65500,12.470332,18.536209,24.219538
7.66000,12.769291,18.655123,25.064713
7.66500,13.058235,18.723201,25.931873
7.67000,13.335081,18.736794,26.816514
7.67500,13.597681,18.692644,27.713535
7.68000,13.843842,18.587996,28.617275
7.68500,14.071362,18.420705,29.521567
7.69000,14.278055,18.189332,30.419817
7.69500,14.461793,17.893237,31.305104
7.70000,14.620540,17.532652,32.170299
7.70500,14.752396,17.108735,33.008199
7.71000,14.855630,16.623601,33.811681
7.71500,14.928726,16.080319,34.573852
7.72000,14.970410,15.482888,35.288211
7.72500,14.979692,14.836174,35.948804
7.73000,14.955882,14.145821,36.550360
7.73500,14.898621,13.418133,37.088418
7.74000,14.807883,12.659938,37.559427
7.74500,14.683990,11.878427,37.960812
7.75000,14.527603,11.080989,38.291018
7.75500,14.339712,10.275040,38.549512
7.76000,14.121619,9.467856,38.736758
7.76500,13.874910,8.666421,38.854164
7.77000,13.601422,7.877286,38.903994
7.77500,13.303214,7.106449,38.889268
7.78000,12.982516,6.359271,38.813645
7.78500,12.641697,5.640401,38.681292
7.79000,12.283218,4.953746,38.496751
7.79500,11.909592,4.302447,38.264818
7.80000,11.523344,3.688898,37.990409
7.80500,11.126974,3.114769,37.678461
7.81000,10.722926,2.581054,37.333825
7.81500,10.313556,2.088128,36.961184
7.82000,9.901111,1.635812,36.564993
7.82500,9.487708,1.223448,36.149420
7.83000,9.075317,0.849968,35.718313
7.83500,8.665751,0.513971,35.275179
7.84000,8.260661,0.213786,34.823173
7.84500,7.861530,-0.052458,34.365097
7.85000,7.469673,-0.286774,33.903410
7.85500,7.086242,-0.491268,33.440243
7.86000,6.712226,-0.668090,32.977416
7.86500,6.348464,-0.819399,32.516468
7.87000,5.995647,-0.947326,32.058676
7.87500,5.654330,-1.053952,31.605084
7.88000,5.324942,-1.141286,31.156527
7.88500,5.007793,-1.211247,30.713661
7.89000,4.703089,-1.265658,30.276981
7.89500,4.410939,-1.306232,29.846849
7.90000,4.131366,-1.334574,29.423513
7.90500,3.864316,-1.352175,29.007122
7.91000,3.609666,-1.360412,28.597750
7.91500,3.367239,-1.360552,28.195403
7.92000,3.136803,-1.353755,27.800037
7.92500,2.918086,-1.341077,27.411570
7.93000,2.710779,-1.323477,27.029886
7.93500,2.514543,-1.301818,26.654848
7.94000,2.329019,-1.276879,26.286302
7.94500,2.153824,-1.249356,25.924085
7.95000,1.988568,-1.219869,25.568027
7.95500,1.832845,-1.188968,25.217956
7.96000,1.686250,-1.157141,24.873699
7.96500,1.548369,-1.124813,24.535089
7.97000,1.418795,-1.092359,24.201960
7.97500,1.297119,-1.060104,23.874153
7.98000,1.182940,-1.028327,23.551515
7.98500,1.075862,-0.997272,23.233900
7.99000,0.975499,-0.967141,22.921170
7.99500,0.881474,-0.938109,22.613192
8.00000,0.793421,-0.910320,22.309842
8.00500,0.710984,-0.883895,22.011002
8.01000,0.633821,-0.858930,21.716562
8.01500,0.561601,-0.835503,21.426416
8.02000,0.494006,-0.813675,21.140467
8.02500,0.430733,-0.793493,20.858621
8.03000,0.371489,-0.774989,20.580791
8.03500,0.315994,-0.758187,20.306894
8.04000,0.263984,-0.743101,20.036852
8.04500,0.215203,-0.729736,19.770592
8.05000,0.169412,-0.718093,19.508043
8.05500,0.126378,-0.708166,19.249140
8.06000,0.085886,-0.699948,18.993817
8.06500,0.047728,-0.693428,18.742017
8.07000,0.011707,-0.688591,18.493681
8.07500,-0.022362,-0.685424,18.248754
8.08000,-0.054656,-0.683912,18.007183
8.08500,-0.085342,-0.684042,17.768919
8.09000,-0.114578,-0.685799,17.533913
8.09500,-0.142513,-0.689172,17.302119
8.10000,-0.169290,-0.694150,17.073491
8.10500,-0.195042,-0.700726,16.847987
8.11000,-0.219899,-0.708893,16.625565
8.11500,-0.243981,-0.718649,16.406184
8.12000,-0.267404,-0.729994,16.189807
8.12500,-0.290276,-0.742931,15.976396
8.13000,-0.312703,-0.757469,15.765915
8.13500,-0.334785,-0.773617,15.558329
8.14000,-0.356618,-0.791391,15.353605
8.14500,-0.378292,-0.810810,15.151711
8.15000,-0.399898,-0.831896,14.952617
8.15500,-0.421520,-0.854677,14.756292
8.16000,-0.443241,-0.879185,14.562709
8.16500,-0.465141,-0.905458,14.371841
8.17000,-0.487299,-0.933536,14.183663
8.17500,-0.509790,-0.963466,13.998152
8.18000,-0.532691,-0.995299,13.815284
8.18500,-0.556075,-1.029093,13.635039
8.19000,-0.580017,-1.064910,13.457399
8.19500,-0.604589,-1.102817,13.282347
8.20000,-0.629864,-1.142888,13.109866
8.20500,-0.655916,-1.185203,12.939945
8.21000,-0.682818,-1.229847,12.772572
8.21500,-0.710644,-1.276912,12.607738
8.22000,-0.739470,-1.326496,12.445438
8.22500,-0.769372,-1.378705,12.285668
8.23000,-0.800429,-1.433649,12.128428
8.23500,-0.832721,-1.491450,11.973720
8.24000,-0.866330,-1.552233,11.821551
8.24500,-0.901340,-1.616132,11.671930
8.25000,-0.937839,-1.683292,11.524872
8.25500,-0.975916,-1.753861,11.380394
8.26000,-1.015665,-1.828001,11.238519
8.26500,-1.057182,-1.905880,11.099277
8.27000,-1.100569,-1.987675,10.962699
8.27500,-1.145928,-2.073574,10.828828
8.28000,-1.193370,-2.163776,10.697709
8.28500,-1.243008,-2.258488,10.569397
8.29000,-1.294959,-2.357930,10.443954
8.29500,-1.349347,-2.462331,10.321451
8.30000,-1.406301,-2.571934,10.201969
8.30500,-1.465956,-2.686992,10.085600
8.31000,-1.528453,-2.807772,9.972447
8.31500,-1.593938,-2.934552,9.862625
8.32000,-1.662566,-3.067625,9.756264
8.32500,-1.734499,-3.207294,9.653510
8.33000,-1.809903,-3.353880,9.554524
8.33500,-1.888956,-3.507714,9.459488
8.34000,-1.971842,-3.669143,9.368601
8.34500,-2.058752,-3.838526,9.282086
8.35000,-2.149888,-4.016240,9.200191
8.35500,-2.245459,-4.202670,9.123188
8.36000,-2.345683,-4.398220,9.051381
8.36500,-2.450790,-4.603303,8.985104
8.37000,-2.561015,-4.818346,8.924725
8.37500,-2.676607,-5.043788,8.870652
8.38000,-2.797820,-5.280077,8.823333
8.38500,-2.924923,-5.527670,8.783263
8.39000,-3.058189,-5.787030,8.750983
8.39500,-3.197903,-6.058627,8.727089
8.40000,-3.344360,-6.342930,8.712237
8.40500,-3.497862,-6.640405,8.707144
8.41000,-3.658719,-6.951515,8.712593
8.41500,-3.827249,-7.276710,8.729443
8.42000,-4.003774,-7.616421,8.758631
8.42500,-4.188623,-7.971058,8.801179
8.43000,-4.382128,-8.340996,8.858197
8.43500,-4.584621,-8.726570,8.930892
8.44000,-4.796433,-9.128060,9.020573
8.44500,-5.017892,-9.545684,9.128655
8.45000,-5.249317,-9.979578,9.256662
8.45500,-5.491019,-10.429781,9.406237
8.46000,-5.743288,-10.896221,9.579137
8.46500,-6.006398,-11.378688,9.777240
8.47000,-6.280594,-11.876815,10.002545
8.47500,-6.566084,-12.390050,10.257164
8.48000,-6.863038,-12.917631,10.543321
8.48500,-7.171573,-13.458554,10.863341
8.49000,-7.491744,-14.011538,11.219639
8.49500,-7.823533,-14.574995,11.614696
8.50000,-8.166840,-15.146992,12.051040
8.50500,-8.521464,-15.725212,12.531211
8.51000,-8.887090,-16.306922,13.057722
8.51500,-9.263276,-16.888935,13.633011
8.52000,-9.649434,-17.467579,14.259384
8.52500,-10.044812,-18.038669,14.938943
8.53000,-10.448477,-18.597489,15.673515
8.53500,-10.859302,-19.138781,16.464551
8.54000,-11.275940,-19.656750,17.313037
8.54500,-11.696818,-20.145081,18.219381
8.55000,-12.120119,-20.596981,19.183298
8.55500,-12.543771,-21.005241,20.203693
8.56000,-12.965446,-21.362324,21.278541
8.56500,-13.382553,-21.660481,22.404780
8.57000,-13.792249,-21.891905,23.578206
8.57500,-14.191452,-22.048902,24.793397
8.58000,-14.576860,-22.124099,26.043662
8.58500,-14.944986,-22.110677,27.321026
8.59000,-15.292199,-22.002618,28.616258
8.59500,-15.614777,-21.794960,29.918957
8.60000,-15.908968,-21.484054,31.217686
8.60500,-16.171063,-21.067799,32.500168
8.61000,-16.397473,-20.545846,33.753545
8.61500,-16.584815,-19.919756,34.964679
8.62000,-16.729993,-19.193098,36.120497
8.62500,-16.830289,-18.371468,37.208369
8.63000,-16.883438,-17.462428,38.216481
8.63500,-16.887701,-16.475365,39.134212
8.64000,-16.841921,-15.421263,39.952463
8.64500,-16.745566,-14.312406,40.663943
8.65000,-16.598754,-13.162019,41.263377
8.65500,-16.402258,-11.983873,41.747638
8.66000,-16.157490,-10.791875,42.115778
8.66500,-15.866465,-9.599661,42.368985
8.67000,-15.531752,-8.420215,42.510439
8.67500,-15.156403,-7.265544,42.545109
8.68000,-14.743879,-6.146400,42.479486
8.68500,-14.297961,-5.072087,42.321283
8.69000,-13.822659,-4.050334,42.079112
8.69500,-13.322128,-3.087237,41.762167
8.70000,-12.800574,-2.187278,41.379913
8.70500,-12.262181,-1.353389,40.941816
8.71000,-11.711035,-0.587071,40.457100
8.71500,-11.151063,0.111463,39.934552
8.72000,-10.585983,0.743113,39.382372
8.72500,-10.019265,1.309719,38.808068
8.73000,-9.454100,1.813879,38.218384
8.73500,-8.893381,2.258779,37.619278
8.74000,-8.339694,2.648031,37.015914
8.74500,-7.795316,2.985532,36.412691
8.75000,-7.262216,3.275340,35.813286
8.75500,-6.742070,3.521568,35.220705
8.76000,-6.236271,3.728297,34.637347
8.76500,-5.745947,3.899513,34.065073
8.77000,-5.271980,4.039046,33.505272
8.77500,-4.815028,4.150539,32.958928
8.78000,-4.375542,4.237419,32.426680
8.78500,-3.953793,4.302882,31.908882
8.79000,-3.549885,4.349885,31.405655
8.79500,-3.163781,4.381146,30.916933
8.80000,-2.795319,4.399148,30.442502
8.80500,-2.444228,4.406145,29.982039
8.81000,-2.110147,4.404177,29.535139
8.81500,-1.792638,4.395076,29.101340
8.82000,-1.491199,4.380486,28.680146
8.82500,-1.205278,4.361874,28.271041
8.83000,-0.934281,4.340543,27.873506
8.83500,-0.677583,4.317649,27.487025
8.84000,-0.434539,4.294210,27.111099
8.84500,-0.204486,4.271124,26.745246
8.85000,0.013246,4.249178,26.389011
8.85500,0.219332,4.229059,26.041964
8.86000,0.414442,4.211368,25.703706
8.86500,0.599245,4.196624,25.373867
8.87000,0.774398,4.185278,25.052110
8.87500,0.940546,4.177720,24.738124
8.88000,1.098323,4.174284,24.431632
8.88500,1.248345,4.175258,24.132382
8.89000,1.391211,4.180888,23.840153
8.89500,1.527503,4.191386,23.554749
8.90000,1.657784,4.206931,23.275997
8.90500,1.782596,4.227678,23.003752
8.91000,1.902463,4.253758,22.737888
8.91500,2.017890,4.285285,22.478304
8.92000,2.129361,4.322358,22.224915
8.92500,2.237342,4.365061,21.977660
8.93000,2.342279,4.413471,21.736494
8.93500,2.444601,4.467657,21.501390
8.94000,2.544718,4.527680,21.272340
8.94500,2.643025,4.593599,21.049350
8.95000,2.739899,4.665469,20.832444
8.95500,2.835700,4.743346,20.621663
8.96000,2.930776,4.827281,20.417061
8.96500,3.025459,4.917330,20.218711
8.97000,3.120067,5.013546,20.026699
8.97500,3.214907,5.115986,19.841129
8.98000,3.310271,5.224706,19.662119
8.98500,3.406443,5.339765,19.489806
8.99000,3.503692,5.461223,19.324341
8.99500,3.602281,5.589142,19.165894
9.00000,3.702460,5.723582,19.014652
9.00500,3.804472,5.864605,18.870821
9.01000,3.908550,6.012273,18.734626
9.01500,4.014918,6.166644,18.606309
9.02000,4.123793,6.327773,18.486134
9.02500,4.235384,6.495714,18.374388
9.03000,4.349892,6.670512,18.271375
9.03500,4.467509,6.852205,18.177424
9.04000,4.588422,7.040822,18.092888
9.04500,4.712807,7.236381,18.018139
9.05000,4.840834,7.438883,17.953577
9.05500,4.972664,7.648315,17.899626
9.06000,5.108448,7.864642,17.856733
9.06500,5.248329,8.087809,17.825369
9.07000,5.392439,8.317730,17.806034
9.07500,5.540897,8.554291,17.799248
9.08000,5.693812,8.797344,17.805558
9.08500,5.851279,9.046700,17.825531
9.09000,6.013378,9.302129,17.859758
9.09500,6.180172,9.563348,17.908849
9.10000,6.351708,9.830025,17.973432
9.10500,6.528009,10.101764,18.054148
9.11000,6.709080,10.378109,18.151651
9.11500,6.894901,10.658528,18.266600
9.12000,7.085423,10.942416,18.399657
9.12500,7.280569,11.229085,18.551477
9.13000,7.480232,11.517758,18.722704
9.13500,7.684268,11.807565,18.913963
9.14000,7.892495,12.097538,19.125849
9.14500,8.104691,12.386607,19.358915
9.15000,8.320590,12.673595,19.613665
9.15500,8.539879,12.957217,19.890536
9.16000,8.762194,13.236078,20.189886
9.16500,8.987119,13.508674,20.511980
9.17000,9.214183,13.773394,20.856972
9.17500,9.442854,14.028524,21.224885
9.18000,9.672543,14.272255,21.615601
9.18500,9.902597,14.502690,22.028835
9.19000,10.132303,14.717861,22.464121
9.19500,10.360884,14.915740,22.920794
9.20000,10.587499,15.094261,23.397971
9.20500,10.811250,15.251343,23.894542
9.21000,11.031180,15.384913,24.409151
9.21500,11.246278,15.492939,24.940190
9.22000,11.455486,15.573460,25.485792
9.22500,11.657703,15.624622,26.043832
9.23000,11.851795,15.644716,26.611926
9.23500,12.036606,15.632212,27.187444
9.24000,12.210965,15.585802,27.767524
9.24500,12.373701,15.504438,28.349097
9.25000,12.523656,15.387362,28.928910
9.25500,12.659700,15.234145,29.503567
9.26000,12.780746,15.044710,30.069565
9.26500,12.885765,14.819356,30.623347
9.27000,12.973801,14.558774,31.161346
9.27500,13.043990,14.264051,31.680045
9.28000,13.095573,13.936668,32.176031
9.28500,13.127907,13.578493,32.646052
9.29000,13.140484,13.191755,33.087070
9.29500,13.132936,12.779017,33.496316
9.30000,13.105046,12.343135,33.871332
9.30500,13.056751,11.887217,34.210014
9.31000,12.988152,11.414565,34.510643
9.31500,12.899505,10.928625,34.771903
9.32000,12.791228,10.432920,34.992903
9.32500,12.663889,9.930997,35.173171
9.33000,12.518200,9.426365,35.312652
9.33500,12.355009,8.922439,35.411691
9.34000,12.175285,8.422487,35.471008
9.34500,11.980105,7.929588,35.491667
9.35000,11.770637,7.446589,35.475040
9.35500,11.548126,6.976078,35.422762
9.36000,11.313875,6.520357,35.336691
9.36500,11.069227,6.081427,35.218858
9.37000,10.815553,5.660984,35.071426
9.37500,10.554230,5.260415,34.896647
9.38000,10.286626,4.880805,34.696815
9.38500,10.014092,4.522949,34.474235
9.39000,9.737944,4.187370,34.231187
9.39500,9.459450,3.874335,33.969897
9.40000,9.179827,3.583884,33.692515
9.40500,8.900229,3.315846,33.401091
9.41000,8.621738,3.069872,33.097563
9.41500,8.345366,2.845456,32.783749
9.42000,8.072045,2.641964,32.461334
9.42500,7.802629,2.458653,32.131869
9.43000,7.537892,2.294696,31.796774
9.43500,7.278528,2.149204,31.457334
9.44000,7.025152,2.021244,31.114707
9.44500,6.778305,1.909856,30.769929
9.45000,6.538451,1.814067,30.423920
9.45500,6.305987,1.732906,30.077490
9.46000,6.081242,1.665415,29.731351
9.46500,5.864483,1.610657,29.386124
9.47000,5.655920,1.567723,29.042344
9.47500,5.455707,1.535741,28.700473
9.48000,5.263951,1.513879,28.360905
9.48500,5.080713,1.501349,28.023974
9.49000,4.906015,1.497408,27.689964
9.49500,4.739842,1.501362,27.359110
9.50000,4.582147,1.512564,27.031609
9.50500,4.432854,1.530418,26.707624
9.51000,4.291866,1.554374,26.387287
9.51500,4.159062,1.583930,26.070707
9.52000,4.034305,1.618631,25.757971
9.52500,3.917442,1.658064,25.449149
9.53000,3.808311,1.701862,25.144297
9.53500,3.706738,1.749697,24.843460
9.54000,3.612546,1.801280,24.546672
9.54500,3.525550,1.856360,24.253962
9.55000,3.445565,1.914718,23.965354
9.55500,3.372403,1.976173,23.680865
9.56000,3.305880,2.040569,23.400514
9.56500,3.245812,2.107784,23.124315
9.57000,3.192018,2.177719,22.852285
9.57500,3.144324,2.250302,22.584440
9.58000,3.102560,2.325486,22.320796
9.58500,3.066564,2.403243,22.061375
9.59000,3.036178,2.483566,21.806198
9.59500,3.011254,2.566469,21.555291
9.60000,2.991654,2.651981,21.308684
9.60500,2.977245,2.740148,21.066410
9.61000,2.967905,2.831032,20.828507
9.61500,2.963522,2.924708,20.595021
9.62000,2.963991,3.021265,20.365999
9.62500,2.969219,3.120802,20.141497
9.63000,2.979123,3.223432,19.921577
9.63500,2.993627,3.329276,19.706309
9.64000,3.012668,3.438467,19.495769
9.64500,3.036190,3.551144,19.290041
9.65000,3.064150,3.667457,19.089220
9.65500,3.096511,3.787563,18.893408
9.66000,3.133248,3.911624,18.702717
9.66500,3.174345,4.039811,18.517272
9.67000,3.219794,4.172300,18.337208
9.67500,3.269598,4.309271,18.162671
9.68000,3.323766,4.450911,17.993821
9.68500,3.382320,4.597408,17.830834
9.69000,3.445286,4.748955,17.673897
9.69500,3.512700,4.905747,17.523216
9.70000,3.584606,5.067981,17.379012
9.70500,3.661056,5.235854,17.241526
9.71000,3.742107,5.409562,17.111016
9.71500,3.827824,5.589300,16.987760
9.72000,3.918279,5.775261,16.872061
9.72500,4.013549,5.967633,16.764241
9.73000,4.113716,6.166597,16.664649
9.73500,4.218867,6.372328,16.573656
9.74000,4.329093,6.584989,16.491662
9.74500,4.444488,6.804733,16.419096
9.75000,4.565150,7.031697,16.356412
9.75500,4.691176,7.266000,16.304100
9.76000,4.822665,7.507741,16.262675
9.76500,4.959716,7.756994,16.232690
9.77000,5.102425,8.013806,16.214729
9.77500,5.250884,8.278189,16.209408
9.78000,5.405184,8.550120,16.217379
9.78500,5.565404,8.829531,16.239328
9.79000,5.731619,9.116306,16.275975
9.79500,5.903892,9.410278,16.328070
9.80000,6.082272,9.711214,16.396398
9.80500,6.266795,10.018817,16.481771
9.81000,6.457477,10.332712,16.585026
9.81500,6.654313,10.652442,16.707026
9.82000,6.857275,10.977458,16.848648
9.82500,7.066307,11.307112,17.010781
9.83000,7.281321,11.640648,17.194320
9.83500,7.502193,11.977191,17.400153
9.84000,7.728759,12.315742,17.629155
9.84500,7.960814,12.655171,17.882173
9.85000,8.198101,12.994204,18.160012
9.85500,8.440312,13.331423,18.463423
9.86000,8.687080,13.665257,18.793079
9.86500,8.937976,13.993982,19.149562
9.87000,9.192504,14.315714,19.533336
9.87500,9.450096,14.628419,19.944728
9.88000,9.710109,14.929908,20.383900
9.88500,9.971821,15.217852,20.850824
9.89000,10.234430,15.489792,21.345255
9.89500,10.497048,15.743155,21.866703
9.90000,10.758703,15.975274,22.414408
9.90500,11.018339,16.183421,22.987313
9.91000,11.274818,16.364832,23.584043
9.91500,11.526922,16.516750,24.202880
9.92000,11.773358,16.636466,24.841754
9.92500,12.012769,16.721368,25.498230
9.93000,12.243737,16.768993,26.169505
9.93500,12.464801,16.777086,26.852414
9.94000,12.674463,16.743652,27.543444
9.94500,12.871214,16.667017,28.238761
9.95000,13.053542,16.545887,28.934240
9.95500,13.219957,16.379396,29.625514
9.96000,13.369012,16.167155,30.308032
9.96500,13.499323,15.909295,30.977117
9.97000,13.609594,15.606490,31.628048
9.97500,13.698638,15.259975,32.256132
9.98000,13.765400,14.871552,32.856795
9.98500,13.808980,14.443577,33.425663
9.99000,13.828647,13.978933,33.958647
9.99500,13.823861,13.480987,34.452023
10.00000,13.794281,12.953536,34.902502
10.00500,13.739779,12.400740,35.307295
10.01000,13.660443,11.827043,35.664155
10.01500,13.556577,11.237084,35.971421
10.02000,13.428702,10.635612,36.228027
10.02500,13.277544,10.027393,36.433510
10.03000,13.104026,9.417119,36.587996
10.03500,12.909249,8.809327,36.692170
10.04000,12.694480,8.208321,36.747239
10.04500,12.461124,7.618107,36.754878
10.05000,12.210704,7.042339,36.717167
10.05500,11.944840,6.484274,36.636530
10.06000,11.665220,5.946749,36.515666
10.06500,11.373576,5.432160,36.357475
10.07000,11.071664,4.942462,36.164993
10.07500,10.761238,4.479170,35.941330
10.08000,10.444029,4.043383,35.689610
10.08500,10.121729,3.635802,35.412917
10.09000,9.795970,3.256764,35.114254
10.09500,9.468316,2.906274,34.796506
10.10000,9.140244,2.584046,34.462407
10.10500,8.813142,2.289535,34.114522
10.11000,8.488295,2.021984,33.755228
10.11500,8.166887,1.780456,33.386709
10.12000,7.849993,1.563873,33.010952
10.12500,7.538580,1.371047,32.629745
10.13000,7.233509,1.200714,32.244684
10.13500,6.935535,1.051556,31.857181
10.14000,6.645312,0.922232,31.468475
10.14500,6.363397,0.811395,31.079640
10.15000,6.090252,0.717707,30.691601
10.15500,5.826254,0.639862,30.305149
10.16000,5.571698,0.576589,29.920947
10.16500,5.326804,0.526669,29.539550
10.17000,5.091724,0.488935,29.161417
10.17500,4.866545,0.462286,28.786919
10.18000,4.651300,0.445682,28.416351
10.18500,4.445969,0.438151,28.049947
10.19000,4.250490,0.438790,27.687883
10.19500,4.064759,0.446762,27.330290
10.20000,3.888639,0.461299,26.977260
10.20500,3.721965,0.481696,26.628850
10.21000,3.564545,0.507312,26.285092
10.21500,3.416168,0.537568,25.945998
10.22000,3.276607,0.571940,25.611558
10.22500,3.145619,0.609961,25.281754
10.23000,3.022956,0.651215,24.956554
10.23500,2.908359,0.695336,24.635918
10.24000,2.801566,0.742002,24.319803
10.24500,2.702314,0.790933,24.008161
10.25000,2.610340,0.841891,23.700942
10.25500,2.525383,0.894673,23.398095
10.26000,2.447184,0.949109,23.099570
10.26500,2.375492,1.005063,22.805317
10.27000,2.310061,1.062426,22.515288
10.27500,2.250651,1.121116,22.229437
10.28000,2.197032,1.181075,21.947721
10.28500,2.148983,1.242267,21.670100
10.29000,2.106291,1.304679,21.396536
10.29500,2.068756,1.368313,21.126995
10.30000,2.036185,1.433191,20.861447
10.30500,2.008398,1.499350,20.599864
10.31000,1.985225,1.566841,20.342223
10.31500,1.966509,1.635729,20.088504
10.32000,1.952100,1.706092,19.838692
10.32500,1.941864,1.778017,19.592774
10.33000,1.935676,1.851603,19.350743
10.33500,1.933421,1.926960,19.112595
10.34000,1.934997,2.004205,18.878331
10.34500,1.940313,2.083466,18.647956
10.35000,1.949287,2.164876,18.421482
10.35500,1.961850,2.248579,18.198922
10.36000,1.977942,2.334724,17.980299
10.36500,1.997514,2.423469,17.765637
10.37000,2.020526,2.514978,17.554969
10.37500,2.046951,2.609422,17.348334
10.38000,2.076769,2.706978,17.145777
10.38500,2.109971,2.807832,16.947350
10.39000,2.146557,2.912172,16.753113
10.39500,2.186537,3.020197,16.563136
10.40000,2.229931,3.132110,16.377495
10.40500,2.276766,3.248121,16.196277
10.41000,2.327080,3.368445,16.019580
10.41500,2.380919,3.493306,15.847513
10.42000,2.438338,3.622930,15.680195
10.42500,2.499401,3.757554,15.517760
10.43000,2.564179,3.897417,15.360356
10.43500,2.632753,4.042766,15.208144
10.44000,2.705211,4.193852,15.061304
10.44500,2.781651,4.350933,14.920031
10.45000,2.862176,4.514270,14.784539
10.45500,2.946899,4.684129,14.655064
10.46000,3.035940,4.860781,14.531863
10.46500,3.129427,5.044497,14.415216
10.47000,3.227493,5.235554,14.305427
10.47500,3.330281,5.434225,14.202830
10.48000,3.437938,5.640787,14.107786
10.48500,3.550618,5.855514,14.020686
10.49000,3.668482,6.078673,13.941955
10.49500,3.791693,6.310530,13.872055
10.50000,3.920423,6.551340,13.811482
10.50500,4.054843,6.801346,13.760775
10.51000,4.195132,7.060778,13.720512
10.51500,4.341468,7.329849,13.691319
10.52000,4.494030,7.608745,13.673865
10.52500,4.652999,7.897631,13.668870
10.53000,4.818552,8.196633,13.677104
10.53500,4.990865,8.505844,13.699390
10.54000,5.170106,8.825306,13.736603
10.54500,5.356437,9.155010,13.789678
10.55000,5.550012,9.494888,13.859600
10.55500,5.750969,9.844795,13.947413
10.56000,5.959433,10.204511,14.054215
10.56500,6.175508,10.573718,14.181157
10.57000,6.399277,10.951999,14.329440
10.57500,6.630794,11.338816,14.500310
10.58000,6.870081,11.733502,14.695053
10.58500,7.117124,12.135245,14.914986
10.59000,7.371866,12.543074,15.161449
10.59500,7.634201,12.955842,15.435789
10.60000,7.903967,13.372214,15.739347
10.60500,8.180940,13.790649,16.073441
10.61000,8.464827,14.209388,16.439340
10.61500,8.755259,14.626442,16.838244
10.62000,9.051779,15.039580,17.271249
10.62500,9.353840,15.446320,17.739322
10.63000,9.660793,15.843930,18.243258
10.63500,9.971883,16.229422,18.783641
10.64000,10.286237,16.599562,19.360804
10.64500,10.602864,16.950881,19.974779
10.65000,10.920645,17.279696,20.625254
10.65500,11.238331,17.582137,21.311520
10.66000,11.554543,17.854189,22.032423
10.66500,11.867770,18.091739,22.786326
10.67000,12.176373,18.290635,23.571059
10.67500,12.478590,18.446757,24.383894
10.68000,12.772547,18.556099,25.221512
10.68500,13.056272,18.614855,26.080001
10.69000,13.327708,18.619522,26.954850
10.69500,13.584740,18.566998,27.840972
10.70000,13.825213,18.454685,28.732742
10.70500,14.046969,18.280596,29.624057
10.71000,14.247872,18.043447,30.508411
10.71500,14.425848,17.742741,31.378998
10.72000,14.578922,17.378840,32.228830
10.72500,14.705253,16.953012,33.050870
10.73000,14.803175,16.467456,33.838174
10.73500,14.871235,15.925297,34.584050
10.74000,14.908223,15.330558,35.282205
10.74500,14.913206,14.688094,35.926894
10.75000,14.885553,14.003503,36.513058
10.75500,14.824952,13.283011,37.036434
10.76000,14.731421,12.533332,37.493652
10.76500,14.605317,11.761519,37.882301
10.77000,14.447325,10.974797,38.200957
10.77500,14.258451,10.180403,38.449194
10.78000,14.040004,9.385422,38.627548
10.78500,13.793564,8.596640,38.737465
10.79000,13.520957,7.820412,38.781217
10.79500,13.224218,7.062550,38.761803
10.80000,12.905549,6.328238,38.682828
10.80500,12.567282,5.621968,38.548387
10.81000,12.211835,4.947505,38.362931
10.81500,11.841675,4.307875,38.131146
10.82000,11.459279,3.705376,37.857834
10.82500,11.067094,3.141605,37.547809
10.83000,10.667515,2.617506,37.205797
10.83500,10.262846,2.133422,36.836364
10.84000,9.855285,1.689164,36.443846
10.84500,9.446900,1.284076,36.032304
10.85000,9.039619,0.917111,35.605486
10.85500,8.635214,0.586893,35.166810
10.86000,8.235298,0.291792,34.719352
10.86500,7.841320,0.029981,34.265846
10.87000,7.454566,-0.200505,33.808693
10.87500,7.076161,-0.401721,33.349977
10.88000,6.707075,-0.575764,32.891481
10.88500,6.348126,-0.724738,32.434712
10.89000,5.999991,-0.850724,31.980927
10.89500,5.663214,-0.955752,31.531152
10.90000,5.338215,-1.041784,31.086214
10.90500,5.025298,-1.110693,30.646763
10.91000,4.724666,-1.164261,30.213293
10.91500,4.436427,-1.204162,29.786169
10.92000,4.160602,-1.231966,29.365640
10.92500,3.897141,-1.249129,28.951866
10.93000,3.645926,-1.257001,28.544926
10.93500,3.406781,-1.256822,28.144835
10.94000,3.179483,-1.249729,27.751561
10.94500,2.963765,-1.236755,27.365028
10.95000,2.759325,-1.218840,26.985133
10.95500,2.565834,-1.196831,26.611747
10.96000,2.382938,-1.171491,26.244728
10.96500,2.210265,-1.143504,25.883919
10.97000,2.047431,-1.113477,25.529161
10.97500,1.894042,-1.081949,25.180289
10.98000,1.749698,-1.049399,24.837140
10.98500,1.613998,-1.016245,24.499551
10.99000,1.486540,-0.982854,24.167364
10.99500,1.366927,-0.949542,23.840427
11.00000,1.254763,-0.916585,23.518592
11.00500,1.149664,-0.884217,23.201718
11.01000,1.051251,-0.852639,22.889670
11.01500,0.959154,-0.822020,22.582322
11.02000,0.873016,-0.792498,22.279551
11.02500,0.792489,-0.764189,21.981245
11.03000,0.717238,-0.737185,21.687294
11.03500,0.646941,-0.711561,21.397596
11.04000,0.581287,-0.687372,21.112056
11.04500,0.519978,-0.664660,20.830583
11.05000,0.462730,-0.643454,20.553090
11.05500,0.409271,-0.623771,20.279497
11.06000,0.359342,-0.605620,20.009726
11.06500,0.312695,-0.589001,19.743704
11.07000,0.269096,-0.573910,19.481363
11.07500,0.228322,-0.560335,19.222635
11.08000,0.190162,-0.548260,18.967459
11.08500,0.154415,-0.537669,18.715774
11.09000,0.120892,-0.528540,18.467523
11.09500,0.089414,-0.520852,18.222650
11.10000,0.059810,-0.514582,17.981103
11.10500,0.031922,-0.509707,17.742830
11.11000,0.005599,-0.506203,17.507782
11.11500,-0.019304,-0.504050,17.275911
11.12000,-0.042920,-0.503226,17.047173
11.12500,-0.065376,-0.503712,16.821522
11.13000,-0.086792,-0.505492,16.598914
11.13500,-0.107282,-0.508548,16.379309
11.14000,-0.126953,-0.512869,16.162665
11.14500,-0.145907,-0.518444,15.948942
11.15000,-0.164238,-0.525266,15.738103
11.15500,-0.182039,-0.533329,15.530110
11.16000,-0.199395,-0.542633,15.324926
11.16500,-0.216389,-0.553178,15.122516
11.17000,-0.233100,-0.564969,14.922845
11.17500,-0.249601,-0.578014,14.725879
11.18000,-0.265964,-0.592325,14.531586
11.18500,-0.282259,-0.607917,14.339935
11.19000,-0.298552,-0.624810,14.150894
11.19500,-0.314906,-0.643024,13.964433
11.20000,-0.331384,-0.662588,13.780525
11.20500,-0.348046,-0.683530,13.599139
11.21000,-0.364952,-0.705886,13.420251
11.21500,-0.382159,-0.729694,13.243834
11.22000,-0.399724,-0.754996,13.069863
11.22500,-0.417705,-0.781840,12.898314
11.23000,-0.436157,-0.810276,12.729166
11.23500,-0.455136,-0.840361,12.562397
11.24000,-0.474698,-0.872156,12.397987
11.24500,-0.494900,-0.905725,12.235918
11.25000,-0.515800,-0.941139,12.076173
11.25500,-0.537454,-0.978474,11.918737
11.26000,-0.559921,-1.017812,11.763595
11.26500,-0.583263,-1.059237,11.610736
11.27000,-0.607540,-1.102844,11.460150
11.27500,-0.632815,-1.148729,11.311830
11.28000,-0.659153,-1.196997,11.165769
11.28500,-0.686622,-1.247760,11.021966
11.29000,-0.715290,-1.301135,10.880418
11.29500,-0.745231,-1.357246,10.741129
11.30000,-0.776517,-1.416226,10.604105
11.30500,-0.809228,-1.478214,10.469354
11.31000,-0.843443,-1.543357,10.336889
11.31500,-0.879248,-1.611812,10.206727
11.32000,-0.916730,-1.683743,10.078890
11.32500,-0.955981,-1.759322,9.953402
11.33000,-0.997097,-1.838734,9.830296
11.33500,-1.040179,-1.922170,9.709608
11.34000,-1.085332,-2.009834,9.591382
11.34500,-1.132667,-2.101939,9.475669
11.35000,-1.182299,-2.198711,9.362526
11.35500,-1.234349,-2.300384,9.252021
11.36000,-1.288945,-2.407207,9.144228
11.36500,-1.346221,-2.519441,9.039233
11.37000,-1.406315,-2.637360,8.937133
11.37500,-1.469375,-2.761249,8.838037
11.38000,-1.535555,-2.891411,8.742068
11.38500,-1.605016,-3.028159,8.649363
11.39000,-1.677927,-3.171822,8.560075
11.39500,-1.754466,-3.322746,8.474375
11.40000,-1.834818,-3.481288,8.392455
11.40500,-1.919179,-3.647823,8.314526
11.41000,-2.007752,-3.822741,8.240825
11.41500,-2.100751,-4.006448,8.171614
11.42000,-2.198398,-4.199365,8.107183
11.42500,-2.300927,-4.401926,8.047854
11.43000,-2.408581,-4.614582,7.993984
11.43500,-2.521613,-4.837798,7.945965
11.44000,-2.640289,-5.072051,7.904234
11.44500,-2.764883,-5.317829,7.869270
11.45000,-2.895681,-5.575631,7.841604
11.45500,-3.032979,-5.845965,7.821817
11.46000,-3.177083,-6.129343,7.810553
11.46500,-3.328312,-6.426279,7.808517
11.47000,-3.486990,-6.737286,7.816483
11.47500,-3.653454,-7.062870,7.835302
11.48000,-3.828048,-7.403527,7.865905
11.48500,-4.011120,-7.759733,7.909310
11.49000,-4.203028,-8.131936,7.966629
11.49500,-4.404131,-8.520553,8.039076
11.50000,-4.614791,-8.925950,8.127969
11.50500,-4.835367,-9.348438,8.234741
11.51000,-5.066216,-9.788254,8.360945
11.51500,-5.307685,-10.245545,8.508257
11.52000,-5.560111,-10.720352,8.678483
11.52500,-5.823812,-11.212586,8.873563
11.53000,-6.099082,-11.722005,9.095568
11.53500,-6.386186,-12.248190,9.346707
11.54000,-6.685351,-12.790510,9.629315
11.54500,-6.996753,-13.348096,9.945855
11.55000,-7.320514,-13.919801,10.298901
11.55500,-7.656686,-14.504166,10.691124
11.56000,-8.005237,-15.099378,11.125268
11.56500,-8.366040,-15.703229,11.604125
11.57000,-8.738856,-16.313073,12.130493
11.57500,-9.123316,-16.925786,12.707128
11.58000,-9.518905,-17.537728,13.336693
11.58500,-9.924941,-18.144701,14.021678
11.59000,-10.340559,-18.741929,14.764330
11.59500,-10.764685,-19.324029,15.566550
11.60000,-11.196021,-19.885012,16.429791
11.60500,-11.633028,-20.418287,17.354941
11.61000,-12.073902,-20.916694,18.342193
11.61500,-12.516568,-21.372557,19.390914
11.62000,-12.958666,-21.777766,20.499506
11.62500,-13.397547,-22.123895,21.665274
11.63000,-13.830275,-22.402349,22.884304
11.63500,-14.253639,-22.604551,24.151355
11.64000,-14.664170,-22.722159,25.459784
11.64500,-15.058172,-22.747322,26.801506
11.65000,-15.431765,-22.672952,28.166999
11.65500,-15.780937,-22.493018,29.545373
11.66000,-16.101609,-22.202843,30.924496
11.66500,-16.389713,-21.799384,32.291191
11.67000,-16.641276,-21.281489,33.631501
11.67500,-16.852513,-20.650095,34.931020
11.68000,-17.019924,-19.908375,36.175270
11.68500,-17.140391,-19.061789,37.350129
11.69000,-17.211270,-18.118046,38.442261
11.69500,-17.230473,-17.086972,39.439553
11.70000,-17.196544,-15.980275,40.331513
11.70500,-17.108705,-14.811221,41.109614
11.71000,-16.966896,-13.594240,41.767556
11.71500,-16.771782,-12.344474,42.301442
11.72000,-16.524742,-11.077312,42.709838
11.72500,-16.227834,-9.807909,42.993733
11.73000,-15.883741,-8.550751,43.156399
11.73500,-15.495697,-7.319262,43.203163
11.74000,-15.067399,-6.125480,43.141105
11.74500,-14.602912,-4.979822,42.978712
11.75000,-14.106569,-3.890930,42.725517
11.75500,-13.582866,-2.865607,42.391717
11.76000,-13.036367,-1.908826,41.987827
11.76500,-12.471613,-1.023810,41.524356
11.77000,-11.893041,-0.212165,41.011535
11.77500,-11.304912,0.525947,40.459086
11.78000,-10.711255,1.191614,39.876057
11.78500,-10.115827,1.786969,39.270696
11.79000,-9.522071,2.314977,38.650382
11.79500,-8.933105,2.779246,38.021594
11.80000,-8.351704,3.183838,37.389914
11.80500,-7.780306,3.533113,36.760058
11.81000,-7.221007,3.831584,36.135931
11.81500,-6.675586,4.083807,35.520689
11.82000,-6.145508,4.294278,34.916818
11.82500,-5.631954,4.467366,34.326208
11.83000,-5.135838,4.607253,33.750233
11.83500,-4.657831,4.717895,33.189826
11.84000,-4.198382,4.802999,32.645552
11.84500,-3.757747,4.866005,32.117672
11.85000,-3.336007,4.910081,31.606198
11.85500,-2.933091,4.938129,31.110951
11.86000,-2.548798,4.952783,30.631602
11.86500,-2.182811,4.956429,30.167710
11.87000,-1.834723,4.951213,29.718757
11.87500,-1.504043,4.939057,29.284173
11.88000,-1.190219,4.921676,28.863358
11.88500,-0.892644,4.900594,28.455701
11.89000,-0.610674,4.877160,28.060593
11.89500,-0.343631,4.852564,27.677439
11.90000,-0.090819,4.827852,27.305666
11.90500,0.148474,4.803940,26.944727
11.91000,0.374967,4.781628,26.594107
11.91500,0.589380,4.761611,26.253326
11.92000,0.792428,4.744493,25.921940
11.92500,0.984821,4.730794,25.599541
11.93000,1.167256,4.720964,25.285757
11.93500,1.340417,4.715385,24.980254
11.94000,1.504973,4.714388,24.682729
11.94500,1.661572,4.718251,24.392914
11.95000,1.810847,4.727212,24.110575
11.95500,1.953409,4.741472,23.835504
11.96000,2.089847,4.761199,23.567527
11.96500,2.220730,4.786535,23.306493
11.97000,2.346606,4.817600,23.052280
11.97500,2.468001,4.854493,22.804787
11.98000,2.585420,4.897299,22.563940
11.98500,2.699347,4.946087,22.329683
11.99000,2.810245,5.000918,22.101986
11.99500,2.918559,5.061842,21.880834
12.00000,3.024712,5.128904,21.666235
12.00500,3.129110,5.202143,21.458214
12.01000,3.232142,5.281594,21.256814
12.01500,3.334176,5.367287,21.062098
12.02000,3.435568,5.459252,20.874142
12.02500,3.536655,5.557517,20.693045
12.03000,3.637759,5.662107,20.518919
12.03500,3.739190,5.773048,20.351894
12.04000,3.841241,5.890361,20.192119
12.04500,3.944193,6.014070,20.039759
12.05000,4.048316,6.144194,19.894996
12.05500,4.153865,6.280750,19.758032
12.06000,4.261084,6.423751,19.629085
12.06500,4.370207,6.573206,19.508393
12.07000,4.481456,6.729120,19.396212
12.07500,4.595042,6.891488,19.292818
12.08000,4.711166,7.060298,19.198506
12.08500,4.830017,7.235528,19.113589
12.09000,4.951775,7.417144,19.038402
12.09500,5.076608,7.605096,18.973300
12.10000,5.204674,7.799318,18.918656
12.10500,5.336119,7.999725,18.874866
12.11000,5.471077,8.206209,18.842343
12.11500,5.609671,8.418637,18.821519
12.12000,5.752008,8.636846,18.812847
12.12500,5.898184,8.860643,18.816794
12.13000,6.048278,9.089799,18.833847
12.13500,6.202354,9.324043,18.864503
12.14000,6.360459,9.563062,18.909276
12.14500,6.522621,9.806495,18.968686
12.15000,6.688846,10.053929,19.043262
12.15500,6.859120,10.304892,19.133535
12.16000,7.033406,10.558854,19.240035
12.16500,7.211639,10.815217,19.363287
12.17000,7.393728,11.073316,19.503803
12.17500,7.579552,11.332410,19.662078
12.18000,7.768958,11.591683,19.838578
12.18500,7.961756,11.850238,20.033740
12.19000,8.157725,12.107095,20.247955
12.19500,8.356599,12.361189,20.481561
12.20000,8.558075,12.611371,20.734835
12.20500,8.761805,12.856408,21.007976
12.21000,8.967397,13.094982,21.301097
12.21500,9.174409,13.325697,21.614212
12.22000,9.382354,13.547081,21.947218
12.22500,9.590694,13.757596,22.299889
12.23000,9.798840,13.955644,22.671856
12.23500,10.006153,14.139581,23.062597
12.24000,10.211945,14.307729,23.471423
12.24500,10.415478,14.458394,23.897470
12.25000,10.615968,14.589881,24.339685
12.25500,10.812586,14.700522,24.796820
12.26000,11.004465,14.788692,25.267427
12.26500,11.190702,14.852837,25.749854
12.27000,11.370364,14.891505,26.242250
12.27500,11.542495,14.903366,26.742564
12.28000,11.706126,14.887248,27.248559
12.28500,11.860282,14.842162,27.757824
12.29000,12.003992,14.767328,28.267793
12.29500,12.136301,14.662204,28.775766
12.30000,12.256278,14.526507,29.278939
12.30500,12.363034,14.360235,29.774436
12.31000,12.455728,14.163678,30.259341
12.31500,12.533581,13.937431,30.730742
12.32000,12.595892,13.682397,31.185768
12.32500,12.642041,13.399785,31.621630
12.33000,12.671509,13.091101,32.035668
12.33500,12.683881,12.758135,32.425385
12.34000,12.678854,12.402933,32.788491
12.34500,12.656249,12.027775,33.122934
12.35000,12.616009,11.635139,33.426932
12.35500,12.558207,11.227664,33.698994
12.36000,12.483043,10.808106,33.937946
12.36500,12.390843,10.379299,34.142933
12.37000,12.282059,9.944108,34.313430
12.37500,12.157257,9.505383,34.449236
12.38000,12.017115,9.065923,34.550467
12.38500,11.862413,8.628428,34.617539
12.39000,11.694021,8.195471,34.651149
12.39500,11.512887,7.769460,34.652245
12.40000,11.320026,7.352618,34.622004
12.40500,11.116510,6.946956,34.561795
12.41000,10.903447,6.554264,34.473149
12.41500,10.681974,6.176096,34.357723
12.42000,10.453244,5.813772,34.217269
12.42500,10.218411,5.468374,34.053603
12.43000,9.978620,5.140753,33.868573
12.43500,9.734995,4.831538,33.664034
12.44000,9.488633,4.541151,33.441822
12.44500,9.240593,4.269817,33.203736
12.45000,8.991885,4.017585,32.951515
12.45500,8.743474,3.784345,32.686828
12.46000,8.496265,3.569845,32.411263
12.46500,8.251104,3.373711,32.126314
12.47000,8.008777,3.195467,31.833380
12.47500,7.770003,3.034550,31.533758
12.48000,7.535439,2.890328,31.228646
12.48500,7.305679,2.762118,30.919142
12.49000,7.081249,2.649198,30.606244
12.49500,6.862619,2.550820,30.290858
12.50000,6.650196,2.466222,29.973798
12.50500,6.444329,2.394642,29.655795
12.51000,6.245317,2.335320,29.337500
12.51500,6.053403,2.287512,29.019491
12.52000,5.868786,2.250493,28.702279
12.52500,5.691618,2.223563,28.386314
12.53000,5.522011,2.206052,28.071990
12.53500,5.360041,2.197320,27.759653
12.54000,5.205748,2.196766,27.449604
12.54500,5.059141,2.203822,27.142103
12.55000,4.920206,2.217960,26.837379
12.55500,4.788900,2.238689,26.535629
12.56000,4.665161,2.265556,26.237024
12.56500,4.548910,2.298147,25.941713
12.57000,4.440050,2.336084,25.649826
12.57500,4.338475,2.379027,25.361477
12.58000,4.244065,2.426670,25.076765
12.58500,4.156692,2.478739,24.795781
12.59000,4.076224,2.534997,24.518603
12.59500,4.002523,2.595234,24.245307
12.60000,3.935448,2.659272,23.975959
12.60500,3.874858,2.726960,23.710623
12.61000,3.820611,2.798173,23.449361
12.61500,3.772568,2.872811,23.192234
12.62000,3.730590,2.950799,22.939301
12.62500,3.694545,3.032083,22.690622
12.63000,3.664302,3.116628,22.446260
12.63500,3.639737,3.204420,22.206280
12.64000,3.620732,3.295464,21.970748
12.64500,3.607174,3.389778,21.739737
12.65000,3.598958,3.487399,21.513323
12.65500,3.595986,3.588376,21.291587
12.66000,3.598168,3.692772,21.074615
12.66500,3.605421,3.800662,20.862501
12.67000,3.617669,3.912132,20.655346
12.67500,3.634846,4.027280,20.453258
12.68000,3.656894,4.146209,20.256352
12.68500,3.683762,4.269034,20.064754
12.69000,3.715408,4.395875,19.878599
12.69500,3.751799,4.526862,19.698033
12.70000,3.792907,4.662125,19.523211
12.70500,3.838716,4.801804,19.354302
12.71000,3.889214,4.946038,19.191486
12.71500,3.944399,5.094974,19.034958
12.72000,4.004274,5.248754,18.884925
12.72500,4.068851,5.407527,18.741612
12.73000,4.138149,5.571437,18.605256
12.73500,4.212189,5.740629,18.476114
12.74000,4.291003,5.915241,18.354460
12.74500,4.374626,6.095411,18.240586
12.75000,4.463096,6.281267,18.134803
12.75500,4.556458,6.472930,18.037444
12.76000,4.654759,6.670513,17.948862
12.76500,4.758050,6.874112,17.869433
12.77000,4.866383,7.083814,17.799554
12.77500,4.979811,7.299686,17.739648
12.78000,5.098389,7.521776,17.690160
12.78500,5.222168,7.750109,17.651561
12.79000,5.351199,7.984683,17.624345
12.79500,5.485531,8.225468,17.609032
12.80000,5.625206,8.472401,17.606167
12.80500,5.770262,8.725378,17.616318
12.81000,5.920726,8.984257,17.640077
12.81500,6.076619,9.248846,17.678057
12.82000,6.237949,9.518904,17.730893
12.82500,6.404710,9.794129,17.799238
12.83000,6.576881,10.074160,17.883757
12.83500,6.754422,10.358565,17.985131
12.84000,6.937272,10.646839,18.104044
12.84500,7.125346,10.938397,18.241185
12.85000,7.318535,11.232566,18.397238
12.85500,7.516697,11.528582,18.572873
12.86000,7.719660,11.825584,18.768743
12.86500,7.927214,12.122609,18.985469
12.87000,8.139110,12.418584,19.223635
12.87500,8.355056,12.712328,19.483768
12.88000,8.574716,13.002546,19.766332
12.88500,8.797702,13.287827,20.071709
12.89000,9.023573,13.566648,20.400187
12.89500,9.251834,13.837372,20.751938
12.90000,9.481932,14.098254,21.127003
12.90500,9.713251,14.347451,21.525275
12.91000,9.945116,14.583027,21.946478
12.91500,10.176785,14.802968,22.390147
12.92000,10.407456,15.005200,22.855614
12.92500,10.636260,15.187606,23.341987
12.93000,10.862271,15.348050,23.848137
12.93500,11.084500,15.484407,24.372680
12.94000,11.301905,15.594590,24.913975
12.94500,11.513397,15.676585,25.470111
12.95000,11.717840,15.728488,26.038908
12.95500,11.914067,15.748541,26.617921
12.96000,12.100887,15.735177,27.204447
12.96500,12.277094,15.687054,27.795546
12.97000,12.441482,15.603098,28.388060
12.97500,12.592862,15.482540,28.978645
12.98000,12.730069,15.324949,29.563805
12.98500,12.851986,15.130259,30.139939
12.99000,12.957556,14.898796,30.703388
12.99500,13.045798,14.631290,31.250485
13.00000,13.115826,14.328881,31.777620
13.00500,13.166864,13.993119,32.281290
13.01000,13.198256,13.625951,32.758164
13.01500,13.209484,13.229699,33.205135
13.02000,13.200179,12.807024,33.619378
13.02500,13.170124,12.360895,33.998394
13.03000,13.119265,11.894530,34.340054
13.03500,13.047715,11.411349,34.642627
13.04000,12.955748,10.914909,34.904807
13.04500,12.843804,10.408849,35.125723
13.05000,12.712477,9.896821,35.304941
13.05500,12.562510,9.382431,35.442457
13.06000,12.394784,8.869183,35.538680
13.06500,12.210304,8.360421,35.594400
13.07000,12.010184,7.859288,35.610765
13.07500,11.795631,7.368684,35.589228
13.08000,11.567928,6.891231,35.531516
13.08500,11.328416,6.429255,35.439575
13.09000,11.078477,5.984770,35.315525
13.09500,10.819516,5.559470,35.161615
13.10000,10.552943,5.154729,34.980176
13.10500,10.280159,4.771613,34.773579
13.11000,10.002542,4.410886,34.544198
13.11500,9.721433,4.073035,34.294373
13.12000,9.438124,3.758287,34.026386
13.12500,9.153850,3.466636,33.742430
13.13000,8.869781,3.197864,33.444596
13.13500,8.587012,2.951573,33.134853
13.14000,8.306564,2.727209,32.815043
13.14500,8.029376,2.524089,32.486868
13.15000,7.756307,2.341423,32.151893
13.15500,7.488132,2.178339,31.811544
13.16000,7.225546,2.033907,31.467109
13.16500,6.969160,1.907153,31.119746
13.17000,6.719511,1.797081,30.770486
13.17500,6.477058,1.702684,30.420240
13.18000,6.242191,1.622962,30.069813
13.18500,6.015232,1.556928,29.719905
13.19000,5.796437,1.503621,29.371123
13.19500,5.586007,1.462112,29.023993
13.20000,5.384087,1.431509,28.678961
13.20500,5.190773,1.410965,28.336411
13.21000,5.006116,1.399678,27.996662
13.21500,4.830127,1.396893,27.659984
13.22000,4.662779,1.401906,27.326602
13.22500,4.504015,1.414063,26.996698
13.23000,4.353751,1.432761,26.670424
13.23500,4.211876,1.457445,26.347902
13.24000,4.078262,1.487610,26.029228
13.24500,3.952760,1.522797,25.714480
13.25000,3.835210,1.562593,25.403719
13.25500,3.725439,1.606628,25.096990
13.26000,3.623267,1.654574,24.794330
13.26500,3.528506,1.706142,24.495765
13.27000,3.440966,1.761082,24.201317
13.27500,3.360453,1.819177,23.911000
13.28000,3.286774,1.880243,23.624826
13.28500,3.219737,1.944130,23.342807
13.29000,3.159151,2.010715,23.064950
13.29500,3.104832,2.079901,22.791266
13.30000,3.056599,2.151619,22.521764
13.30500,3.014277,2.225821,22.256456
13.31000,2.977699,2.302482,21.995356
13.31500,2.946703,2.381598,21.738481
13.32000,2.921139,2.463182,21.485849
13.32500,2.900861,2.547267,21.237486
13.33000,2.885736,2.633899,20.993419
13.33500,2.875637,2.723143,20.753681
13.34000,2.870449,2.815074,20.518309
13.34500,2.870066,2.909782,20.287347
13.35000,2.874390,3.007370,20.060843
13.35500,2.883337,3.107950,19.838854
13.36000,2.896828,3.211647,19.621442
13.36500,2.914798,3.318592,19.408676
13.37000,2.937190,3.428929,19.200634
13.37500,2.963958,3.542808,18.997403
13.38000,2.995065,3.660388,18.799078
13.38500,3.030483,3.781835,18.605762
13.39000,3.070196,3.907319,18.417572
13.39500,3.114194,4.037021,18.234633
13.40000,3.162480,4.171124,18.057084
13.40500,3.215063,4.309816,17.885074
13.41000,3.271963,4.453292,17.718769
13.41500,3.333207,4.601748,17.558346
13.42000,3.398831,4.755383,17.403999
13.42500,3.468878,4.914402,17.255940
13.43000,3.543401,5.079006,17.114395
13.43500,3.622460,5.249400,16.979611
13.44000,3.706119,5.425789,16.851855
13.44500,3.794452,5.608373,16.731414
13.45000,3.887538,5.797352,16.618598
13.45500,3.985462,5.992920,16.513741
13.46000,4.088315,6.195265,16.417201
13.46500,4.196190,6.404567,16.329363
13.47000,4.309186,6.620996,16.250641
13.47500,4.427405,6.844708,16.181476
13.48000,4.550951,7.075847,16.122341
13.48500,4.679930,7.314534,16.073739
13.49000,4.814447,7.560872,16.036207
13.49500,4.954607,7.814937,16.010317
13.50000,5.100514,8.076774,15.996673
13.50500,5.252266,8.346398,15.995915
13.51000,5.409957,8.623781,16.008721
13.51500,5.573676,8.908852,16.035802
13.52000,5.743499,9.201488,16.077905
13.52500,5.919495,9.501512,16.135811
13.53000,6.101716,9.808681,16.210335
13.53500,6.290201,10.122680,16.302320
13.54000,6.484967,10.443117,16.412638
13.54500,6.686010,10.769510,16.542184
13.55000,6.893302,11.101283,16.691870
13.55500,7.106784,11.437755,16.862622
13.56000,7.326363,11.778130,17.055366
13.56500,7.551911,12.121490,17.271026
13.57000,7.783257,12.466785,17.510507
13.57500,8.020183,12.812826,17.774687
13.58000,8.262422,13.158275,18.064396
13.58500,8.509651,13.501641,18.380407
13.59000,8.761483,13.841275,18.723410
13.59500,9.017468,14.175364,19.093994
13.60000,9.277086,14.501932,19.492628
13.60500,9.539741,14.818842,19.919626
13.61000,9.804758,15.123800,20.375132
13.61500,10.071379,15.414367,20.859084
13.62000,10.338761,15.687967,21.371190
13.62500,10.605975,15.941910,21.910897
13.63000,10.872001,16.173417,22.477363
13.63500,11.135733,16.379642,23.069434
13.64000,11.395980,16.557718,23.685615
13.64500,11.651469,16.704787,24.324052
13.65000,11.900850,16.818056,24.982520
13.65500,12.142707,16.894843,25.658409
13.66000,12.375564,16.932637,26.348726
13.66500,12.597901,16.929154,27.050101
13.67000,12.808169,16.882402,27.758808
13.67500,13.004803,16.790740,28.470789
13.68000,13.186246,16.652933,29.181696
13.68500,13.350968,16.468215,29.886944
13.69000,13.497488,16.236330,30.581766
13.69500,13.624397,15.957572,31.261292
13.70000,13.730387,15.632812,31.920625
13.70500,13.814266,15.263513,32.554927
13.71000,13.874989,14.851729,33.159506
13.71500,13.911676,14.400083,33.729913
13.72000,13.923630,13.911742,34.262022
13.72500,13.910356,13.390360,34.752115
13.73000,13.871573,12.840020,35.196952
13.73500,13.807219,12.265158,35.593837
13.74000,13.717460,11.670474,35.940658
13.74500,13.602688,11.060841,36.235919
13.75000,13.463515,10.441213,36.478755
13.75500,13.300767,9.816523,36.668930
13.76000,13.115463,9.191595,36.806811
13.76500,12.908809,8.571055,36.893339
13.77000,12.682167,7.959260,36.929979
13.77500,12.437040,7.360226,36.918661
13.78000,12.175041,6.777581,36.861711
13.78500,11.897873,6.214526,36.761787
13.79000,11.607302,5.673808,36.621798
13.79500,11.305128,5.157713,36.444836
13.80000,10.993165,4.668063,36.234102
13.80500,10.673215,4.206229,35.992846
13.81000,10.347050,3.773153,35.724304
13.81500,10.016389,3.369377,35.431650
13.82000,9.682887,2.995077,35.117950
13.82500,9.348118,2.650102,34.786130
13.83000,9.013564,2.334010,34.438943
13.83500,8.680606,2.046118,34.078958
13.84000,8.350522,1.785531,33.708541
13.84500,8.024477,1.551192,33.329850
13.85000,7.703526,1.341912,32.944835
13.85500,7.388612,1.156405,32.555244
13.86000,7.080565,0.993320,32.162622
13.86500,6.780111,0.851268,31.768329
13.87000,6.487871,0.728842,31.373549
13.87500,6.204366,0.624644,30.979302
13.88000,5.930027,0.537295,30.586456
13.88500,5.665193,0.465453,30.195748
13.89000,5.410127,0.407824,29.807791
13.89500,5.165013,0.363168,29.423090
13.90000,4.929971,0.330308,29.042055
13.90500,4.705056,0.308133,28.665016
13.91000,4.490270,0.295602,28.292227
13.91500,4.285566,0.291744,27.923885
13.92000,4.090851,0.295658,27.560133
13.92500,3.905998,0.306516,27.201070
13.93000,3.730844,0.323557,26.846760
13.93500,3.565202,0.346086,26.497235
13.94000,3.408859,0.373473,26.152505
13.94500,3.261584,0.405150,25.812560
13.95000,3.123131,0.440606,25.477373
13.95500,2.993244,0.479386,25.146910
13.96000,2.871656,0.521086,24.821122
13.96500,2.758096,0.565351,24.499959
13.97000,2.652290,0.611871,24.183363
13.97500,2.553962,0.660378,23.871278
13.98000,2.462840,0.710643,23.563642
13.98500,2.378653,0.762473,23.260396
13.99000,2.301135,0.815709,22.961482
13.99500,2.230025,0.870221,22.666842
14.00000,2.165071,0.925908,22.376421
14.00500,2.106028,0.982695,22.090167
14.01000,2.052661,1.040530,21.808030
14.01500,2.004742,1.099383,21.529963
14.02000,1.962054,1.159244,21.255923
14.02500,1.924394,1.220119,20.985870
14.03000,1.891564,1.282032,20.719768
14.03500,1.863381,1.345024,20.457583
14.04000,1.839672,1.409146,20.199286
14.04500,1.820276,1.474464,19.944851
14.05000,1.805043,1.541055,19.694256
14.05500,1.793833,1.609006,19.447482
14.06000,1.786520,1.678417,19.204515
14.06500,1.782986,1.749392,18.965344
14.07000,1.783127,1.822049,18.729963
14.07500,1.786849,1.896511,18.498368
14.08000,1.794067,1.972909,18.270562
14.08500,1.804710,2.051382,18.046551
14.09000,1.818715,2.132076,17.826347
14.09500,1.836031,2.215143,17.609965
14.10000,1.856614,2.300743,17.397426
14.10500,1.880435,2.389041,17.188759
14.11000,1.907469,2.480209,16.983996
14.11500,1.937706,2.574426,16.783176
14.12000,1.971142,2.671877,16.586346
14.12500,2.007783,2.772751,16.393559
14.13000,2.047645,2.877248,16.204877
14.13500,2.090753,2.985570,16.020370
14.14000,2.137140,3.097928,15.840116
14.14500,2.186847,3.214538,15.664205
14.15000,2.239927,3.335623,15.492736
14.15500,2.296438,3.461413,15.325820
14.16000,2.356449,3.592143,15.163580
14.16500,2.420035,3.728057,15.006153
14.17000,2.487280,3.869402,14.853689
14.17500,2.558279,4.016434,14.706355
14.18000,2.633131,4.169414,14.564335
14.18500,2.711945,4.328609,14.427829
14.19000,2.794837,4.494290,14.297059
14.19500,2.881933,4.666734,14.172267
14.20000,2.973363,4.846223,14.053717
14.20500,3.069266,5.033041,13.941698
14.21000,3.169790,5.227475,13.836525
14.21500,3.275087,5.429815,13.738543
14.22000,3.385317,5.640348,13.648125
14.22500,3.500646,5.859363,13.565678
14.23000,3.621247,6.087143,13.491642
14.23500,3.747296,6.323967,13.426497
14.24000,3.878975,6.570104,13.370760
14.24500,4.016471,6.825814,13.324990
14.25000,4.159973,7.091342,13.289793
14.25500,4.309672,7.366914,13.265819
14.26000,4.465762,7.652731,13.253769
14.26500,4.628433,7.948971,13.254397
14.27000,4.797879,8.255773,13.268510
14.27500,4.974285,8.573238,13.296970
14.28000,5.157834,8.901420,13.340698
14.28500,5.348700,9.240315,13.400675
14.29000,5.547048,9.589857,13.477940
14.29500,5.753029,9.949901,13.573594
14.30000,5.966777,10.320221,13.688794
14.30500,6.188408,10.700491,13.824758
14.31000,6.418011,11.090273,13.982756
14.31500,6.655649,11.489007,14.164108
14.32000,6.901350,11.895993,14.370175
14.32500,7.155103,12.310377,14.602358
14.33000,7.416850,12.731133,14.862076
14.33500,7.686485,13.157049,15.150762
14.34000,7.963841,13.586710,15.469843
14.34500,8.248683,14.018480,15.820717
14.35000,8.540705,14.450492,16.204736
14.35500,8.839517,14.880626,16.623174
14.36000,9.144640,15.306505,17.077194
14.36500,9.455493,15.725485,17.567819
14.37000,9.771391,16.134646,18.095885
14.37500,10.091531,16.530800,18.662002
14.38000,10.414988,16.910490,19.266503
14.38500,10.740708,17.270012,19.909397
14.39000,11.067499,17.605432,20.590316
14.39500,11.394035,17.912620,21.308460
14.40000,11.718845,18.187295,22.062548
14.40500,12.040320,18.425078,22.850769
14.41000,12.356717,18.621560,23.670738
14.41500,12.666159,18.772380,24.519460
14.42000,12.966656,18.873312,25.393308
14.42500,13.256111,18.920368,26.288011
14.43000,13.532343,18.909905,27.198658
14.43500,13.793112,18.838734,28.119727
14.44000,14.036145,18.704237,29.045127
14.44500,14.259166,18.504474,29.968273
14.45000,14.459938,18.238287,30.882168
14.45500,14.636295,17.905388,31.779528
14.46000,14.786187,17.506430,32.652905
14.46500,14.907718,17.043050,33.494845
14.47000,14.999191,16.517892,34.298046
14.47500,15.059144,15.934590,35.055522
14.48000,15.086387,15.297724,35.760774
14.48500,15.080035,14.612744,36.407943
14.49000,15.039529,13.885860,36.991953
14.49500,14.964656,13.123906,37.508627
14.50000,14.855561,12.334183,37.954780
14.50500,14.712745,11.524290,38.328278
14.51000,14.537057,10.701941,38.628056
14.51500,14.329682,9.874788,38.854116
14.52000,14.092115,9.050252,39.007474
14.52500,13.826131,8.235366,39.090090
14.53000,13.533748,7.436640,39.104768
14.53500,13.217191,6.659954,39.055037
14.54000,12.878842,5.910472,38.945018
14.54500,12.521203,5.192592,38.779291
14.55000,12.146847,4.509918,38.562750
14.55500,11.758379,3.865258,38.300475
14.56000,11.358395,3.260650,37.997608
14.56500,10.949444,2.697403,37.659243
14.57000,10.534000,2.176148,37.290331
14.57500,10.114429,1.696913,36.895604
14.58000,9.692972,1.259189,36.479514
14.58500,9.271723,0.862015,36.046189
14.59000,8.852619,0.504046,35.599404
14.59500,8.437427,0.183635,35.142566
14.60000,8.027742,-0.101099,34.678713
14.60500,7.624987,-0.352210,34.210515
14.61000,7.230411,-0.571863,33.740294
14.61500,6.845093,-0.762287,33.270036
14.62000,6.469953,-0.925728,32.801425
14.62500,6.105755,-1.064417,32.335860
14.63000,5.753119,-1.180539,31.874487
14.63500,5.412529,-1.276207,31.418228
14.64000,5.084345,-1.353449,30.967803
14.64500,4.768814,-1.414190,30.523763
14.65000,4.466076,-1.460247,30.086507
14.65500,4.176184,-1.493320,29.656313
14.66000,3.899102,-1.514992,29.233350
14.66500,3.634728,-1.526728,28.817701
14.67000,3.382891,-1.529876,28.409379
14.67500,3.143368,-1.525671,28.008341
14.68000,2.915890,-1.515239,27.614497
14.68500,2.700146,-1.499602,27.227726
14.69000,2.495796,-1.479683,26.847880
14.69500,2.302472,-1.456313,26.474795
14.70000,2.119786,-1.430237,26.108294
14.70500,1.947333,-1.402119,25.748195
14.71000,1.784701,-1.372550,25.394310
14.71500,1.631467,-1.342053,25.046456
14.72000,1.487207,-1.311087,24.704449
14.72500,1.351496,-1.280056,24.368114
14.73000,1.223912,-1.249311,24.037277
14.73500,1.104036,-1.219157,23.711776
14.74000,0.991457,-1.189857,23.391452
14.74500,0.885771,-1.161636,23.076158
14.75000,0.786586,-1.134685,22.765753
14.75500,0.693518,-1.109166,22.460103
14.76000,0.606196,-1.085214,22.159084
14.76500,0.524260,-1.062941,21.862578
14.77000,0.447363,-1.042436,21.570474
14.77500,0.375171,-1.023775,21.282668
14.78000,0.307363,-1.007014,20.999064
14.78500,0.243633,-0.992199,20.719568
14.79000,0.183684,-0.979364,20.444097
14.79500,0.127236,-0.968534,20.172567
14.80000,0.074020,-0.959724,19.904905
14.80500,0.023778,-0.952947,19.641036
14.81000,-0.023732,-0.948208,19.380895
14.81500,-0.068745,-0.945511,19.124417
14.82000,-0.111481,-0.944855,18.871541
14.82500,-0.152151,-0.946238,18.622210
14.83000,-0.190955,-0.949660,18.376371
14.83500,-0.228083,-0.955118,18.133971
14.84000,-0.263717,-0.962612,17.894961
14.84500,-0.298029,-0.972141,17.659295
14.85000,-0.331182,-0.983710,17.426929
14.85500,-0.363332,-0.997322,17.197821
14.86000,-0.394629,-1.012988,16.971931
14.86500,-0.425214,-1.030717,16.749222
14.87000,-0.455223,-1.050526,16.529657
14.87500,-0.484787,-1.072435,16.313202
14.88000,-0.514029,-1.096467,16.099827
14.88500,-0.543070,-1.122651,15.889500
14.89000,-0.572025,-1.151021,15.682194
14.89500,-0.601006,-1.181615,15.477884
14.90000,-0.630121,-1.214479,15.276545
14.90500,-0.659476,-1.249661,15.078155
14.91000,-0.689174,-1.287218,14.882696
14.91500,-0.719314,-1.327212,14.690149
14.92000,-0.749996,-1.369710,14.500501
14.92500,-0.781318,-1.414786,14.313738
14.93000,-0.813375,-1.462523,14.129852
14.93500,-0.846264,-1.513008,13.948836
14.94000,-0.880081,-1.566336,13.770687
14.94500,-0.914922,-1.622610,13.595404
14.95000,-0.950882,-1.681939,13.422990
14.95500,-0.988060,-1.744441,13.253454
14.96000,-1.026554,-1.810242,13.086805
14.96500,-1.066463,-1.879477,12.923061
14.97000,-1.107889,-1.952286,12.762242
14.97500,-1.150937,-2.028823,12.604374
14.98000,-1.195714,-2.109247,12.449487
14.98500,-1.242328,-2.193729,12.297621
14.99000,-1.290892,-2.282446,12.148820
14.99500,-1.341523,-2.375590,12.003135
15.00000,-1.394339,-2.473360,11.860627
15.00500,-1.449467,-2.575966,11.721363
15.01000,-1.507033,-2.683630,11.585423
15.01500,-1.567172,-2.796583,11.452893
15.02000,-1.630021,-2.915069,11.323875
15.02500,-1.695725,-3.039343,11.198479
15.03000,-1.764434,-3.169674,11.076832
15.03500,-1.836302,-3.306340,10.959073
15.04000,-1.911493,-3.449633,10.845359
15.04500,-1.990174,-3.599857,10.735864
15.05000,-2.072521,-3.757328,10.630780
15.05500,-2.158716,-3.922376,10.530323
15.06000,-2.248951,-4.095341,10.434728
15.06500,-2.343423,-4.276576,10.344257
15.07000,-2.442336,-4.466447,10.259200
15.07500,-2.545906,-4.665329,10.179876
15.08000,-2.654354,-4.873608,10.106635
15.08500,-2.767910,-5.091679,10.039863
15.09000,-2.886812,-5.319947,9.979986
15.09500,-3.011307,-5.558821,9.927470
15.10000,-3.141649,-5.808717,9.882825
15.10500,-3.278102,-6.070052,9.846613
15.11000,-3.420936,-6.343242,9.819445
15.11500,-3.570426,-6.628701,9.801992
15.12000,-3.726859,-6.926835,9.794986
15.12500,-3.890521,-7.238036,9.799223
15.13000,-4.061709,-7.562681,9.815572
15.13500,-4.240718,-7.901120,9.844976
15.14000,-4.427849,-8.253674,9.888459
15.14500,-4.623400,-8.620621,9.947128
15.15000,-4.827669,-9.002191,10.022182
15.15500,-5.040949,-9.398553,10.114913
15.16000,-5.263523,-9.809801,10.226707
15.16500,-5.495665,-10.235942,10.359055
15.17000,-5.737634,-10.676877,10.513546
15.17500,-5.989665,-11.132386,10.691875
15.18000,-6.251971,-11.602105,10.895838
15.18500,-6.524732,-12.085507,11.127328
15.19000,-6.808088,-12.581874,11.388333
15.19500,-7.102133,-13.090276,11.680928
15.20000,-7.406905,-13.609539,12.007257
15.20500,-7.722376,-14.138218,12.369521
15.21000,-8.048441,-14.674565,12.769958
15.21500,-8.384908,-15.216501,13.210808
15.22000,-8.731484,-15.761582,13.694289
15.22500,-9.087761,-16.306973,14.222547
15.23000,-9.453204,-16.849417,14.797611
15.23500,-9.827131,-17.385219,15.421336
15.24000,-10.208705,-17.910224,16.095334
15.24500,-10.596915,-18.419811,16.820900
15.25000,-10.990563,-18.908895,17.598932
15.25500,-11.388248,-19.371941,18.429834
15.26000,-11.788359,-19.803001,19.313426
15.26500,-12.189063,-20.195755,20.248845
15.27000,-12.588303,-20.543591,21.234440
15.27500,-12.983792,-20.839694,22.267684
15.28000,-13.373020,-21.077167,23.345085
15.28500,-13.753265,-21.249173,24.462115
15.29000,-14.121608,-21.349104,25.613162
15.29500,-14.474959,-21.370767,26.791510
15.30000,-14.810094,-21.308592,27.989350
15.30500,-15.123691,-21.157840,29.197835
15.31000,-15.412385,-20.914823,30.407181
15.31500,-15.672826,-20.577105,31.606809
15.32000,-15.901742,-20.143687,32.785542
15.32500,-16.096011,-19.615157,33.931844
15.33000,-16.252734,-18.993794,35.034090
15.33500,-16.369305,-18.283618,36.080877
15.34000,-16.443486,-17.490372,37.061331
15.34500,-16.473468,-16.621439,37.965432
15.35000,-16.457928,-15.685693,38.784307
15.35500,-16.396071,-14.693279,39.510494
15.36000,-16.287665,-13.655346,40.138156
15.36500,-16.133049,-12.583733,40.663232
15.37000,-15.933131,-11.490633,41.083521
15.37500,-15.689375,-10.388248,41.398683
15.38000,-15.403760,-9.288455,41.610183
15.38500,-15.078734,-8.202500,41.721155
15.39000,-14.717151,-7.140732,41.736217
15.39500,-14.322206,-6.112391,41.661244
15.40000,-13.897359,-5.125454,41.503112
15.40500,-13.446255,-4.186535,41.269429
15.41000,-12.972651,-3.300855,40.968270
15.41500,-12.480340,-2.472253,40.607925
15.42000,-11.973086,-1.703250,40.196674
15.42500,-11.454560,-0.995144,39.742583
15.43000,-10.928292,-0.348135,39.253351
15.43500,-10.397624,0.238534,38.736180
15.44000,-9.865678,0.766429,38.197686
15.44500,-9.335329,1.237778,37.643842
15.45000,-8.809194,1.655323,37.079955
15.45500,-8.289613,2.022188,36.510657
15.46000,-7.778658,2.341763,35.939926
15.46500,-7.278126,2.617588,35.371121
15.47000,-6.789556,2.853272,34.807020
15.47500,-6.314232,3.052413,34.249878
15.48000,-5.853203,3.218539,33.701474
15.48500,-5.407299,3.355060,33.163175
15.49000,-4.977144,3.465234,32.635985
15.49500,-4.563179,3.552142,32.120598
15.50000,-4.165677,3.618672,31.617452
15.50500,-3.784762,3.667508,31.126766
15.51000,-3.420427,3.701130,30.648588
15.51500,-3.072547,3.721815,30.182825
15.52000,-2.740901,3.731641,29.729276
15.52500,-2.425177,3.732495,29.287658
15.53000,-2.124995,3.726083,28.857630
15.53500,-1.839913,3.713943,28.438810
15.54000,-1.569439,3.697452,28.030790
15.54500,-1.313041,3.677839,27.633152
15.55000,-1.070159,3.656200,27.245475
15.55500,-0.840207,3.633507,26.867342
15.56000,-0.622586,3.610617,26.498351
15.56500,-0.416683,3.588288,26.138115
15.57000,-0.221883,3.567183,25.786264
15.57500,-0.037571,3.547885,25.442454
15.58000,0.136866,3.530901,25.106362
15.58500,0.302033,3.516673,24.777688
15.59000,0.458527,3.505586,24.456157
15.59500,0.606931,3.497970,24.141518
15.60000,0.747818,3.494113,23.833542
15.60500,0.881744,3.494263,23.532022
15.61000,1.009248,3.498633,23.236773
15.61500,1.130854,3.507406,22.947633
15.62000,1.247069,3.520743,22.664455
15.62500,1.358381,3.538779,22.387114
15.63000,1.465263,3.561637,22.115502
15.63500,1.568167,3.589419,21.849527
15.64000,1.667531,3.622222,21.589114
15.64500,1.763773,3.660128,21.334202
15.65000,1.857298,3.703215,21.084745
15.65500,1.948491,3.751556,20.840713
15.66000,2.037725,3.805220,20.602088
15.66500,2.125357,3.864275,20.368865
15.67000,2.211729,3.928789,20.141053
15.67500,2.297171,3.998829,19.918674
15.68000,2.381998,4.074466,19.701762
15.68500,2.466517,4.155773,19.490365
15.69000,2.551020,4.242826,19.284544
15.69500,2.635790,4.335705,19.084373
15.70000,2.721101,4.434495,18.889939
15.70500,2.807216,4.539285,18.701345
15.71000,2.894392,4.650168,18.518705
15.71500,2.982875,4.767242,18.342153
15.72000,3.072908,4.890612,18.171834
15.72500,3.164723,5.020383,18.007912
15.73000,3.258549,5.156668,17.850567
15.73500,3.354608,5.299579,17.699999
15.74000,3.453117,5.449236,17.556423
15.74500,3.554290,5.605756,17.420078
15.75000,3.658332,5.769259,17.291222
15.75500,3.765449,5.939866,17.170135
15.76000,3.875840,6.117693,17.057120
15.76500,3.989699,6.302855,16.952504
15.77000,4.107218,6.495461,16.856640
15.77500,4.228585,6.695615,16.769907
15.78000,4.353982,6.903408,16.692712
15.78500,4.483586,7.118923,16.625491
15.79000,4.617572,7.342224,16.568709
15.79500,4.756106,7.573362,16.522862
15.80000,4.899350,7.812361,16.488478
15.80500,5.047457,8.059224,16.466116
15.81000,5.200574,8.313922,16.456370
15.81500,5.358836,8.576392,16.459865
15.82000,5.522369,8.846533,16.477260
15.82500,5.691288,9.124198,16.509246
15.83000,5.865691,9.409188,16.556544
15.83500,6.045663,9.701249,16.619907
15.84000,6.231268,10.000060,16.700116
15.84500,6.422553,10.305231,16.797974
15.85000,6.619539,10.616293,16.914307
15.85500,6.822223,10.932689,17.049958
15.86000,7.030570,11.253769,17.205779
15.86500,7.244515,11.578778,17.382626
15.87000,7.463956,11.906851,17.581350
15.87500,7.688750,12.237004,17.802787
15.88000,7.918711,12.568127,18.047746
15.88500,8.153605,12.898975,18.316996
15.89000,8.393143,13.228166,18.611252
15.89500,8.636982,13.554171,18.931155
15.90000,8.884716,13.875316,19.277259
15.90500,9.135874,14.189776,19.650004
15.91000,9.389914,14.495582,20.049697
15.91500,9.646223,14.790619,20.476490
15.92000,9.904110,15.072639,20.930350
15.92500,10.162806,15.339268,21.411041
15.93000,10.421460,15.588026,21.918091
15.93500,10.679138,15.816343,22.450770
15.94000,10.934829,16.021588,23.008066
15.94500,11.187437,16.201097,23.588663
15.95000,11.435792,16.352211,24.190920
15.95500,11.678653,16.472314,24.812859
15.96000,11.914712,16.558881,25.452154
15.96500,12.142607,16.609526,26.106127
15.97000,12.360928,16.622057,26.771755
15.97500,12.568235,16.594526,27.445681
15.98000,12.763070,16.525287,28.124237
15.98500,12.943972,16.413051,28.803477
15.99000,13.109502,16.256933,29.479216
15.99500,13.258256,16.056499,30.147086
16.00000,13.388890,15.811805,30.802593
16.00500,13.500142,15.523424,31.441190
16.01000,13.590851,15.192465,32.058347
16.01500,13.659981,14.820575,32.649633
16.02000,13.706639,14.409934,33.210798
16.02500,13.730095,13.963228,33.737849
16.03000,13.729799,13.483616,34.227130
16.03500,13.705390,12.974677,34.675389
16.04000,13.656709,12.440346,35.079837
16.04500,13.583805,11.884848,35.438199
16.05000,13.486934,11.312610,35.748751
16.05500,13.366561,10.728182,36.010334
16.06000,13.223350,10.136148,36.222365
16.06500,13.058156,9.541043,36.384829
16.07000,12.872011,8.947272,36.498250
16.07500,12.666104,8.359034,36.563660
16.08000,12.441769,7.780259,36.582551
16.08500,12.200455,7.214554,36.556821
16.09000,11.943708,6.665159,36.488709
16.09500,11.673150,6.134916,36.380736
16.10000,11.390447,5.626253,36.235634
16.10500,11.097298,5.141176,36.056287
16.11000,10.795401,4.681271,35.845663
16.11500,10.486442,4.247720,35.606764
16.12000,10.172072,3.841319,35.342570
16.12500,9.853890,3.462505,35.055995
16.13000,9.533433,3.111390,34.749852
16.13500,9.212158,2.787793,34.426823
16.14000,8.891439,2.491279,34.089434
16.14500,8.572552,2.221191,33.740037
16.15000,8.256679,1.976693,33.380805
16.15500,7.944896,1.756799,33.013721
16.16000,7.638177,1.560407,32.640582
16.16500,7.337392,1.386332,32.262999
16.17000,7.043310,1.233329,31.882405
16.17500,6.756601,1.100119,31.500063
16.18000,6.477838,0.985412,31.117077
16.18500,6.207504,0.887920,30.734403
16.19000,5.945998,0.806377,30.352863
16.19500,5.693635,0.739550,29.973154
16.20000,5.450658,0.686248,29.595864
16.20500,5.217241,0.645331,29.221484
16.21000,4.993494,0.615716,28.850414
16.21500,4.779472,0.596378,28.482982
16.22000,4.575178,0.586359,28.119449
16.22500,4.380569,0.584762,27.760017
16.23000,4.195564,0.590758,27.404842
16.23500,4.020044,0.603580,27.054038
16.24000,3.853864,0.622526,26.707687
16.24500,3.696849,0.646955,26.365838
16.25000,3.548806,0.676285,26.028521
16.25500,3.409524,0.709990,25.695744
16.26000,3.278776,0.747601,25.367504
16.26500,3.156326,0.788696,25.043782
16.27000,3.041931,0.832906,24.724554
16.27500,2.935340,0.879903,24.409786
16.28000,2.836303,0.929404,24.099441
16.28500,2.744566,0.981165,23.793481
16.29000,2.659879,1.034980,23.491863
16.29500,2.581994,1.090674,23.194547
16.30000,2.510667,1.148107,22.901490
16.30500,2.445660,1.207167,22.612652
16.31000,2.386742,1.267768,22.327997
16.31500,2.333689,1.329849,22.047486
16.32000,2.286288,1.393373,21.771087
16.32500,2.244331,1.458324,21.498771
16.33000,2.207623,1.524703,21.230508
16.33500,2.175979,1.592531,20.966276
16.34000,2.149222,1.661845,20.706054
16.34500,2.127188,1.732696,20.449826
16.35000,2.109723,1.805148,20.197580
16.35500,2.096685,1.879282,19.949306
16.36000,2.087941,1.955185,19.705000
16.36500,2.083371,2.032960,19.464663
16.37000,2.082865,2.112717,19.228299
16.37500,2.086325,2.194577,18.995917
16.38000,2.093663,2.278670,18.767533
16.38500,2.104802,2.365135,18.543165
16.39000,2.119676,2.454117,18.322839
16.39500,2.138229,2.545771,18.106587
16.40000,2.160417,2.640258,17.894445
16.40500,2.186203,2.737747,17.686458
16.41000,2.215564,2.838415,17.482677
16.41500,2.248485,2.942443,17.283161
16.42000,2.284960,3.050021,17.087977
16.42500,2.324994,3.161345,16.897200
16.43000,2.368602,3.276616,16.710916
16.43500,2.415805,3.396043,16.529219
16.44000,2.466638,3.519840,16.352216
16.44500,2.521141,3.648227,16.180023
16.45000,2.579365,3.781432,16.012771
16.45500,2.641369,3.919685,15.850603
16.46000,2.707220,4.063225,15.693677
16.46500,2.776996,4.212294,15.542166
16.47000,2.850780,4.367139,15.396260
16.47500,2.928664,4.528012,15.256169
16.48000,3.010749,4.695169,15.122119
16.48500,3.097143,4.868868,14.994359
16.49000,3.187961,5.049371,14.873159
16.49500,3.283326,5.236941,14.758815
16.50000,3.383367,5.431841,14.651648
16.50500,3.488220,5.634333,14.552005
16.51000,3.598027,5.844679,14.460263
16.51500,3.712935,6.063134,14.376832
16.52000,3.833098,6.289949,14.302155
16.52500,3.958673,6.525366,14.236707
16.53000,4.089822,6.769614,14.181005
16.53500,4.226708,7.022911,14.135604
16.54000,4.369498,7.285455,14.101100
16.54500,4.518359,7.557424,14.078133
16.55000,4.673460,7.838967,14.067391
16.55500,4.834965,8.130203,14.069607
16.56000,5.003037,8.431215,14.085563
16.56500,5.177834,8.742040,14.116095
16.57000,5.359507,9.062666,14.162086
16.57500,5.548195,9.393023,14.224474
16.58000,5.744030,9.732971,14.304248
16.58500,5.947125,10.082296,14.402448
16.59000,6.157576,10.440695,14.520161
16.59500,6.375458,10.807769,14.658523
16.60000,6.600819,11.183008,14.818710
16.60500,6.833677,11.565780,15.001937
16.61000,7.074017,11.955316,15.209445
16.61500,7.321781,12.350701,15.442496
16.62000,7.576866,12.750854,15.702359
16.62500,7.839119,13.154518,15.990300
16.63000,8.108325,13.560248,16.307558
16.63500,8.384207,13.966392,16.655331
16.64000,8.666414,14.371086,17.034750
16.64500,8.954517,14.772240,17.446856
16.65000,9.247999,15.167534,17.892566
16.65500,9.546251,15.554408,18.372639
16.66000,9.848560,15.930071,18.887645
16.66500,10.154110,16.291498,19.437920
16.67000,10.461969,16.635443,20.023528
16.67500,10.771088,16.958459,20.644212
16.68000,11.080296,17.256922,21.299355
16.68500,11.388299,17.527065,21.987934
16.69000,11.693680,17.765023,22.708475
16.69500,11.994901,17.966883,23.459022
16.70000,12.290308,18.128752,24.237096
16.70500,12.578141,18.246823,25.039680
16.71000,12.856543,18.317462,25.863197
16.71500,13.123575,18.337294,26.703517
16.72000,13.377240,18.303294,27.555966
16.72500,13.615497,18.212886,28.415357
16.73000,13.836295,18.064034,29.276044
16.73500,14.037598,17.855335,30.131983
16.74000,14.217417,17.586097,30.976825
16.74500,14.373847,17.256412,31.804015
16.75000,14.505100,16.867200,32.606913
16.75500,14.609541,16.420242,33.378924
16.76000,14.685723,15.918188,34.113638
16.76500,14.732418,15.364531,34.804967
16.77000,14.748653,14.763564,35.447287
16.77500,14.733724,14.120305,36.035564
16.78000,14.687226,13.440398,36.565469
16.78500,14.609060,12.729994,37.033470
16.79000,14.499444,11.995616,37.436904
16.79500,14.358906,11.244012,37.774020
16.80000,14.188283,10.482005,38.043993
16.80500,13.988701,9.716345,38.246908
16.81000,13.761555,8.953561,38.383724
16.81500,13.508485,8.199840,38.456206
16.82000,13.231339,7.460912,38.466839
16.82500,12.932143,6.741957,38.418730
16.83000,12.613062,6.047542,38.315498
16.83500,12.276360,5.381570,38.161155
16.84000,11.924366,4.747266,37.959994
16.84500,11.559436,4.147165,37.716474
16.85000,11.183917,3.583140,37.435119
16.85500,10.800119,3.056429,37.120425
16.86000,10.410282,2.567684,36.776776
16.86500,10.016559,2.117022,36.408382
16.87000,9.620989,1.704094,36.019223
16.87500,9.225485,1.328139,35.613009
16.88000,8.831821,0.988058,35.193157
16.88500,8.441626,0.682472,34.762771
16.89000,8.056372,0.409782,34.324638
16.89500,7.677381,0.168229,33.881234
16.90000,7.305821,-0.044064,33.434728
16.90500,6.942707,-0.229037,32.987003
16.91000,6.588913,-0.388666,32.539667
16.91500,6.245171,-0.524919,32.094084
16.92000,5.912084,-0.639739,31.651386
16.92500,5.590129,-0.735014,31.212503
16.93000,5.279673,-0.812566,30.778186
16.93500,4.980976,-0.874132,30.349023
16.94000,4.694202,-0.921362,29.925468
16.94500,4.419432,-0.955804,29.507853
16.95000,4.156667,-0.978908,29.096413
16.95500,3.905842,-0.992021,28.691296
16.96000,3.666830,-0.996387,28.292581
16.96500,3.439453,-0.993151,27.900291
16.97000,3.223488,-0.983359,27.514400
16.97500,3.018676,-0.967967,27.134850
16.98000,2.824722,-0.947837,26.761551
16.98500,2.641310,-0.923752,26.394395
16.99000,2.468100,-0.896412,26.033258
16.99500,2.304738,-0.866444,25.678004
17.00000,2.150858,-0.834407,25.328494
17.00500,2.006086,-0.800794,24.984583
17.01000,1.870044,-0.766043,24.646126
17.01500,1.742351,-0.730534,24.312980
17.02000,1.622629,-0.694600,23.985005
17.02500,1.510504,-0.658528,23.662064
17.03000,1.405604,-0.622566,23.344027
17.03500,1.307567,-0.586922,23.030765
17.04000,1.216038,-0.551774,22.722159
17.04500,1.130672,-0.517268,22.418094
17.05000,1.051135,-0.483524,22.118459
17.05500,0.977101,-0.450638,21.823152
17.06000,0.908259,-0.418685,21.532073
17.06500,0.844308,-0.387722,21.245130
17.07000,0.784962,-0.357787,20.962234
17.07500,0.729944,-0.328906,20.683302
17.08000,0.678991,-0.301093,20.408253
17.08500,0.631854,-0.274347,20.137013
17.09000,0.588294,-0.248662,19.869509
17.09500,0.548085,-0.224023,19.605674
17.10000,0.511014,-0.200406,19.345442
17.10500,0.476878,-0.177783,19.088751
17.11000,0.445486,-0.156120,18.835541
17.11500,0.416659,-0.135382,18.585756
17.12000,0.390227,-0.115527,18.339339
17.12500,0.366032,-0.096514,18.096239
17.13000,0.343925,-0.078296,17.856403
17.13500,0.323765,-0.060829,17.619782
17.14000,0.305423,-0.044065,17.386329
17.14500,0.288777,-0.027956,17.155997
17.15000,0.273713,-0.012454,16.928740
17.15500,0.260127,0.002488,16.704515
17.16000,0.247918,0.016920,16.483279
17.16500,0.236997,0.030887,16.264989
17.17000,0.227280,0.044438,16.049606
17.17500,0.218688,0.057619,15.837088
17.18000,0.211150,0.070476,15.627396
17.18500,0.204600,0.083054,15.420493
17.19000,0.198976,0.095398,15.216341
17.19500,0.194224,0.107551,15.014902
17.20000,0.190293,0.119557,14.816140
17.20500,0.187136,0.131457,14.620020
17.21000,0.184712,0.143295,14.426508
17.21500,0.182982,0.155110,14.235567
17.22000,0.181914,0.166944,14.047165
17.22500,0.181476,0.178836,13.861269
17.23000,0.181641,0.190827,13.677845
17.23500,0.182387,0.202956,13.496862
17.24000,0.183692,0.215262,13.318288
17.24500,0.185539,0.227785,13.142093
17.25000,0.187912,0.240565,12.968245
17.25500,0.190800,0.253639,12.796715
17.26000,0.194193,0.267049,12.627474
17.26500,0.198084,0.280835,12.460492
17.27000,0.202467,0.295036,12.295741
17.27500,0.207340,0.309694,12.133193
17.28000,0.212703,0.324851,11.972822
17.28500,0.218556,0.340550,11.814600
17.29000,0.224904,0.356835,11.658502
17.29500,0.231751,0.373750,11.504501
17.30000,0.239106,0.391341,11.352573
17.30500,0.246978,0.409657,11.202693
17.31000,0.255378,0.428747,11.054838
17.31500,0.264320,0.448661,10.908985
17.32000,0.273818,0.469453,10.765111
17.32500,0.283889,0.491178,10.623194
17.33000,0.294553,0.513892,10.483213
17.33500,0.305830,0.537655,10.345148
17.34000,0.317744,0.562530,10.208980
17.34500,0.330318,0.588582,10.074690
17.35000,0.343579,0.615878,9.942260
17.35500,0.357558,0.644490,9.811674
17.36000,0.372283,0.674493,9.682915
17.36500,0.387790,0.705964,9.555969
17.37000,0.404113,0.738985,9.430823
17.37500,0.421290,0.773644,9.307463
17.38000,0.439362,0.810029,9.185879
17.38500,0.458372,0.848238,9.066062
17.39000,0.478364,0.888369,8.948003
17.39500,0.499389,0.930528,8.831697
17.40000,0.521496,0.974826,8.717137
17.40500,0.544740,1.021379,8.604323
17.41000,0.569180,1.070310,8.493253
17.41500,0.594874,1.121749,8.383929
17.42000,0.621889,1.175830,8.276356
17.42500,0.650292,1.232698,8.170542
17.43000,0.680154,1.292504,8.066495
17.43500,0.711553,1.355406,7.964231
17.44000,0.744567,1.421572,7.863767
17.44500,0.779282,1.491179,7.765123
17.45000,0.815787,1.564411,7.668327
17.45500,0.854177,1.641465,7.573408
17.46000,0.894550,1.722546,7.480403
17.46500,0.937012,1.807872,7.389355
17.47000,0.981674,1.897670,7.300311
17.47500,1.028652,1.992180,7.213329
17.48000,1.078069,2.091657,7.128471
17.48500,1.130055,2.196364,7.045811
17.49000,1.184747,2.306582,6.965432
17.49500,1.242288,2.422605,6.887427
17.50000,1.302830,2.544741,6.811900
17.50500,1.366533,2.673313,6.738971
17.51000,1.433566,2.808663,6.668773
17.51500,1.504104,2.951145,6.601454
17.52000,1.578333,3.101135,6.537181
17.52500,1.656451,3.259022,6.476141
17.53000,1.738661,3.425216,6.418541
17.53500,1.825180,3.600144,6.364614
17.54000,1.916234,3.784251,6.314618
17.54500,2.012063,3.978002,6.268841
17.55000,2.112913,4.181879,6.227601
17.55500,2.219048,4.396385,6.191256
17.56000,2.330740,4.622038,6.160197
17.56500,2.448275,4.859375,6.134865
17.57000,2.571952,5.108950,6.115742
17.57500,2.702081,5.371330,6.103366
17.58000,2.838987,5.647097,6.098331
17.58500,2.983007,5.936844,6.101294
17.59000,3.134489,6.241170,6.112980
17.59500,3.293797,6.560680,6.134190
17.60000,3.461304,6.895979,6.165806
17.60500,3.637395,7.247666,6.208799
17.61000,3.822465,7.616328,6.264237
17.61500,4.016917,8.002529,6.333293
17.62000,4.221164,8.406809,6.417253
17.62500,4.435621,8.829662,6.517522
17.63000,4.660708,9.271530,6.635637
17.63500,4.896842,9.732788,6.773272
17.64000,5.144439,10.213721,6.932247
17.64500,5.403904,10.714508,7.114535
17.65000,5.675627,11.235198,7.322265
17.65500,5.959980,11.775682,7.557735
17.66000,6.257306,12.335663,7.823402
17.66500,6.567911,12.914623,8.121893
17.67000,6.892055,13.511787,8.455994
17.67500,7.229941,14.126076,8.828643
17.68000,7.581699,14.756067,9.242917
17.68500,7.947377,15.399944,9.702007
17.69000,8.326919,16.055444,10.209192
17.69500,8.720150,16.719807,10.767797
17.70000,9.126755,17.389718,11.381143
17.70500,9.546259,18.061260,12.052483
17.71000,9.978002,18.729859,12.784920
17.71500,10.421118,19.390246,13.581321
17.72000,10.874507,20.036420,14.444199
17.72500,11.336812,20.661633,15.375590
17.73000,11.806394,21.258387,16.376907
17.73500,12.281311,21.818460,17.448787
17.74000,12.759298,22.332962,18.590920
17.74500,13.237752,22.792421,19.801877
17.75000,13.713724,23.186920,21.078933
17.75500,14.183915,23.506266,22.417910
17.76000,14.644692,23.740220,23.813024
17.76500,15.092100,23.878761,25.256786
17.77000,15.521902,23.912402,26.739928
17.77500,15.929625,23.832540,28.251406
17.78000,16.310623,23.631827,29.778466
17.78500,16.660158,23.304549,31.306803
17.79000,16.973492,22.846994,32.820798
17.79500,17.245992,22.257778,34.303859
17.80000,17.473248,21.538111,35.738840
17.80500,17.651190,20.691970,37.108535
17.81000,17.776212,19.726171,38.396217
17.81500,17.845282,18.650302,39.586202
17.82000,17.856052,17.476541,40.664405
17.82500,17.806938,16.219327,41.618836
17.83000,17.697182,14.894930,42.440034
17.83500,17.526894,13.520916,43.121370
17.84000,17.297055,12.115567,43.659235
17.84500,17.009493,10.697258,44.053080
17.85000,16.666833,9.283868,44.305312
17.85500,16.272423,7.892228,44.421067
17.86000,15.830230,6.537655,44.407874
17.86500,15.344732,5.233586,44.275233
17.87000,14.820789,3.991326,44.034153
17.87500,14.263524,2.819915,43.696670
17.88000,13.678191,1.726101,43.275373
17.88500,13.070065,0.714412,42.782978
17.89000,12.444331,-0.212694,42.231945
17.89500,11.805994,-1.054618,41.634168
17.90000,11.159804,-1.812378,41.000734
17.90500,10.510197,-2.488336,40.341752
17.91000,9.861247,-3.085938,39.666247
17.91500,9.216641,-3.609448,38.982115
17.92000,8.579665,-4.063718,38.296124
17.92500,7.953195,-4.453968,37.613948
17.93000,7.339709,-4.785614,36.940241
17.93500,6.741297,-5.064112,36.278717
17.94000,6.159684,-5.294834,35.632250
17.94500,5.596251,-5.482983,35.002978
17.95000,5.052066,-5.633515,34.392400
17.95500,4.527908,-5.751100,33.801478
17.96000,4.024299,-5.840084,33.230728
17.96500,3.541532,-5.904480,32.680301
17.97000,3.079697,-5.947962,32.150057
17.97500,2.638711,-5.973868,31.639634
17.98000,2.218338,-5.985216,31.148500
17.98500,1.818215,-5.984715,30.676001
17.99000,1.437872,-5.974786,30.221403
17.99500,1.076750,-5.957583,29.783921
18.00000,0.734218,-5.935015,29.362746
18.00500,0.409590,-5.908764,28.957069
18.01000,0.102133,-5.880308,28.566094
18.01500,-0.188913,-5.850942,28.189050
18.02000,-0.464334,-5.821792,27.825201
18.02500,-0.724926,-5.793839,27.473853
18.03000,-0.971493,-5.767930,27.134357
18.03500,-1.204836,-5.744794,26.806113
18.04000,-1.425752,-5.725059,26.488567
18.04500,-1.635026,-5.709257,26.181216
18.05000,-1.833430,-5.697843,25.883605
18.05500,-2.021716,-5.691198,25.595324
18.06000,-2.200619,-5.689644,25.316009
18.06500,-2.370852,-5.693447,25.045337
18.07000,-2.533104,-5.702826,24.783029
18.07500,-2.688042,-5.717961,24.528840
18.08000,-2.836306,-5.738995,24.282565
18.08500,-2.978512,-5.766042,24.044029
18.09000,-3.115252,-5.799189,23.813091
18.09500,-3.247090,-5.838501,23.589640
18.10000,-3.374569,-5.884025,23.373592
18.10500,-3.498204,-5.935790,23.164890
18.11000,-3.618488,-5.993813,22.963501
18.11500,-3.735889,-6.058097,22.769416
18.12000,-3.850853,-6.128637,22.582648
18.12500,-3.963805,-6.205419,22.403231
18.13000,-4.075145,-6.288419,22.231220
18.13500,-4.185256,-6.377610,22.066689
18.14000,-4.294497,-6.472954,21.909728
18.14500,-4.403212,-6.574412,21.760450
18.15000,-4.511722,-6.681934,21.618980
18.15500,-4.620332,-6.795467,21.485465
18.16000,-4.729328,-6.914951,21.360064
18.16500,-4.838981,-7.040318,21.242956
18.17000,-4.949544,-7.171494,21.134332
18.17500,-5.061252,-7.308393,21.034402
18.18000,-5.174329,-7.450923,20.943388
18.18500,-5.288978,-7.598980,20.861528
18.19000,-5.405390,-7.752445,20.789075
18.19500,-5.523739,-7.911187,20.726293
18.20000,-5.644185,-8.075062,20.673462
18.20500,-5.766872,-8.243902,20.630871
18.21000,-5.891928,-8.417526,20.598823
18.21500,-6.019467,-8.595727,20.577630
18.22000,-6.149584,-8.778275,20.567612
18.22500,-6.282360,-8.964915,20.569098
18.23000,-6.417857,-9.155362,20.582423
18.23500,-6.556122,-9.349300,20.607925
18.24000,-6.697181,-9.546380,20.645943
18.24500,-6.841041,-9.746216,20.696817
18.25000,-6.987691,-9.948384,20.760881
18.25500,-7.137096,-10.152417,20.838463
18.26000,-7.289201,-10.357808,20.929880
18.26500,-7.443926,-10.564002,21.035432
18.27000,-7.601169,-10.770397,21.155402
18.27500,-7.760802,-10.976342,21.290045
18.28000,-7.922667,-11.181138,21.439589
18.28500,-8.086583,-11.384031,21.604224
18.29000,-8.252336,-11.584221,21.784097
18.29500,-8.419685,-11.780854,21.979307
18.30000,-8.588357,-11.973027,22.189897
18.30500,-8.758045,-12.159792,22.415845
18.31000,-8.928413,-12.340154,22.657058
18.31500,-9.099090,-12.513079,22.913365
18.32000,-9.269672,-12.677499,23.184510
18.32500,-9.439722,-12.832314,23.470141
18.33000,-9.608769,-12.976406,23.769806
18.33500,-9.776313,-13.108641,24.082948
18.34000,-9.941819,-13.227885,24.408893
18.34500,-10.104727,-13.333010,24.746853
18.35000,-10.264447,-13.422912,25.095917
18.35500,-10.420365,-13.496520,25.455051
18.36000,-10.571848,-13.552809,25.823095
18.36500,-10.718242,-13.590823,26.198770
18.37000,-10.858882,-13.609683,26.580672
18.37500,-10.993097,-13.608606,26.967288
18.38000,-11.120208,-13.586921,27.356994
18.38500,-11.239545,-13.544082,27.748074
18.39000,-11.350443,-13.479685,28.138726
18.39500,-11.452257,-13.393482,28.527079
18.40000,-11.544362,-13.285389,28.911212
18.40500,-11.626168,-13.155495,29.289172
18.41000,-11.697117,-13.004074,29.658992
18.41500,-11.756701,-12.831584,30.018719
18.42000,-11.804462,-12.638670,30.366432
18.42500,-11.839999,-12.426159,30.700265
18.43000,-11.862977,-12.195061,31.018436
18.43500,-11.873131,-11.946552,31.319263
18.44000,-11.870268,-11.681965,31.601189
18.44500,-11.854276,-11.402775,31.862799
18.45000,-11.825121,-11.110582,32.102841
18.45500,-11.782852,-10.807086,32.320234
18.46000,-11.727602,-10.494069,32.514085
18.46500,-11.659584,-10.173371,32.683694
18.47000,-11.579092,-9.846863,32.828558
18.47500,-11.486497,-9.516425,32.948374
18.48000,-11.382245,-9.183921,33.043035
18.48500,-11.266847,-8.851175,33.112621
18.49000,-11.140879,-8.519954,33.157397
18.49500,-11.004974,-8.191943,33.177793
18.50000,-10.859811,-7.868732,33.174397
18.50500,-10.706113,-7.551800,33.147935
18.51000,-10.544636,-7.242501,33.099258
18.51500,-10.376164,-6.942062,33.029317
18.52000,-10.201495,-6.651570,32.939155
18.52500,-10.021443,-6.371971,32.829879
18.53000,-9.836820,-6.104072,32.702648
18.53500,-9.648437,-5.848539,32.558656
18.54000,-9.457094,-5.605902,32.399115
18.54500,-9.263575,-5.376564,32.225240
18.55000,-9.068643,-5.160801,32.038237
18.55500,-8.873032,-4.958779,31.839293
18.56000,-8.677447,-4.770555,31.629563
18.56500,-8.482560,-4.596093,31.410166
18.57000,-8.289006,-4.435271,31.182175
18.57500,-8.097379,-4.287893,30.946613
18.58000,-7.908235,-4.153697,30.704453
18.58500,-7.722089,-4.032368,30.456608
18.59000,-7.539414,-3.923545,30.203936
18.59500,-7.360639,-3.826831,29.947239
18.60000,-7.186156,-3.741802,29.687261
18.60500,-7.016314,-3.668013,29.424691
18.61000,-6.851423,-3.605007,29.160165
18.61500,-6.691757,-3.552320,28.894268
18.62000,-6.537553,-3.509487,28.627535
18.62500,-6.389013,-3.476047,28.360458
18.63000,-6.246308,-3.451548,28.093484
18.63500,-6.109579,-3.435548,27.827023
18.64000,-5.978938,-3.427621,27.561446
18.64500,-5.854472,-3.427359,27.297094
18.65000,-5.736244,-3.434373,27.034276
18.65500,-5.624295,-3.448293,26.773274
18.66000,-5.518648,-3.468773,26.514346
18.66500,-5.419307,-3.495489,26.257729
18.67000,-5.326260,-3.528140,26.003641
18.67500,-5.239484,-3.566450,25.752281
18.68000,-5.158943,-3.610164,25.503837
18.68500,-5.084590,-3.659051,25.258481
18.69000,-5.016370,-3.712903,25.016378
18.69500,-4.954221,-3.771533,24.777681
18.70000,-4.898078,-3.834777,24.542538
18.70500,-4.847867,-3.902490,24.311090
18.71000,-4.803515,-3.974547,24.083475
18.71500,-4.764944,-4.050843,23.859826
18.72000,-4.732078,-4.131289,23.640277
18.72500,-4.704840,-4.215814,23.424959
18.73000,-4.683151,-4.304363,23.214003
18.73500,-4.666936,-4.396895,23.007543
18.74000,-4.656122,-4.493382,22.805714
18.74500,-4.650639,-4.593810,22.608655
18.75000,-4.650417,-4.698177,22.416506
18.75500,-4.655394,-4.806488,22.229416
18.76000,-4.665507,-4.918762,22.047534
18.76500,-4.680701,-5.035023,21.871020
18.77000,-4.700923,-5.155303,21.700038
18.77500,-4.726124,-5.279640,21.534758
18.78000,-4.756260,-5.408077,21.375361
18.78500,-4.791293,-5.540660,21.222035
18.79000,-4.831186,-5.677439,21.074977
18.79500,-4.875908,-5.818463,20.934394
18.80000,-4.925433,-5.963783,20.800503
18.80500,-4.979736,-6.113448,20.673534
18.81000,-5.038798,-6.267502,20.553724
18.81500,-5.102602,-6.425989,20.441327
18.82000,-5.171132,-6.588942,20.336605
18.82500,-5.244379,-6.756391,20.239835
18.83000,-5.322331,-6.928355,20.151305
18.83500,-5.404978,-7.104842,20.071320
18.84000,-5.492314,-7.285846,20.000193
18.84500,-5.584329,-7.471349,19.938255
18.85000,-5.681013,-7.661312,19.885847
18.85500,-5.782354,-7.855679,19.843326
18.86000,-5.888340,-8.054373,19.811060
18.86500,-5.998951,-8.257290,19.789429
18.87000,-6.114165,-8.464300,19.778825
18.87500,-6.233954,-8.675244,19.779650
18.88000,-6.358281,-8.889931,19.792317
18.88500,-6.487102,-9.108130,19.817243
18.89000,-6.620364,-9.329577,19.854853
18.89500,-6.758000,-9.553963,19.905575
18.90000,-6.899932,-9.780933,19.969837
18.90500,-7.046066,-10.010087,20.048065
18.91000,-7.196294,-10.240971,20.140678
18.91500,-7.350488,-10.473079,20.248085
18.92000,-7.508501,-10.705846,20.370679
18.92500,-7.670163,-10.938650,20.508836
18.93000,-7.835281,-11.170806,20.662900
18.93500,-8.003638,-11.401565,20.833188
18.94000,-8.174987,-11.630114,21.019973
18.94500,-8.349054,-11.855576,21.223482
18.95000,-8.525532,-12.077008,21.443889
18.95500,-8.704083,-12.293403,21.681299
18.96000,-8.884334,-12.503693,21.935747
18.96500,-9.065877,-12.706750,22.207184
18.97000,-9.248267,-12.901393,22.495470
18.97500,-9.431023,-13.086392,22.800361
18.98000,-9.613625,-13.260479,23.121504
18.98500,-9.795516,-13.422350,23.458421
18.99000,-9.976104,-13.570683,23.810510
18.99500,-10.154759,-13.704147,24.177029
19.00000,-10.330816,-13.821415,24.557093
19.00500,-10.503582,-13.921183,24.949669
19.01000,-10.672330,-14.002183,25.353571
19.01500,-10.836313,-14.063205,25.767461
19.02000,-10.994760,-14.103112,26.189849
19.02500,-11.146884,-14.120867,26.619098
19.03000,-11.291892,-14.115545,27.053428
19.03500,-11.428984,-14.086360,27.490928
19.04000,-11.557366,-14.032681,27.929569
19.04500,-11.676258,-13.954052,28.367222
19.05000,-11.784896,-13.850208,28.801672
19.05500,-11.882550,-13.721089,29.230644
19.06000,-11.968526,-13.566855,29.651830
19.06500,-12.042176,-13.387887,30.062909
19.07000,-12.102910,-13.184800,30.461585
19.07500,-12.150201,-12.958435,30.845606
19.08000,-12.183595,-12.709861,31.212804
19.08500,-12.202717,-12.440365,31.561117
19.09000,-12.207278,-12.151434,31.888621
19.09500,-12.197082,-11.844743,32.193556
19.10000,-12.172027,-11.522133,32.474348
19.10500,-12.132108,-11.185584,32.729631
19.11000,-12.077423,-10.837187,32.958262
19.11500,-12.008166,-10.479117,33.159334
19.12000,-11.924632,-10.113602,33.332182
19.12500,-11.827208,-9.742888,33.476387
19.13000,-11.716374,-9.369210,33.591771
19.13500,-11.592693,-8.994765,33.678396
19.14000,-11.456808,-8.621678,33.736548
19.14500,-11.309429,-8.251982,33.766724
19.15000,-11.151330,-7.887592,33.769615
19.15500,-10.983338,-7.530286,33.746087
19.16000,-10.806321,-7.181693,33.697158
19.16500,-10.621180,-6.843276,33.623975
19.17000,-10.428842,-6.516330,33.527788
19.17500,-10.230244,-6.201972,33.409934
19.18000,-10.026329,-5.901146,33.271806
19.18500,-9.818037,-5.614620,33.114836
19.19000,-9.606293,-5.342996,32.940474
19.19500,-9.392005,-5.086715,32.750169
19.20000,-9.176053,-4.846066,32.545354
19.20500,-8.959283,-4.621198,32.327431
19.21000,-8.742508,-4.412134,32.097760
19.21500,-8.526495,-4.218781,31.857648
19.22000,-8.311970,-4.040944,31.608342
19.22500,-8.099610,-3.878339,31.351023
19.23000,-7.890044,-3.730610,31.086804
19.23500,-7.683851,-3.597333,30.816723
19.24000,-7.481561,-3.478039,30.541749
19.24500,-7.283651,-3.372215,30.262775
19.25000,-7.090552,-3.279320,29.980625
19.25500,-6.902647,-3.198795,29.696054
19.26000,-6.720272,-3.130068,29.409750
19.26500,-6.543717,-3.072564,29.122341
19.27000,-6.373233,-3.025710,28.834394
19.27500,-6.209028,-2.988943,28.546422
19.28000,-6.051275,-2.961712,28.258887
19.28500,-5.900112,-2.943485,27.972204
19.29000,-5.755643,-2.933750,27.686748
19.29500,-5.617943,-2.932019,27.402853
19.30000,-5.487062,-2.937828,27.120819
19.30500,-5.363024,-2.950741,26.840916
19.31000,-5.245831,-2.970351,26.563387
19.31500,-5.135468,-2.996278,26.288448
19.32000,-5.031899,-3.028172,26.016297
19.32500,-4.935077,-3.065712,25.747111
19.33000,-4.844940,-3.108604,25.481054
19.33500,-4.761417,-3.156584,25.218274
19.34000,-4.684429,-3.209413,24.958909
19.34500,-4.613886,-3.266881,24.703087
19.35000,-4.549696,-3.328802,24.450929
19.35500,-4.491764,-3.395015,24.202550
19.36000,-4.439988,-3.465383,23.958060
19.36500,-4.394269,-3.539788,23.717567
19.37000,-4.354507,-3.618138,23.481175
19.37500,-4.320600,-3.700358,23.248989
19.38000,-4.292450,-3.786391,23.021114
19.38500,-4.269962,-3.876200,22.797657
19.39000,-4.253044,-3.969763,22.578726
19.39500,-4.241605,-4.067072,22.364431
19.40000,-4.235563,-4.168135,22.154889
19.40500,-4.234837,-4.272973,21.950219
19.41000,-4.239352,-4.381616,21.750546
19.41500,-4.249041,-4.494109,21.556001
19.42000,-4.263839,-4.610502,21.366723
19.42500,-4.283689,-4.730857,21.182856
19.43000,-4.308540,-4.855243,21.004555
19.43500,-4.338345,-4.983732,20.831980
19.44000,-4.373066,-5.116406,20.665306
19.44500,-4.412669,-5.253348,20.504712
19.45000,-4.457126,-5.394644,20.350392
19.45500,-4.506414,-5.540384,20.202551
19.46000,-4.560518,-5.690655,20.061404
19.46500,-4.619425,-5.845547,19.927182
19.47000,-4.683129,-6.005146,19.800127
19.47500,-4.751627,-6.169533,19.680496
19.48000,-4.824921,-6.338787,19.568560
19.48500,-4.903016,-6.512978,19.464607
19.49000,-4.985920,-6.692168,19.368940
19.49500,-5.073644,-6.876409,19.281877
19.50000,-5.166201,-7.065741,19.203756
19.50500,-5.263603,-7.260189,19.134928
19.51000,-5.365864,-7.459761,19.075765
19.51500,-5.472997,-7.664447,19.026654
19.52000,-5.585012,-7.874213,18.988000
19.52500,-5.701919,-8.089003,18.960227
19.53000,-5.823721,-8.308730,18.943772
19.53500,-5.950419,-8.533281,18.939091
19.54000,-6.082004,-8.762504,18.946654
19.54500,-6.218462,-8.996211,18.966946
19.55000,-6.359769,-9.234175,19.000463
19.55500,-6.505889,-9.476120,19.047710
19.56000,-6.656774,-9.721723,19.109202
19.56500,-6.812360,-9.970608,19.185457
19.57000,-6.972569,-10.222341,19.276996
19.57500,-7.137301,-10.476427,19.384335
19.58000,-7.306438,-10.732305,19.507983
19.58500,-7.479836,-10.989346,19.648434
19.59000,-7.657328,-11.246848,19.806164
19.59500,-7.838718,-11.504034,19.981622
19.60000,-8.023779,-11.760047,20.175221
19.60500,-8.212253,-12.013951,20.387331
19.61000,-8.403845,-12.264726,20.618271
19.61500,-8.598224,-12.511272,20.868292
19.62000,-8.795019,-12.752406,21.137576
19.62500,-8.993818,-12.986866,21.426216
19.63000,-9.194165,-13.213313,21.734206
19.63500,-9.395559,-13.430339,22.061433
19.64000,-9.597453,-13.636471,22.407655
19.64500,-9.799255,-13.830180,22.772500
19.65000,-10.000324,-14.009895,23.155443
19.65500,-10.199976,-14.174015,23.555801
19.66000,-10.397477,-14.320923,23.972720
19.66500,-10.592055,-14.449006,24.405168
19.67000,-10.782894,-14.556676,24.851924
19.67500,-10.969144,-14.642388,25.311578
19.68000,-11.149919,-14.704672,25.782526
19.68500,-11.324312,-14.742148,26.262973
19.69000,-11.491390,-14.753561,26.750936
19.69500,-11.650213,-14.737806,27.244256
19.70000,-11.799834,-14.693951,27.740608
19.70500,-11.939313,-14.621267,28.237522
19.71000,-12.067725,-14.519252,28.732402
19.71500,-12.184172,-14.387648,29.222556
19.72000,-12.287793,-14.226466,29.705221
19.72500,-12.377778,-14.035993,30.177601
19.73000,-12.453376,-13.816809,30.636902
19.73500,-12.513908,-13.569781,31.080369
19.74000,-12.558779,-13.296071,31.505327
19.74500,-12.587486,-12.997121,31.909222
19.75000,-12.599627,-12.674640,32.289656
19.75500,-12.594909,-12.330585,32.644423
19.76000,-12.573155,-11.967133,32.971545
19.76500,-12.534307,-11.586650,33.269298
19.77000,-12.478431,-11.191658,33.536236
19.77500,-12.405713,-10.784792,33.771208
19.78000,-12.316462,-10.368763,33.973371
19.78500,-12.211105,-9.946313,34.142191
19.79000,-12.090181,-9.520177,34.277443
19.79500,-11.954336,-9.093040,34.379207
19.80000,-11.804314,-8.667503,34.447845
19.80500,-11.640946,-8.246045,34.483990
19.81000,-11.465139,-7.830994,34.488520
19.81500,-11.277865,-7.424503,34.462529
19.82000,-11.080152,-7.028532,34.407301
19.82500,-10.873064,-6.644826,34.324276
19.83000,-10.657696,-6.274913,34.215023
19.83500,-10.435157,-5.920095,34.081204
19.84000,-10.206561,-5.581451,33.924546
19.84500,-9.973013,-5.259838,33.746815
19.85000,-9.735602,-4.955903,33.549787
19.85500,-9.495392,-4.670090,33.335225
19.86000,-9.253408,-4.402658,33.104861
19.86500,-9.010638,-4.153692,32.860375
19.87000,-8.768018,-3.923123,32.603385
19.87500,-8.526434,-3.710745,32.335432
19.88000,-8.286716,-3.516231,32.057972
19.88500,-8.049632,-3.339152,31.772373
19.89000,-7.815894,-3.178993,31.479907
19.89500,-7.586148,-3.035171,31.181752
19.90000,-7.360982,-2.907049,30.878991
19.90500,-7.140920,-2.793948,30.572614
19.91000,-6.926430,-2.695163,30.263520
19.91500,-6.717920,-2.609973,29.952523
19.92000,-6.515744,-2.537652,29.640353
19.92500,-6.320203,-2.477475,29.327666
19.93000,-6.131547,-2.428730,29.015047
19.93500,-5.949982,-2.390721,28.703013
19.94000,-5.775668,-2.362774,28.392024
19.94500,-5.608726,-2.344240,28.082485
19.95000,-5.449242,-2.334504,27.774751
19.95500,-5.297264,-2.332980,27.469135
19.96000,-5.152815,-2.339118,27.165910
19.96500,-5.015888,-2.352403,26.865316
19.97000,-4.886453,-2.372355,26.567561
19.97500,-4.764458,-2.398533,26.272828
19.98000,-4.649835,-2.430531,25.981279
19.98500,-4.542497,-2.467977,25.693054
19.99000,-4.442348,-2.510538,25.408278
19.99500,-4.349278,-2.557910,25.127062
20.00000,-4.263171,-2.609827,24.849505
20.00500,-4.183902,-2.666049,24.575698
20.01000,-4.111342,-2.726371,24.305725
20.01500,-4.045360,-2.790615,24.039661
20.02000,-3.985823,-2.858629,23.777581
20.02500,-3.932597,-2.930289,23.519556
20.03000,-3.885549,-3.005495,23.265653
20.03500,-3.844548,-3.084168,23.015941
20.04000,-3.809469,-3.166252,22.770490
20.04500,-3.780186,-3.251713,22.529369
20.05000,-3.756583,-3.340533,22.292652
20.05500,-3.738545,-3.432712,22.060414
20.06000,-3.725965,-3.528268,21.832735
20.06500,-3.718742,-3.627233,21.609699
20.07000,-3.716784,-3.729652,21.391394
20.07500,-3.720002,-3.835585,21.177917
20.08000,-3.728317,-3.945103,20.969369
20.08500,-3.741658,-4.058287,20.765858
20.09000,-3.759960,-4.175229,20.567500
20.09500,-3.783167,-4.296029,20.374421
20.10000,-3.811231,-4.420794,20.186754
20.10500,-3.844111,-4.549641,20.004644
20.11000,-3.881774,-4.682690,19.828244
20.11500,-3.924195,-4.820066,19.657719
20.12000,-3.971357,-4.961900,19.493248
20.12500,-4.023248,-5.108325,19.335019
20.13000,-4.079864,-5.259476,19.183238
20.13500,-4.141211,-5.415488,19.038121
20.14000,-4.207296,-5.576496,18.899902
20.14500,-4.278137,-5.742635,18.768829
20.15000,-4.353754,-5.914035,18.645169
20.15500,-4.434175,-6.090822,18.529205
20.16000,-4.519430,-6.273117,18.421238
20.16500,-4.609556,-6.461033,18.321591
20.17000,-4.704591,-6.654671,18.230605
20.17500,-4.804578,-6.854124,18.148641
20.18000,-4.909561,-7.059469,18.076084
20.18500,-5.019585,-7.270768,18.013340
20.19000,-5.134694,-7.488061,17.960838
20.19500,-5.254936,-7.711370,17.919028
20.20000,-5.380352,-7.940690,17.888387
20.20500,-5.510982,-8.175988,17.869412
20.21000,-5.646863,-8.417198,17.862624
20.21500,-5.788025,-8.664219,17.868567
20.22000,-5.934489,-8.916911,17.887808
20.22500,-6.086270,-9.175087,17.920931
20.23000,-6.243370,-9.438512,17.968541
20.23500,-6.405778,-9.706897,18.031261
20.24000,-6.573470,-9.979892,18.109724
20.24500,-6.746403,-10.257083,18.204577
20.25000,-6.924514,-10.537986,18.316471
20.25500,-7.107718,-10.822041,18.446059
20.26000,-7.295905,-11.108605,18.593991
20.26500,-7.488937,-11.396950,18.760902
20.27000,-7.686644,-11.686256,18.947412
20.27500,-7.888824,-11.975605,19.154110
20.28000,-8.095236,-12.263980,19.381547
20.28500,-8.305598,-12.550258,19.630224
20.29000,-8.519586,-12.833210,19.900583
20.29500,-8.736828,-13.111499,20.192986
20.30000,-8.956904,-13.383681,20.507707
20.30500,-9.179339,-13.648206,20.844914
20.31000,-9.403605,-13.903422,21.204650
20.31500,-9.629116,-14.147582,21.586822
20.32000,-9.855227,-14.378854,21.991177
20.32500,-10.081234,-14.595330,22.417286
20.33000,-10.306372,-14.795043,22.864532
20.33500,-10.529816,-14.975986,23.332085
20.34000,-10.750685,-15.136129,23.818898
20.34500,-10.968039,-15.273451,24.323684
20.35000,-11.180887,-15.385960,24.844912
20.35500,-11.388193,-15.471730,25.380803
20.36000,-11.588875,-15.528931,25.929321
20.36500,-11.781823,-15.555869,26.488180
20.37000,-11.965898,-15.551016,27.054852
20.37500,-12.139949,-15.513053,27.626580
20.38000,-12.302824,-15.440904,28.200399
20.38500,-12.453379,-15.333773,28.773160
20.39000,-12.590496,-15.191175,29.341567
20.39500,-12.713095,-15.012962,29.902212
20.40000,-12.820152,-14.799349,30.451623
20.40500,-12.910710,-14.550928,30.986306
20.41000,-12.983899,-14.268677,31.502808
20.41500,-13.038948,-13.953959,31.997760
20.42000,-13.075201,-13.608513,32.467938
20.42500,-13.092124,-13.234439,32.910318
20.43000,-13.089324,-12.834166,33.322119
20.43500,-13.066550,-12.410422,33.700858
20.44000,-13.023704,-11.966188,34.044386
20.44500,-12.960844,-11.504648,34.350918
20.45000,-12.878182,-11.029141,34.619064
20.45500,-12.776088,-10.543096,34.847836
20.46000,-12.655080,-10.049980,35.036660
20.46500,-12.515822,-9.553241,35.185369
20.47000,-12.359109,-9.056245,35.294189
20.47500,-12.185861,-8.562236,35.363721
20.48000,-11.997106,-8.074280,35.394907
20.48500,-11.793967,-7.595231,35.389002
20.49000,-11.577645,-7.127697,35.347529
20.49500,-11.349402,-6.674015,35.272238
20.50000,-11.110548,-6.236235,35.165068
20.50500,-10.862420,-5.816108,35.028095
20.51000,-10.606368,-5.415087,34.863493
20.51500,-10.343739,-5.034327,34.673495
20.52000,-10.075866,-4.674698,34.460355
20.52500,-9.804051,-4.336799,34.226310
20.53000,-9.529554,-4.020975,33.973557
20.53500,-9.253587,-3.727338,33.704225
20.54000,-8.977303,-3.455792,33.420354
20.54500,-8.701787,-3.206056,33.123880
20.55000,-8.428056,-2.977691,32.816621
20.55500,-8.157052,-2.770120,32.500275
20.56000,-7.889638,-2.582654,32.176408
20.56500,-7.626602,-2.414518,31.846457
20.57000,-7.368653,-2.264864,31.511730
20.57500,-7.116421,-2.132797,31.173407
20.58000,-6.870464,-2.017390,30.832551
20.58500,-6.631263,-1.917697,30.490107
20.59000,-6.399234,-1.832772,30.146911
20.59500,-6.174722,-1.761673,29.803702
20.60000,-5.958014,-1.703478,29.461125
20.60500,-5.749335,-1.657290,29.119740
20.61000,-5.548858,-1.622245,28.780031
20.61500,-5.356707,-1.597516,28.442416
20.62000,-5.172958,-1.582316,28.107250
20.62500,-4.997648,-1.575905,27.774834
20.63000,-4.830778,-1.577586,27.445424
20.63500,-4.672313,-1.586711,27.119231
20.64000,-4.522192,-1.602679,26.796434
20.64500,-4.380329,-1.624935,26.477180
20.65000,-4.246613,-1.652972,26.161590
20.65500,-4.120920,-1.686329,25.849763
20.66000,-4.003105,-1.724587,25.541779
20.66500,-3.893014,-1.767370,25.237705
20.67000,-3.790484,-1.814344,24.937594
20.67500,-3.695342,-1.865214,24.641488
20.68000,-3.607412,-1.919720,24.349424
20.68500,-3.526513,-1.977639,24.061432
20.69000,-3.452464,-2.038780,23.777536
20.69500,-3.385084,-2.102982,23.497759
20.70000,-3.324194,-2.170116,23.222123
20.70500,-3.269618,-2.240077,22.950648
20.71000,-3.221184,-2.312787,22.683355
20.71500,-3.178724,-2.388194,22.420266
20.72000,-3.142078,-2.466263,22.161404
20.72500,-3.111092,-2.546984,21.906796
20.73000,-3.085620,-2.630364,21.656472
20.73500,-3.065522,-2.716428,21.410465
20.74000,-3.050668,-2.805220,21.168812
20.74500,-3.040938,-2.896795,20.931556
20.75000,-3.036218,-2.991225,20.698744
20.75500,-3.036406,-3.088595,20.470428
20.76000,-3.041407,-3.189001,20.246669
20.76500,-3.051139,-3.292553,20.027531
20.77000,-3.065526,-3.399368,19.813087
20.77500,-3.084503,-3.509576,19.603418
20.78000,-3.108016,-3.623312,19.398613
20.78500,-3.136019,-3.740725,19.198769
20.79000,-3.168476,-3.861966,19.003993
20.79500,-3.205361,-3.987196,18.814402
20.80000,-3.246656,-4.116582,18.630124
20.80500,-3.292352,-4.250296,18.451299
20.81000,-3.342452,-4.388516,18.278077
20.81500,-3.396963,-4.531423,18.110625
20.82000,-3.455905,-4.679202,17.949120
20.82500,-3.519303,-4.832043,17.793757
20.83000,-3.587192,-4.990134,17.644747
20.83500,-3.659613,-5.153668,17.502315
20.84000,-3.736615,-5.322836,17.366708
20.84500,-3.818254,-5.497828,17.238188
20.85000,-3.904594,-5.678833,17.117042
20.85500,-3.995702,-5.866036,17.003575
20.86000,-4.091653,-6.059616,16.898116
20.86500,-4.192526,-6.259747,16.801019
20.87000,-4.298404,-6.466592,16.712661
20.87500,-4.409374,-6.680305,16.633448
20.88000,-4.525527,-6.901027,16.563811
20.88500,-4.646955,-7.128881,16.504212
20.89000,-4.773751,-7.363974,16.455143
20.89500,-4.906008,-7.606388,16.417126
20.90000,-5.043819,-7.856181,16.390713
20.90500,-5.187274,-8.113382,16.376492
20.91000,-5.336458,-8.377982,16.375082
20.91500,-5.491452,-8.649938,16.387134
20.92000,-5.652330,-8.929160,16.413333
20.92500,-5.819155,-9.215508,16.454395
20.93000,-5.991981,-9.508787,16.511068
20.93500,-6.170846,-9.808738,16.584128
20.94000,-6.355774,-10.115034,16.674378
20.94500,-6.546770,-10.427270,16.782645
20.95000,-6.743815,-10.744957,16.909775
20.95500,-6.946865,-11.067514,17.056626
20.96000,-7.155850,-11.394259,17.224066
20.96500,-7.370666,-11.724399,17.412962
20.97000,-7.591170,-12.057027,17.624170
20.97500,-7.817184,-12.391110,17.858528
20.98000,-8.048480,-12.725482,18.116840
20.98500,-8.284784,-13.058841,18.399863
20.99000,-8.525767,-13.389737,18.708293
20.99500,-8.771042,-13.716575,19.042742
21.00000,-9.020159,-14.037609,19.403725
21.00500,-9.272603,-14.350940,19.791632
21.01000,-9.527785,-14.654523,20.206709
21.01500,-9.785043,-14.946170,20.649032
21.02000,-10.043638,-15.223562,21.118482
21.02500,-10.302749,-15.484258,21.614719
21.03000,-10.561474,-15.725717,22.137154
21.03500,-10.818831,-15.945320,22.684928
21.04000,-11.073755,-16.140397,23.256883
21.04500,-11.325102,-16.308263,23.851546
21.05000,-11.571653,-16.446251,24.467109
21.05500,-11.812121,-16.551763,25.101415
21.06000,-12.045158,-16.622313,25.751956
21.06500,-12.269362,-16.655580,26.415867
21.07000,-12.483294,-16.649462,27.089940
21.07500,-12.685488,-16.602133,27.770639
21.08000,-12.874467,-16.512098,28.454125
21.08500,-13.048765,-16.378244,29.136300
21.09000,-13.206941,-16.199893,29.812846
21.09500,-13.347606,-15.976839,30.479289
21.10000,-13.469438,-15.709388,31.131059
21.10500,-13.571209,-15.398379,31.763568
21.11000,-13.651805,-15.045195,32.372284
21.11500,-13.710246,-14.651764,32.952814
21.12000,-13.745709,-14.220539,33.500989
21.12500,-13.757542,-13.754471,34.012936
21.13000,-13.745280,-13.256967,34.485158
21.13500,-13.708656,-12.731825,34.914599
21.14000,-13.647612,-12.183173,35.298697
21.14500,-13.562298,-11.615388,35.635431
21.15000,-13.453076,-11.033013,35.923344
21.15500,-13.320515,-10.440670,36.161560
21.16000,-13.165379,-9.842973,36.349782
21.16500,-12.988621,-9.244444,36.488276
21.17000,-12.791362,-8.649434,36.577838
21.17500,-12.574876,-8.062051,36.619753
21.18000,-12.340568,-7.486104,36.615746
21.18500,-12.089950,-6.925048,36.567918
21.19000,-11.824622,-6.381951,36.478687
21.19500,-11.546245,-5.859470,36.350718
21.20000,-11.256515,-5.359835,36.186856
21.20500,-10.957148,-4.884848,35.990067
21.21000,-10.649852,-4.435897,35.763372
21.21500,-10.336308,-4.013966,35.509797
21.22000,-10.018155,-3.619665,35.232322
21.22500,-9.696974,-3.253257,34.933839
21.23000,-9.374273,-2.914695,34.617122
21.23500,-9.051477,-2.603653,34.284796
21.24000,-8.729919,-2.319568,33.939320
21.24500,-8.410837,-2.061674,33.582972
21.25000,-8.095364,-1.829042,33.217843
21.25500,-7.784531,-1.620608,32.845832
21.26000,-7.479263,-1.435209,32.468650
21.26500,-7.180382,-1.271613,32.087823
21.27000,-6.888610,-1.128541,31.704703
21.27500,-6.604567,-1.004690,31.320474
21.28000,-6.328783,-0.898757,30.936165
21.28500,-6.061697,-0.809453,30.552663
21.29000,-5.803664,-0.735513,30.170725
21.29500,-5.554962,-0.675716,29.790992
21.30000,-5.315796,-0.628884,29.413997
21.30500,-5.086306,-0.593897,29.040182
21.31000,-4.866572,-0.569695,28.669907
21.31500,-4.656619,-0.555277,28.303461
21.32000,-4.456423,-0.549711,27.941071
21.32500,-4.265919,-0.552128,27.582913
21.33000,-4.085004,-0.561725,27.229117
21.33500,-3.913541,-0.577765,26.879775
21.34000,-3.751367,-0.599573,26.534950
21.34500,-3.598296,-0.626534,26.194677
21.35000,-3.454120,-0.658093,25.858972
21.35500,-3.318617,-0.693749,25.527833
21.36000,-3.191553,-0.733057,25.201246
21.36500,-3.072685,-0.775618,24.879186
21.37000,-2.961762,-0.821084,24.561622
21.37500,-2.858532,-0.869149,24.248515
21.38000,-2.762739,-0.919549,23.939825
21.38500,-2.674128,-0.972057,23.635510
21.39000,-2.592448,-1.026482,23.335525
21.39500,-2.517450,-1.082669,23.039826
21.40000,-2.448890,-1.140488,22.748371
21.40500,-2.386532,-1.199842,22.461118
21.41000,-2.330146,-1.260656,22.178030
21.41500,-2.279511,-1.322883,21.899068
21.42000,-2.234414,-1.386493,21.624199
21.42500,-2.194653,-1.451480,21.353393
21.43000,-2.160034,-1.517855,21.086622
21.43500,-2.130376,-1.585645,20.823862
21.44000,-2.105505,-1.654894,20.565093
21.44500,-2.085263,-1.725660,20.310298
21.45000,-2.069497,-1.798014,20.059466
21.45500,-2.058070,-1.872039,19.812587
21.46000,-2.050853,-1.947829,19.569657
21.46500,-2.047730,-2.025491,19.330677
21.47000,-2.048596,-2.105139,19.095652
21.47500,-2.053355,-2.186897,18.864590
21.48000,-2.061924,-2.270898,18.637506
21.48500,-2.074230,-2.357284,18.414421
21.49000,-2.090210,-2.446203,18.195360
21.49500,-2.109814,-2.537813,17.980354
21.50000,-2.132998,-2.632277,17.769441
21.50500,-2.159733,-2.729766,17.562664
21.51000,-2.189996,-2.830458,17.360077
21.51500,-2.223777,-2.934538,17.161737
21.52000,-2.261073,-3.042196,16.967712
21.52500,-2.301893,-3.153631,16.778078
21.53000,-2.346254,-3.269045,16.592920
21.53500,-2.394183,-3.388650,16.412334
21.54000,-2.445714,-3.512662,16.236425
21.54500,-2.500894,-3.641302,16.065313
21.55000,-2.559775,-3.774800,15.899128
21.55500,-2.622419,-3.913388,15.738013
21.56000,-2.688896,-4.057307,15.582129
21.56500,-2.759287,-4.206801,15.431648
21.57000,-2.833678,-4.362120,15.286762
21.57500,-2.912165,-4.523518,15.147682
21.58000,-2.994849,-4.691252,15.014636
21.58500,-3.081843,-4.865585,14.887875
21.59000,-3.173264,-5.046780,14.767671
21.59500,-3.269238,-5.235103,14.654321
21.60000,-3.369896,-5.430819,14.548149
21.60500,-3.475377,-5.634196,14.449505
21.61000,-3.585827,-5.845496,14.358771
21.61500,-3.701395,-6.064977,14.276357
21.62000,-3.822238,-6.292895,14.202711
21.62500,-3.948515,-6.529494,14.138314
21.63000,-4.080391,-6.775007,14.083687
21.63500,-4.218033,-7.029654,14.039390
21.64000,-4.361610,-7.293637,14.006025
21.64500,-4.511292,-7.567136,13.984239
21.65000,-4.667251,-7.850304,13.974727
21.65500,-4.829653,-8.143262,13.978229
21.66000,-4.998666,-8.446095,13.995538
21.66500,-5.174449,-8.758843,14.027496
21.67000,-5.357155,-9.081494,14.075000
21.67500,-5.546929,-9.413978,14.138997
21.68000,-5.743902,-9.756156,14.220489
21.68500,-5.948190,-10.107812,14.320528
21.69000,-6.159893,-10.468641,14.440216
21.69500,-6.379086,-10.838241,14.580703
21.70000,-6.605821,-11.216096,14.743182
21.70500,-6.840115,-11.601567,14.928882
21.71000,-7.081954,-11.993877,15.139063
21.71500,-7.331281,-12.392098,15.375003
21.72000,-7.587993,-12.795136,15.637992
21.72500,-7.851934,-13.201719,15.929309
21.73000,-8.122889,-13.610379,16.250214
21.73500,-8.400578,-14.019444,16.601921
21.74000,-8.684645,-14.427021,16.985579
21.74500,-8.974656,-14.830991,17.402241
21.75000,-9.270089,-15.228998,17.852835
21.75500,-9.570325,-15.618447,18.338134
21.76000,-9.874643,-15.996501,18.858709
21.76500,-10.182215,-16.360090,19.414901
21.77000,-10.492096,-16.705920,20.006767
21.77500,-10.803222,-17.030490,20.634041
21.78000,-11.114406,-17.330123,21.296089
21.78500,-11.424335,-17.600994,21.991862
21.79000,-11.731572,-17.839184,22.719854
21.79500,-12.034556,-18.040723,23.478063
21.80000,-12.331611,-18.201666,24.263959
21.80500,-12.620950,-18.318160,25.074461
21.81000,-12.900689,-18.386528,25.905922
21.81500,-13.168867,-18.403363,26.754128
21.82000,-13.423455,-18.365617,27.614315
21.82500,-13.662390,-18.270703,28.481203
21.83000,-13.883595,-18.116591,29.349043
21.83500,-14.085010,-17.901897,30.211689
21.84000,-14.264626,-17.625967,31.062689
21.84500,-14.420520,-17.288943,31.895389
21.85000,-14.550891,-16.891818,32.703056
21.85500,-14.654094,-16.436459,33.479014
21.86000,-14.728679,-15.925615,34.216783
21.86500,-14.773420,-15.362894,34.910223
21.87000,-14.787349,-14.752710,35.553675
21.87500,-14.769776,-14.100206,36.142090
21.88000,-14.720314,-13.411157,36.671144
21.88500,-14.638888,-12.691839,37.137333
21.89000,-14.525744,-11.948896,37.538040
21.89500,-14.381444,-11.189186,37.871579
21.90000,-14.206859,-10.419631,38.137206
21.90500,-14.003156,-9.647059,38.335100
21.91000,-13.771771,-8.878066,38.466323
21.91500,-13.514383,-8.118885,38.532750
21.92000,-13.232883,-7.375271,38.536977
21.92500,-12.929336,-6.652415,38.482223
21.93000,-12.605945,-5.954874,38.372212
21.93500,-12.265009,-5.286530,38.211056
21.94000,-11.908890,-4.650568,38.003138
21.94500,-11.539972,-4.049478,37.752999
21.95000,-11.160627,-3.485076,37.465230
21.95500,-10.773183,-2.958538,37.144384
21.96000,-10.379901,-2.470452,36.794891
21.96500,-9.982942,-2.020868,36.420995
21.97000,-9.584355,-1.609369,36.026697
21.97500,-9.186060,-1.235132,35.615723
21.98000,-8.789830,-0.896996,35.191492
21.98500,-8.397292,-0.593524,34.757108
21.99000,-8.009917,-0.323066,34.315349
21.99500,-7.629019,-0.083815,33.868677
22.00000,-7.255758,0.126146,33.419246
22.00500,-6.891140,0.308797,32.968918
22.01000,-6.536027,0.466142,32.519282
22.01500,-6.191141,0.600179,32.071677
22.02000,-5.857071,0.712870,31.627215
22.02500,-5.534283,0.806124,31.186802
22.03000,-5.223129,0.881774,30.751168
22.03500,-4.923858,0.941571,30.320881
22.04000,-4.636622,0.987171,29.896373
22.04500,-4.361488,1.020128,29.477960
22.05000,-4.098446,1.041897,29.065859
22.05500,-3.847417,1.053825,28.660201
22.06000,-3.608267,1.057158,28.261053
22.06500,-3.380804,1.053038,27.868423
22.07000,-3.164798,1.042511,27.482276
22.07500,-2.959978,1.026530,27.102540
22.08000,-2.766042,1.005954,26.729120
22.08500,-2.582666,0.981562,26.361897
22.09000,-2.409501,0.954052,26.000740
22.09500,-2.246188,0.924046,25.645508
22.10000,-2.092352,0.892099,25.296054
22.10500,-1.947615,0.858702,24.952231
22.11000,-1.811592,0.824288,24.613888
22.11500,-1.683899,0.789235,24.280879
22.12000,-1.564152,0.753871,23.953061
22.12500,-1.451971,0.718484,23.630294
22.13000,-1.346983,0.683315,23.312444
22.13500,-1.248820,0.648573,22.999382
22.14000,-1.157126,0.614434,22.690987
22.14500,-1.071550,0.581041,22.387142
22.15000,-0.991756,0.548514,22.087735
22.15500,-0.917416,0.516949,21.792662
22.16000,-0.848216,0.486419,21.501822
22.16500,-0.783854,0.456982,21.215123
22.17000,-0.724038,0.428677,20.932475
22.17500,-0.668492,0.401530,20.653793
22.18000,-0.616950,0.375555,20.378997
22.18500,-0.569159,0.350756,20.108011
22.19000,-0.524880,0.327127,19.840763
22.19500,-0.483885,0.304653,19.577185
22.20000,-0.445956,0.283316,19.317210
22.20500,-0.410891,0.263089,19.060775
22.21000,-0.378496,0.243944,18.807822
22.21500,-0.348588,0.225846,18.558291
22.22000,-0.320997,0.208760,18.312128
22.22500,-0.295560,0.192648,18.069280
22.23000,-0.272127,0.177469,17.829695
22.23500,-0.250555,0.163183,17.593322
22.24000,-0.230710,0.149749,17.360115
22.24500,-0.212469,0.137125,17.130025
22.25000,-0.195713,0.125269,16.903008
22.25500,-0.180336,0.114140,16.679018
22.26000,-0.166233,0.103698,16.458014
22.26500,-0.153312,0.093903,16.239952
22.27000,-0.141483,0.084717,16.024791
22.27500,-0.130666,0.076101,15.812491
22.28000,-0.120782,0.068019,15.603012
22.28500,-0.111763,0.060436,15.396315
22.29000,-0.103541,0.053317,15.192363
22.29500,-0.096057,0.046631,14.991118
22.30000,-0.089255,0.040345,14.792543
22.30500,-0.083081,0.034429,14.596602
22.31000,-0.077488,0.028855,14.403260
22.31500,-0.072432,0.023596,14.212482
22.32000,-0.067872,0.018624,14.024232
22.32500,-0.063771,0.013916,13.838478
22.33000,-0.060093,0.009447,13.655186
22.33500,-0.056807,0.005194,13.474323
22.34000,-0.053883,0.001136,13.295857
22.34500,-0.051296,-0.002747,13.119756
22.35000,-0.049021,-0.006476,12.945988
22.35500,-0.047035,-0.010068,12.774523
22.36000,-0.045318,-0.013542,12.605329
22.36500,-0.043851,-0.016915,12.438377
22.37000,-0.042619,-0.020202,12.273636
22.37500,-0.041605,-0.023420,12.111079
22.38000,-0.040796,-0.026583,11.950674
22.38500,-0.040180,-0.029707,11.792395
22.39000,-0.039745,-0.032803,11.636213
22.39500,-0.039482,-0.035887,11.482100
22.40000,-0.039383,-0.038970,11.330029
22.40500,-0.039439,-0.042066,11.179972
22.41000,-0.039643,-0.045187,11.031904
22.41500,-0.039991,-0.048345,10.885798
22.42000,-0.040477,-0.051552,10.741627
22.42500,-0.041098,-0.054819,10.599367
22.43000,-0.041849,-0.058159,10.458991
22.43500,-0.042728,-0.061582,10.320476
22.44000,-0.043733,-0.065101,10.183797
22.44500,-0.044864,-0.068727,10.048929
22.45000,-0.046120,-0.072471,9.915848
22.45500,-0.047500,-0.076346,9.784532
22.46000,-0.049005,-0.080364,9.654956
22.46500,-0.050636,-0.084537,9.527098
22.47000,-0.052395,-0.088877,9.400935
22.47500,-0.054285,-0.093397,9.276446
22.48000,-0.056308,-0.098111,9.153607
22.48500,-0.058466,-0.103033,9.032398
22.49000,-0.060766,-0.108176,8.912796
22.49500,-0.063209,-0.113554,8.794782
22.50000,-0.065802,-0.119185,8.678334
22.50500,-0.068549,-0.125082,8.563431
22.51000,-0.071457,-0.131263,8.450054
22.51500,-0.074532,-0.137745,8.338184
22.52000,-0.077781,-0.144546,8.227799
22.52500,-0.081211,-0.151685,8.118882
22.53000,-0.084831,-0.159182,8.011413
22.53500,-0.088649,-0.167057,7.905373
22.54000,-0.092675,-0.175332,7.800745
22.54500,-0.096918,-0.184031,7.697510
22.55000,-0.101390,-0.193177,7.595650
22.55500,-0.106101,-0.202796,7.495149
22.56000,-0.111063,-0.212914,7.395989
22.56500,-0.116290,-0.223560,7.298154
22.57000,-0.121795,-0.234763,7.201626
22.57500,-0.127592,-0.246554,7.106391
22.58000,-0.133697,-0.258967,7.012432
22.58500,-0.140125,-0.272036,6.919734
22.59000,-0.146894,-0.285798,6.828282
22.59500,-0.154021,-0.300291,6.738061
22.60000,-0.161527,-0.315557,6.649058
22.60500,-0.169431,-0.331638,6.561258
22.61000,-0.177755,-0.348580,6.474649
22.61500,-0.186522,-0.366431,6.389217
22.62000,-0.195754,-0.385242,6.304949
22.62500,-0.205479,-0.405066,6.221835
22.63000,-0.215722,-0.425960,6.139862
22.63500,-0.226512,-0.447984,6.059021
22.64000,-0.237880,-0.471201,5.979300
22.64500,-0.249855,-0.495678,5.900690
22.65000,-0.262473,-0.521485,5.823184
22.65500,-0.275769,-0.548697,5.746772
22.66000,-0.289779,-0.577392,5.671447
22.66500,-0.304544,-0.607655,5.597204
22.67000,-0.320104,-0.639572,5.524038
22.67500,-0.336505,-0.673237,5.451943
22.68000,-0.353794,-0.708749,5.380917
22.68500,-0.372018,-0.746210,5.310959
22.69000,-0.391231,-0.785732,5.242068
22.69500,-0.411487,-0.827429,5.174245
22.70000,-0.432845,-0.871424,5.107494
22.70500,-0.455366,-0.917848,5.041819
22.71000,-0.479115,-0.966836,4.977228
22.71500,-0.504162,-1.018535,4.913729
22.72000,-0.530577,-1.073096,4.851334
22.72500,-0.558440,-1.130681,4.790059
22.73000,-0.587829,-1.191461,4.729920
22.73500,-0.618832,-1.255616,4.670939
22.74000,-0.651539,-1.323338,4.613141
22.74500,-0.686045,-1.394826,4.556555
22.75000,-0.722452,-1.470295,4.501214
22.75500,-0.760866,-1.549967,4.447158
22.76000,-0.801400,-1.634082,4.394432
22.76500,-0.844175,-1.722887,4.343087
22.77000,-0.889315,-1.816649,4.293182
22.77500,-0.936954,-1.915645,4.244782
22.78000,-0.987232,-2.020168,4.197963
22.78500,-1.040298,-2.130530,4.152810
22.79000,-1.096309,-2.247057,4.109419
22.79500,-1.155430,-2.370092,4.067898
22.80000,-1.217835,-2.499998,4.028369
22.80500,-1.283709,-2.637157,3.990969
22.81000,-1.353246,-2.781970,3.955851
22.81500,-1.426651,-2.934858,3.923187
22.82000,-1.504141,-3.096265,3.893171
22.82500,-1.585942,-3.266655,3.866018
22.83000,-1.672294,-3.446515,3.841969
22.83500,-1.763450,-3.636357,3.821296
22.84000,-1.859675,-3.836713,3.804300
22.84500,-1.961249,-4.048141,3.791317
22.85000,-2.068465,-4.271222,3.782724
22.85500,-2.181630,-4.506560,3.778941
22.86000,-2.301068,-4.754783,3.780433
22.86500,-2.427117,-5.016541,3.787723
22.87000,-2.560131,-5.292505,3.801388
22.87500,-2.700480,-5.583365,3.822074
22.88000,-2.848551,-5.889830,3.850495
22.88500,-3.004745,-6.212620,3.887448
22.89000,-3.169480,-6.552470,3.933813
22.89500,-3.343191,-6.910115,3.990568
22.90000,-3.526325,-7.286295,4.058795
22.90500,-3.719344,-7.681738,4.139691
22.91000,-3.922724,-8.097158,4.234576
22.91500,-4.136951,-8.533241,4.344907
22.92000,-4.362519,-8.990632,4.472288
22.92500,-4.599930,-9.469921,4.618479
22.93000,-4.849686,-9.971624,4.785411
22.93500,-5.112290,-10.496162,4.975195
22.94000,-5.388237,-11.043835,5.190133
22.94500,-5.678008,-11.614796,5.432728
22.95000,-5.982065,-12.209015,5.705688
22.95500,-6.300841,-12.826242,6.011937
22.96000,-6.634729,-13.465966,6.354613
22.96500,-6.984069,-14.127364,6.737062
22.97000,-7.349138,-14.809248,7.162839
22.97500,-7.730129,-15.510009,7.635681
22.98000,-8.127139,-16.227549,8.159489
22.98500,-8.540140,-16.959216,8.738288
22.99000,-8.968964,-17.701729,9.376183
22.99500,-9.413273,-18.451112,10.077284
23.00000,-9.872534,-19.202614,10.845634
23.00500,-10.345987,-19.950648,11.685100
23.01000,-10.832615,-20.688728,12.599248
23.01500,-11.331111,-21.409428,13.591199
23.02000,-11.839847,-22.104350,14.663454
23.02500,-12.356839,-22.764131,15.817701
23.03000,-12.879721,-23.378475,17.054602
23.03500,-13.405719,-23.936236,18.373563
23.04000,-13.931633,-24.425547,19.772497
23.04500,-14.453825,-24.834008,21.247592
23.05000,-14.968222,-25.148947,22.793096
23.05500,-15.470332,-25.357735,24.401130
23.06000,-15.955275,-25.448177,26.061562
23.06500,-16.417833,-25.408959,27.761947
23.07000,-16.852523,-25.230136,29.487567
23.07500,-17.253689,-24.903645,31.221578
23.08000,-17.615614,-24.423818,32.945282
23.08500,-17.932653,-23.787852,34.638532
23.09000,-18.199375,-22.996205,36.280263
23.09500,-18.410727,-22.052880,37.849129
23.10000,-18.562186,-20.965559,39.324227
23.10500,-18.649913,-19.745569,40.685858
23.11000,-18.670897,-18.407654,41.916288
23.11500,-18.623065,-16.969566,43.000446
23.12000,-18.505377,-15.451483,43.926513
23.12500,-18.317871,-13.875298,44.686363
23.13000,-18.061677,-12.263817,45.275807
23.13500,-17.738988,-10.639919,45.694647
23.14000,-17.352990,-9.025751,45.946519
23.14500,-16.907761,-7.441987,46.038562
23.15000,-16.408138,-5.907213,45.980929
23.15500,-15.859571,-4.437465,45.786202
23.16000,-15.267952,-3.045924,45.468743
23.16500,-14.639459,-1.742784,45.044035
23.17000,-13.980390,-0.535266,44.528050
23.17500,-13.297021,0.572238,43.936689
23.18000,-12.595467,1.577911,43.285297
23.18500,-11.881580,2.482205,42.588287
23.19000,-11.160854,3.287474,41.858862
23.19500,-10.438363,3.997615,41.108834
23.20000,-9.718710,4.617698,40.348533
23.20500,-9.006009,5.153636,39.586788
23.21000,-8.303865,5.611883,38.830969
23.21500,-7.615388,5.999176,38.087073
23.22000,-6.943206,6.322323,37.359835
23.22500,-6.289485,6.588030,36.652869
23.23000,-5.655966,6.802774,35.968798
23.23500,-5.043998,6.972704,35.309405
23.24000,-4.454571,7.103584,34.675763
23.24500,-3.888357,7.200750,34.068362
23.25000,-3.345747,7.269092,33.487222
23.25500,-2.826883,7.313056,32.931996
23.26000,-2.331697,7.336648,32.402056
23.26500,-1.859937,7.343461,31.896567
23.27000,-1.411200,7.336690,31.414553
23.27500,-0.984953,7.319166,30.954943
23.28000,-0.580561,7.293381,30.516619
23.28500,-0.197307,7.261523,30.098445
23.29000,0.165592,7.225499,29.699295
23.29500,0.508967,7.186968,29.318070
23.30000,0.833685,7.147365,28.953716
23.30500,1.140634,7.107925,28.605234
23.31000,1.430716,7.069708,28.271683
23.31500,1.704835,7.033618,27.952189
23.32000,1.963893,7.000421,27.645945
23.32500,2.208783,6.970764,27.352209
23.33000,2.440381,6.945186,27.070307
23.33500,2.659546,6.924135,26.799630
23.34000,2.867115,6.907979,26.539628
23.34500,3.063899,6.897014,26.289813
23.35000,3.250683,6.891477,26.049748
23.35500,3.428226,6.891549,25.819054
23.36000,3.597253,6.897367,25.597395
23.36500,3.758465,6.909029,25.384483
23.37000,3.912527,6.926596,25.180073
23.37500,4.060079,6.950100,24.983957
23.38000,4.201727,6.979547,24.795962
23.38500,4.338048,7.014920,24.615952
23.39000,4.469592,7.056184,24.443817
23.39500,4.596876,7.103285,24.279477
23.40000,4.720391,7.156154,24.122879
23.40500,4.840602,7.214709,23.973992
23.41000,4.957943,7.278856,23.832809
23.41500,5.072826,7.348491,23.699340
23.42000,5.185634,7.423496,23.573615
23.42500,5.296728,7.503749,23.455684
23.43000,5.406444,7.589113,23.345607
23.43500,5.515095,7.679445,23.243463
23.44000,5.622972,7.774593,23.149342
23.44500,5.730343,7.874395,23.063347
23.45000,5.837456,7.978678,22.985589
23.45500,5.944538,8.087259,22.916192
23.46000,6.051794,8.199948,22.855286
23.46500,6.159412,8.316537,22.803008
23.47000,6.267559,8.436812,22.759504
23.47500,6.376383,8.560542,22.724921
23.48000,6.486015,8.687482,22.699410
23.48500,6.596564,8.817375,22.683126
23.49000,6.708124,8.949945,22.676222
23.49500,6.820768,9.084901,22.678850
23.50000,6.934553,9.221933,22.691161
23.50500,7.049515,9.360713,22.713300
23.51000,7.165676,9.500893,22.745403
23.51500,7.283034,9.642105,22.787600
23.52000,7.401574,9.783960,22.840009
23.52500,7.521258,9.926046,22.902732
23.53000,7.642031,10.067930,22.975859
23.53500,7.763820,10.209157,23.059456
23.54000,7.886531,10.349250,23.153572
23.54500,8.010051,10.487710,23.258227
23.55000,8.134249,10.624015,23.373417
23.55500,8.258974,10.757624,23.499102
23.56000,8.384054,10.887976,23.635213
23.56500,8.509299,11.014495,23.781641
23.57000,8.634500,11.136584,23.938236
23.57500,8.759428,11.253637,24.104804
23.58000,8.883836,11.365037,24.281107
23.58500,9.007457,11.470158,24.466854
23.59000,9.130009,11.568373,24.661704
23.59500,9.251191,11.659053,24.865261
23.60000,9.370687,11.741577,25.077071
23.60500,9.488167,11.815334,25.296626
23.61000,9.603287,11.879729,25.523354
23.61500,9.715691,11.934189,25.756628
23.62000,9.825013,11.978170,25.995760
23.62500,9.930881,12.011161,26.240006
23.63000,10.032914,12.032692,26.488565
23.63500,10.130731,12.042343,26.740581
23.64000,10.223948,12.039744,26.995151
23.64500,10.312184,12.024589,27.251324
23.65000,10.395064,11.996634,27.508110
23.65500,10.472220,11.955710,27.764485
23.66000,10.543297,11.901722,28.019398
23.66500,10.607952,11.834657,28.271776
23.67000,10.665863,11.754583,28.520536
23.67500,10.716727,11.661658,28.764594
23.68000,10.760268,11.556123,29.002871
23.68500,10.796234,11.438310,29.234304
23.69000,10.824407,11.308635,29.457856
23.69500,10.844601,11.167600,29.672527
23.70000,10.856663,11.015787,29.877360
23.70500,10.860482,10.853855,30.071453
23.71000,10.855983,10.682533,30.253967
23.71500,10.843133,10.502614,30.424130
23.72000,10.821941,10.314947,30.581251
23.72500,10.792457,10.120429,30.724718
23.73000,10.754776,9.919996,30.854009
23.73500,10.709031,9.714613,30.968689
23.74000,10.655399,9.505262,31.068420
23.74500,10.594096,9.292939,31.152955
23.75000,10.525374,9.078636,31.222142
23.75500,10.449524,8.863335,31.275920
23.76000,10.366868,8.648002,31.314318
23.76500,10.277760,8.433571,31.337451
23.77000,10.182581,8.220945,31.345513
23.77500,10.081736,8.010981,31.338777
23.78000,9.975651,7.804490,31.317583
23.78500,9.864770,7.602228,31.282334
23.79000,9.749551,7.404896,31.233491
23.79500,9.630462,7.213131,31.171562
23.80000,9.507977,7.027510,31.097097
23.80500,9.382575,6.848545,31.010680
23.81000,9.254733,6.676684,30.912923
23.81500,9.124927,6.512313,30.804458
23.82000,8.993627,6.355754,30.685932
23.82500,8.861292,6.207270,30.557999
23.83000,8.728372,6.067069,30.421316
23.83500,8.595305,5.935300,30.276537
23.84000,8.462510,5.812066,30.124313
23.84500,8.330392,5.697420,29.965280
23.85000,8.199338,5.591373,29.800062
23.85500,8.069715,5.493898,29.629266
23.86000,7.941869,5.404931,29.453483
23.86500,7.816126,5.324379,29.273279
23.87000,7.692792,5.252122,29.089200
23.87500,7.572150,5.188017,28.901772
23.88000,7.454463,5.131901,28.711494
23.88500,7.339971,5.083598,28.518843
23.89000,7.228895,5.042917,28.324274
23.89500,7.121437,5.009660,28.128216
23.90000,7.017775,4.983621,27.931080
23.90500,6.918072,4.964590,27.733252
23.91000,6.822472,4.952358,27.535100
23.91500,6.731100,4.946715,27.336969
23.92000,6.644067,4.947452,27.139189
23.92500,6.561467,4.954366,26.942070
23.93000,6.483381,4.967259,26.745908
23.93500,6.409875,4.985938,26.550983
23.94000,6.341004,5.010219,26.357561
23.94500,6.276809,5.039925,26.165896
23.95000,6.217324,5.074889,25.976229
23.95500,6.162572,5.114949,25.788794
23.96000,6.112566,5.159958,25.603814
23.96500,6.067312,5.209773,25.421502
23.97000,6.026810,5.264263,25.242068
23.97500,5.991054,5.323306,25.065714
23.98000,5.960031,5.386788,24.892636
23.98500,5.933723,5.454605,24.723028
23.99000,5.912111,5.526658,24.557079
23.99500,5.895169,5.602859,24.394977
24.00000,5.882870,5.683125,24.236906
24.00500,5.875184,5.767381,24.083052
24.01000,5.872079,5.855557,23.933597
24.01500,5.873521,5.947587,23.788727
24.02000,5.879474,6.043411,23.648626
24.02500,5.889902,6.142972,23.513480
24.03000,5.904768,6.246215,23.383478
24.03500,5.924034,6.353088,23.258809
24.04000,5.947660,6.463537,23.139667
24.04500,5.975608,6.577511,23.026246
24.05000,6.007837,6.694956,22.918746
24.05500,6.044306,6.815815,22.817370
24.06000,6.084974,6.940031,22.722321
24.06500,6.129798,7.067538,22.633810
24.07000,6.178733,7.198268,22.552050
24.07500,6.231736,7.332143,22.477257
24.08000,6.288758,7.469080,22.409650
24.08500,6.349751,7.608983,22.349453
24.09000,6.414664,7.751749,22.296892
24.09500,6.483441,7.897260,22.252195
24.10000,6.556026,8.045386,22.215591
24.10500,6.632356,8.195982,22.187314
24.11000,6.712365,8.348887,22.167594
24.11500,6.795983,8.503923,22.156663
24.12000,6.883133,8.660891,22.154751
24.12500,6.973730,8.819574,22.162085
24.13000,7.067686,8.979732,22.178889
24.13500,7.164901,9.141103,22.205379
24.14000,7.265269,9.303400,22.241765
24.14500,7.368674,9.466312,22.288247
24.15000,7.474989,9.629501,22.345014
24.15500,7.584077,9.792601,22.412240
24.16000,7.695789,9.955219,22.490082
24.16500,7.809964,10.116935,22.578679
24.17000,7.926426,10.277298,22.678147
24.17500,8.044986,10.435830,22.788577
24.18000,8.165440,10.592024,22.910028
24.18500,8.287568,10.745346,23.042532
24.19000,8.411136,10.895233,23.186080
24.19500,8.535891,11.041099,23.340627
24.20000,8.661565,11.182334,23.506082
24.20500,8.787870,11.318306,23.682309
24.21000,8.914504,11.448365,23.869120
24.21500,9.041146,11.571846,24.066274
24.22000,9.167459,11.688073,24.273471
24.22500,9.293087,11.796365,24.490350
24.23000,9.417660,11.896037,24.716489
24.23500,9.540793,11.986409,24.951398
24.24000,9.662086,12.066813,25.194520
24.24500,9.781127,12.136595,25.445230
24.25000,9.897490,12.195127,25.702833
24.25500,10.010745,12.241812,25.966567
24.26000,10.120449,12.276092,26.235600
24.26500,10.226160,12.297455,26.509037
24.27000,10.327430,12.305443,26.785921
24.27500,10.423813,12.299663,27.065235
24.28000,10.514869,12.279789,27.345911
24.28500,10.600162,12.245572,27.626835
24.29000,10.679271,12.196849,27.906856
24.29500,10.751787,12.133541,28.184789
24.30000,10.817320,12.055667,28.459430
24.30500,10.875503,11.963341,28.729565
24.31000,10.925995,11.856778,28.993978
24.31500,10.968483,11.736293,29.251464
24.32000,11.002689,11.602304,29.500843
24.32500,11.028370,11.455326,29.740964
24.33000,11.045323,11.295970,29.970727
24.33500,11.053388,11.124942,30.189083
24.34000,11.052447,10.943030,30.395053
24.34500,11.042431,10.751101,30.587733
24.35000,11.023315,10.550093,30.766305
24.35500,10.995125,10.341003,30.930042
24.36000,10.957935,10.124878,31.078318
24.36500,10.911868,9.902801,31.210608
24.37000,10.857093,9.675886,31.326495
24.37500,10.793827,9.445259,31.425670
24.38000,10.722331,9.212049,31.507933
24.38500,10.642907,8.977377,31.573191
24.39000,10.555898,8.742347,31.621456
24.39500,10.461684,8.508028,31.652839
24.40000,10.360675,8.275455,31.667547
24.40500,10.253313,8.045610,31.665877
24.41000,10.140064,7.819424,31.648204
24.41500,10.021415,7.597764,31.614981
24.42000,9.897869,7.381430,31.566724
24.42500,9.769945,7.171151,31.504006
24.43000,9.638166,6.967585,31.427449
24.43500,9.503064,6.771314,31.337714
24.44000,9.365168,6.582844,31.235494
24.44500,9.225006,6.402608,31.121503
24.45000,9.083100,6.230967,30.996474
24.45500,8.939962,6.068211,30.861143
24.46000,8.796089,5.914564,30.716252
24.46500,8.651968,5.770185,30.562537
24.47000,8.508064,5.635176,30.400726
24.47500,8.364825,5.509585,30.231531
24.48000,8.222678,5.393408,30.055647
24.48500,8.082029,5.286599,29.873751
24.49000,7.943259,5.189070,29.686492
24.49500,7.806726,5.100700,29.494496
24.50000,7.672764,5.021337,29.298365
24.50500,7.541682,4.950803,29.098668
24.51000,7.413767,4.888902,28.895951
24.51500,7.289279,4.835417,28.690728
24.52000,7.168456,4.790121,28.483490
24.52500,7.051513,4.752776,28.274696
24.53000,6.938643,4.723141,28.064781
24.53500,6.830017,4.700968,27.854156
24.54000,6.725785,4.686010,27.643205
24.54500,6.626080,4.678024,27.432292
24.55000,6.531014,4.676767,27.221757
24.55500,6.440684,4.682006,27.011923
24.56000,6.355171,4.693512,26.803091
24.56500,6.274538,4.711065,26.595547
24.57000,6.198838,4.734456,26.389561
24.57500,6.128111,4.763484,26.185389
24.58000,6.062383,4.797961,25.983275
24.58500,6.001673,4.837709,25.783448
24.59000,5.945988,4.882560,25.586132
24.59500,5.895329,4.932362,25.391537
24.60000,5.849688,4.986968,25.199870
24.60500,5.809051,5.046249,25.011328
24.61000,5.773400,5.110081,24.826104
24.61500,5.742711,5.178354,24.644386
24.62000,5.716955,5.250968,24.466359
24.62500,5.696101,5.327832,24.292206
24.63000,5.680116,5.408864,24.122106
24.63500,5.668964,5.493989,23.956239
24.64000,5.662606,5.583142,23.794785
24.64500,5.661004,5.676264,23.637923
24.65000,5.664119,5.773300,23.485834
24.65500,5.671909,5.874203,23.338702
24.66000,5.684334,5.978929,23.196711
24.66500,5.701355,6.087436,23.060048
24.67000,5.722929,6.199686,22.928907
24.67500,5.749017,6.315642,22.803480
24.68000,5.779578,6.435266,22.683968
24.68500,5.814572,6.558520,22.570574
24.69000,5.853960,6.685365,22.463506
24.69500,5.897699,6.815756,22.362978
24.70000,5.945752,6.949645,22.269207
24.70500,5.998075,7.086979,22.182416
24.71000,6.054628,7.227696,22.102835
24.71500,6.115367,7.371729,22.030696
24.72000,6.180249,7.518996,21.966238
24.72500,6.249226,7.669408,21.909704
24.73000,6.322250,7.822861,21.861341
24.73500,6.399269,7.979239,21.821400
24.74000,6.480228,8.138407,21.790135
24.74500,6.565067,8.300215,21.767803
24.75000,6.653721,8.464493,21.754661
24.75500,6.746119,8.631050,21.750968
24.76000,6.842187,8.799675,21.756982
24.76500,6.941839,8.970130,21.772957
24.77000,7.044984,9.142153,21.799145
24.77500,7.151521,9.315456,21.835790
24.78000,7.261339,9.489723,21.883131
24.78500,7.374317,9.664605,21.941395
24.79000,7.490321,9.839726,22.010795
24.79500,7.609206,10.014677,22.091531
24.80000,7.730813,10.189014,22.183781
24.80500,7.854966,10.362263,22.287705
24.81000,7.981477,10.533915,22.403434
24.81500,8.110138,10.703426,22.531071
24.82000,8.240728,10.870221,22.670686
24.82500,8.373004,11.033690,22.822309
24.83000,8.506707,11.193194,22.985931
24.83500,8.641556,11.348062,23.161496
24.84000,8.777254,11.497599,23.348896
24.84500,8.913481,11.641081,23.547968
24.85000,9.049898,11.777768,23.758491
24.85500,9.186145,11.906901,23.980178
24.86000,9.321844,12.027708,24.212675
24.86500,9.456596,12.139413,24.455557
24.87000,9.589984,12.241239,24.708323
24.87500,9.721574,12.332417,24.970395
24.88000,9.850915,12.412192,25.241118
24.88500,9.977544,12.479831,25.519754
24.89000,10.100983,12.534634,25.805486
24.89500,10.220745,12.575939,26.097417
24.90000,10.336337,12.603138,26.394572
24.90500,10.447259,12.615677,26.695903
24.91000,10.553012,12.613075,27.000290
24.91500,10.653100,12.594925,27.306550
24.92000,10.747033,12.560909,27.613443
24.92500,10.834330,12.510801,27.919679
24.93000,10.914528,12.444479,28.223931
24.93500,10.987181,12.361929,28.524841
24.94000,11.051867,12.263247,28.821037
24.94500,11.108193,12.148647,29.111139
24.95000,11.155798,12.018463,29.393782
24.95500,11.194358,11.873145,29.667617
24.96000,11.223589,11.713261,29.931339
24.96500,11.243253,11.539493,30.183687
24.97000,11.253157,11.352630,30.423468
24.97500,11.253162,11.153563,30.649565
24.98000,11.243177,10.943277,30.860948
24.98500,11.223169,10.722837,31.056686
24.99000,11.193160,10.493381,31.235956
24.99500,11.153227,10.256104,31.398052
25.00000,11.103502,10.012247,31.542386
25.00500,11.044173,9.763080,31.668499
25.01000,10.975481,9.509892,31.776054
25.01500,10.897719,9.253970,31.864846
25.02000,10.811228,8.996595,31.934790
25.02500,10.716392,8.739018,31.985926
25.03000,10.613639,8.482455,32.018410
25.03500,10.503434,8.228073,32.032505
25.04000,10.386274,7.976981,32.028578
25.04500,10.262684,7.730219,32.007088
25.05000,10.133214,7.488753,31.968577
25.05500,9.998430,7.253469,31.913660
25.06000,9.858913,7.025167,31.843014
25.06500,9.715253,6.804561,31.757369
25.07000,9.568042,6.592277,31.657494
25.07500,9.417873,6.388852,31.544192
25.08000,9.265335,6.194737,31.418287
25.08500,9.111005,6.010297,31.280615
25.09000,8.955450,5.835819,31.132016
25.09500,8.799222,5.671510,30.973329
25.10000,8.642853,5.517508,30.805383
25.10500,8.486855,5.373883,30.628991
25.11000,8.331715,5.240645,30.444944
25.11500,8.177898,5.117747,30.254013
25.12000,8.025841,5.005097,30.056937
25.12500,7.875956,4.902558,29.854427
25.13000,7.728625,4.809954,29.647163
25.13500,7.584203,4.727082,29.435789
25.14000,7.443017,4.653709,29.220918
25.14500,7.305367,4.589585,29.003128
25.15000,7.171525,4.534440,28.782964
25.15500,7.041736,4.487995,28.560936
25.16000,6.916220,4.449964,28.337526
25.16500,6.795171,4.420054,28.113183
25.17000,6.678761,4.397975,27.888327
25.17500,6.567138,4.383437,27.663351
25.18000,6.460430,4.376155,27.438622
25.18500,6.358744,4.375852,27.214484
25.19000,6.262168,4.382257,26.991255
25.19500,6.170774,4.395114,26.769238
25.20000,6.084618,4.414173,26.548712
25.20500,6.003741,4.439201,26.329943
25.21000,5.928171,4.469976,26.113179
25.21500,5.857925,4.506288,25.898656
25.22000,5.793008,4.547945,25.686596
25.22500,5.733416,4.594767,25.477212
25.23000,5.679137,4.646587,25.270707
25.23500,5.630153,4.703253,25.067276
25.24000,5.586438,4.764627,24.867108
25.24500,5.547961,4.830584,24.670387
25.25000,5.514688,4.901012,24.477289
25.25500,5.486580,4.975809,24.287992
25.26000,5.463597,5.054888,24.102669
25.26500,5.445695,5.138170,23.921490
25.27000,5.432830,5.225589,23.744629
25.27500,5.424956,5.317084,23.572255
25.28000,5.422027,5.412605,23.404542
25.28500,5.423998,5.512111,23.241665
25.29000,5.430823,5.615565,23.083801
25.29500,5.442457,5.722936,22.931129
25.30000,5.458857,5.834199,22.783835
25.30500,5.479977,5.949330,22.642105
25.31000,5.505778,6.068311,22.506132
25.31500,5.536217,6.191121,22.376116
25.32000,5.571255,6.317744,22.252259
25.32500,5.610853,6.448158,22.134771
25.33000,5.654973,6.582344,22.023868
25.33500,5.703578,6.720275,21.919773
25.34000,5.756631,6.861921,21.822714
25.34500,5.814095,7.007246,21.732929
25.35000,5.875934,7.156206,21.650660
25.35500,5.942109,7.308747,21.576156
25.36000,6.012584,7.464807,21.509676
25.36500,6.087318,7.624308,21.451482
25.37000,6.166269,7.787160,21.401843
25.37500,6.249392,7.953258,21.361036
25.38000,6.336639,8.122478,21.329340
25.38500,6.427958,8.294678,21.307041
25.39000,6.523291,8.469694,21.294427
25.39500,6.622576,8.647339,21.291790
25.40000,6.725743,8.827402,21.299420
25.40500,6.832715,9.009645,21.317610
25.41000,6.943406,9.193800,21.346650
25.41500,7.057721,9.379571,21.386823
25.42000,7.175554,9.566629,21.438410
25.42500,7.296787,9.754608,21.501679
25.43000,7.421290,9.943112,21.576888
25.43500,7.548918,10.131703,21.664281
25.44000,7.679513,10.319909,21.764080
25.44500,7.812897,10.507215,21.876487
25.45000,7.948877,10.693069,22.001678
25.45500,8.087242,10.876879,22.139797
25.46000,8.227760,11.058012,22.290953
25.46500,8.370180,11.235795,22.455214
25.47000,8.514227,11.409520,22.632603
25.47500,8.659607,11.578438,22.823092
25.48000,8.806000,11.741770,23.026596
25.48500,8.953066,11.898703,23.242970
25.49000,9.100438,12.048399,23.471999
25.49500,9.247728,12.189996,23.713399
25.50000,9.394524,12.322617,23.966805
25.50500,9.540389,12.445372,24.231773
25.51000,9.684866,12.557370,24.507770
25.51500,9.827476,12.657722,24.794174
25.52000,9.967721,12.745556,25.090272
25.52500,10.105085,12.820022,25.395256
25.53000,10.239035,12.880302,25.708223
25.53500,10.369028,12.925626,26.028174
25.54000,10.494509,12.955277,26.354022
25.54500,10.614917,12.968607,26.684586
25.55000,10.729690,12.965045,27.018605
25.55500,10.838266,12.944113,27.354740
25.56000,10.940091,12.905431,27.691583
25.56500,11.034622,12.848730,28.027666
25.57000,11.121330,12.773862,28.361476
25.57500,11.199710,12.680805,28.691463
25.58000,11.269285,12.569672,29.016059
25.58500,11.329606,12.440712,29.333690
25.59000,11.380266,12.294317,29.642793
25.59500,11.420896,12.131015,29.941836
25.60000,11.451179,11.951477,30.229328
25.60500,11.470846,11.756506,30.503841
25.61000,11.479684,11.547031,30.764027
25.61500,11.477539,11.324102,31.008628
25.62000,11.464320,11.088876,31.236494
25.62500,11.439996,10.842603,31.446597
25.63000,11.404603,10.586615,31.638034
25.63500,11.358241,10.322308,31.810047
25.64000,11.301075,10.051125,31.962018
25.64500,11.233333,9.774541,32.093481
25.65000,11.155302,9.494041,32.204118
25.65500,11.067332,9.211110,32.293762
25.66000,10.969823,8.927207,32.362392
25.66500,10.863229,8.643758,32.410127
25.67000,10.748050,8.362135,32.437219
25.67500,10.624824,8.083647,32.444046
25.68000,10.494129,7.809524,32.431099
25.68500,10.356570,7.540913,32.398972
25.69000,10.212777,7.278867,32.348348
25.69500,10.063398,7.024338,32.279989
25.70000,9.909093,6.778177,32.194720
25.70500,9.750529,6.541128,32.093419
25.71000,9.588375,6.313831,31.977001
25.71500,9.423295,6.096822,31.846410
25.72000,9.255944,5.890533,31.702606
25.72500,9.086965,5.695302,31.546554
25.73000,8.916983,5.511372,31.379214
25.73500,8.746602,5.338903,31.201537
25.74000,8.576402,5.177971,31.014452
25.74500,8.406939,5.028582,30.818865
25.75000,8.238737,4.890674,30.615652
25.75500,8.072293,4.764130,30.405652
25.76000,7.908070,4.648777,30.189670
25.76500,7.746502,4.544403,29.968471
25.77000,7.587988,4.450756,29.742778
25.77500,7.432896,4.367556,29.513274
25.78000,7.281561,4.294496,29.280600
25.78500,7.134286,4.231253,29.045358
25.79000,6.991343,4.177491,28.808107
25.79500,6.852976,4.132865,28.569372
25.80000,6.719399,4.097027,28.329638
25.80500,6.590797,4.069629,28.089355
25.81000,6.467331,4.050327,27.848943
25.81500,6.349138,4.038784,27.608789
25.82000,6.236330,4.034670,27.369252
25.82500,6.128999,4.037669,27.130665
25.83000,6.027218,4.047476,26.893336
25.83500,5.931040,4.063801,26.657551
25.84000,5.840504,4.086370,26.423579
25.84500,5.755632,4.114925,26.191667
25.85000,5.676434,4.149225,25.962050
25.85500,5.602909,4.189044,25.734945
25.86000,5.535042,4.234177,25.510560
25.86500,5.472814,4.284433,25.289091
25.87000,5.416193,4.339641,25.070724
25.87500,5.365145,4.399643,24.855640
25.88000,5.319628,4.464300,24.644011
25.88500,5.279597,4.533487,24.436006
25.89000,5.245001,4.607095,24.231788
25.89500,5.215788,4.685030,24.031521
25.90000,5.191907,4.767208,23.835362
25.90500,5.173300,4.853561,23.643473
25.91000,5.159914,4.944031,23.456012
25.91500,5.151694,5.038572,23.273141
25.92000,5.148584,5.137148,23.095022
25.92500,5.150532,5.239730,22.921820
25.93000,5.157487,5.346298,22.753704
25.93500,5.169397,5.456841,22.590847
25.94000,5.186216,5.571349,22.433427
25.94500,5.207896,5.689821,22.281627
25.95000,5.234394,5.812259,22.135634
25.95500,5.265669,5.938664,21.995646
25.96000,5.301681,6.069043,21.861863
25.96500,5.342393,6.203400,21.734495
25.97000,5.387770,6.341738,21.613760
25.97500,5.437779,6.484058,21.499883
25.98000,5.492388,6.630357,21.393098
25.98500,5.551566,6.780627,21.293648
25.99000,5.615284,6.934852,21.201784
25.99500,5.683513,7.093008,21.117767
26.00000,5.756224,7.255061,21.041867
26.00500,5.833387,7.420966,20.974362
26.01000,5.914971,7.590662,20.915541
26.01500,6.000945,7.764075,20.865700
26.02000,6.091272,7.941113,20.825144
26.02500,6.185915,8.121663,20.794183
26.03000,6.284832,8.305594,20.773139
26.03500,6.387975,8.492747,20.762335
26.04000,6.495290,8.682941,20.762102
26.04500,6.606718,8.875965,20.772773
26.05000,6.722191,9.071579,20.794683
26.05500,6.841630,9.269508,20.828168
26.06000,6.964947,9.469445,20.873561
26.06500,7.092044,9.671045,20.931190
26.07000,7.222808,9.873923,21.001376
26.07500,7.357111,10.077654,21.084429
26.08000,7.494812,10.281769,21.180644
26.08500,7.635751,10.485755,21.290300
26.09000,7.779750,10.689053,21.413650
26.09500,7.926612,10.891056,21.550921
26.10000,8.076118,11.091110,21.702309
26.10500,8.228027,11.288512,21.867969
26.11000,8.382074,11.482512,22.048015
26.11500,8.537970,11.672313,22.242507
26.12000,8.695399,11.857074,22.451451
26.12500,8.854019,12.035909,22.674791
26.13000,9.013460,12.207896,22.912397
26.13500,9.173325,12.372074,23.164066
26.14000,9.333188,12.527457,23.429509
26.14500,9.492596,12.673032,23.708348
26.15000,9.651067,12.807771,24.000111
26.15500,9.808093,12.930641,24.304223
26.16000,9.963139,13.040608,24.620003
26.16500,10.115650,13.136652,24.946662
26.17000,10.265043,13.217780,25.283297
26.17500,10.410721,13.283033,25.628894
26.18000,10.552067,13.331506,25.982324
26.18500,10.688453,13.362356,26.342350
26.19000,10.819244,13.374820,26.707625
26.19500,10.943797,13.368227,27.076703
26.20000,11.061474,13.342013,27.448043
26.20500,11.171642,13.295735,27.820025
26.21000,11.273679,13.229081,28.190953
26.21500,11.366985,13.141886,28.559079
26.22000,11.450982,13.034134,28.922612
26.22500,11.525124,12.905973,29.279739
26.23000,11.588904,12.757715,29.628644
26.23500,11.641859,12.589842,29.967526
26.24000,11.683574,12.403005,30.294622
26.24500,11.713692,12.198017,30.608227
26.25000,11.731918,11.975856,30.906713
26.25500,11.738021,11.737645,31.188554
26.26000,11.731839,11.484649,31.452336
26.26500,11.713285,11.218258,31.696783
26.27000,11.682344,10.939967,31.920765
26.27500,11.639080,10.651363,32.123312
26.28000,11.583631,10.354099,32.303626
26.28500,11.516211,10.049879,32.461085
26.29000,11.437106,9.740431,32.595245
26.29500,11.346674,9.427488,32.705844
26.30000,11.245339,9.112766,32.792796
26.30500,11.133589,8.797946,32.856187
26.31000,11.011965,8.484649,32.896268
26.31500,10.881063,8.174427,32.913439
26.32000,10.741521,7.868742,32.908243
26.32500,10.594016,7.568956,32.881351
26.33000,10.439255,7.276319,32.833541
26.33500,10.277970,6.991964,32.765689
26.34000,10.110906,6.716898,32.678751
26.34500,9.938822,6.452003,32.573743
26.35000,9.762477,6.198032,32.451732
26.35500,9.582629,5.955612,32.313815
26.36000,9.400023,5.725247,32.161109
26.36500,9.215392,5.507324,31.994734
26.37000,9.029450,5.302117,31.815807
26.37500,8.842884,5.109797,31.625427
26.38000,8.656357,4.930436,31.424669
26.38500,8.470497,4.764022,31.214573
26.39000,8.285902,4.610463,30.996144
26.39500,8.103134,4.469596,30.770340
26.40000,7.922717,4.341199,30.538075
26.40500,7.745138,4.225001,30.300212
26.41000,7.570847,4.120683,30.057564
26.41500,7.400253,4.027897,29.810893
26.42000,7.233729,3.946264,29.560910
26.42500,7.071612,3.875387,29.308276
26.43000,6.914201,3.814855,29.053605
26.43500,6.761760,3.764250,28.797462
26.44000,6.614521,3.723150,28.540369
26.44500,6.472684,3.691137,28.282807
26.45000,6.336418,3.667797,28.025217
26.45500,6.205865,3.652728,27.768004
26.46000,6.081139,3.645539,27.511539
26.46500,5.962331,3.645854,27.256162
26.47000,5.849510,3.653314,27.002186
26.47500,5.742724,3.667578,26.749896
26.48000,5.642003,3.688325,26.499558
26.48500,5.547358,3.715253,26.251415
26.49000,5.458789,3.748083,26.005691
26.49500,5.376281,3.786554,25.762597
26.50000,5.299806,3.830430,25.522327
26.50500,5.229330,3.879493,25.285066
26.51000,5.164806,3.933546,25.050987
26.51500,5.106185,3.992413,24.820254
26.52000,5.053409,4.055936,24.593025
26.52500,5.006417,4.123979,24.369453
26.53000,4.965144,4.196420,24.149685
26.53500,4.929522,4.273157,23.933867
26.54000,4.899484,4.354103,23.722142
26.54500,4.874961,4.439187,23.514653
26.55000,4.855884,4.528353,23.311541
26.55500,4.842186,4.621558,23.112952
26.56000,4.833799,4.718769,22.919029
26.56500,4.830662,4.819969,22.729923
26.57000,4.832710,4.925148,22.545786
26.57500,4.839886,5.034306,22.366774
26.58000,4.852134,5.147451,22.193048
26.58500,4.869401,5.264598,22.024777
26.59000,4.891638,5.385770,21.862134
26.59500,4.918800,5.510992,21.705301
26.60000,4.950844,5.640294,21.554465
26.60500,4.987732,5.773709,21.409824
26.61000,5.029430,5.911269,21.271584
26.61500,5.075906,6.053008,21.139958
26.62000,5.127132,6.198958,21.015173
26.62500,5.183081,6.349149,20.897463
26.63000,5.243731,6.503604,20.787073
26.63500,5.309062,6.662345,20.684260
26.64000,5.379053,6.825381,20.589292
26.64500,5.453689,6.992716,20.502448
26.65000,5.532951,7.164342,20.424020
26.65500,5.616822,7.340239,20.354310
26.66000,5.705286,7.520370,20.293633
26.66500,5.798324,7.704685,20.242315
26.67000,5.895915,7.893112,20.200695
26.67500,5.998035,8.085560,20.169119
26.68000,6.104657,8.281913,20.147948
26.68500,6.215749,8.482030,20.137547
26.69000,6.331272,8.685741,20.138295
26.69500,6.451180,8.892846,20.150573
26.70000,6.575419,9.103109,20.174770
26.70500,6.703926,9.316260,20.211277
26.71000,6.836625,9.531986,20.260488
26.71500,6.973430,9.749936,20.322793
26.72000,7.114240,9.969711,20.398580
26.72500,7.258936,10.190866,20.488225
26.73000,7.407385,10.412904,20.592095
26.73500,7.559433,10.635277,20.710539
26.74000,7.714908,10.857382,20.843886
26.74500,7.873611,11.078561,20.992434
26.75000,8.035325,11.298097,21.156453
26.75500,8.199802,11.515213,21.336170
26.76000,8.366770,11.729078,21.531765
26.76500,8.535927,11.938798,21.743367
26.77000,8.706942,12.143426,21.971040
26.77500,8.879449,12.341959,22.214779
26.78000,9.053055,12.533343,22.474502
26.78500,9.227330,12.716478,22.750038
26.79000,9.401810,12.890223,23.041120
26.79500,9.576000,13.053404,23.347381
26.80000,9.749368,13.204821,23.668338
26.80500,9.921352,13.343259,24.003391
26.81000,10.091355,13.467500,24.351816
26.81500,10.258753,13.576335,24.712755
26.82000,10.422891,13.668577,25.085218
26.82500,10.583091,13.743079,25.468078
26.83000,10.738653,13.798749,25.860067
26.83500,10.888859,13.834565,26.259786
26.84000,11.032979,13.849599,26.665700
26.84500,11.170275,13.843028,27.076151
26.85000,11.300008,13.814156,27.489364
26.85500,11.421447,13.762430,27.903460
26.86000,11.533869,13.687455,28.316471
26.86500,11.636576,13.589011,28.726357
26.87000,11.728894,13.467062,29.131026
26.87500,11.810187,13.321770,29.528357
26.88000,11.879863,13.153498,29.916221
26.88500,11.937380,12.962815,30.292511
26.89000,11.982256,12.750497,30.655164
26.89500,12.014077,12.517521,31.002188
26.90000,12.032499,12.265058,31.331691
26.90500,12.037258,11.994465,31.641902
26.91000,12.028174,11.707262,31.931197
26.91500,12.005151,11.405121,32.198117
26.92000,11.968184,11.089839,32.441390
26.92500,11.917360,10.763317,32.659942
26.93000,11.852853,10.427533,32.852909
26.93500,11.774931,10.084515,33.019646
26.94000,11.683943,9.736313,33.159725
26.94500,11.580326,9.384971,33.272938
26.95000,11.464591,9.032503,33.359293
26.95500,11.337323,8.680865,33.419000
26.96000,11.199172,8.331935,33.452463
26.96500,11.050844,7.987489,33.460264
26.97000,10.893096,7.649187,33.443147
26.97500,10.726725,7.318556,33.401997
26.98000,10.552560,6.996981,33.337823
26.98500,10.371454,6.685695,33.251734
26.99000,10.184275,6.385776,33.144923
26.99500,9.991896,6.098145,33.018641
27.00000,9.795190,5.823566,32.874182
27.00500,9.595019,5.562653,32.712867
27.01000,9.392232,5.315871,32.536018
27.01500,9.187654,5.083548,32.344955
27.02000,8.982083,4.865882,32.140972
27.02500,8.776284,4.662951,31.925335
27.03000,8.570986,4.474727,31.699263
27.03500,8.366881,4.301084,31.463931
27.04000,8.164615,4.141810,31.220454
27.04500,7.964794,3.996622,30.969891
27.05000,7.767977,3.865173,30.713234
27.05500,7.574678,3.747067,30.451416
27.06000,7.385365,3.641864,30.185303
27.06500,7.200461,3.549095,29.915697
27.07000,7.020347,3.468267,29.643339
27.07500,6.845358,3.398873,29.368909
27.08000,6.675790,3.340399,29.093032
27.08500,6.511898,3.292329,28.816274
27.09000,6.353900,3.254152,28.539155
27.09500,6.201979,3.225365,28.262145
27.10000,6.056283,3.205480,27.985670
27.10500,5.916933,3.194024,27.710116
27.11000,5.784018,3.190544,27.435832
27.11500,5.657603,3.194610,27.163135
27.12000,5.537729,3.205813,26.892311
27.12500,5.424415,3.223769,26.623618
27.13000,5.317661,3.248120,26.357293
27.13500,5.217452,3.278535,26.093550
27.14000,5.123757,3.314705,25.832584
27.14500,5.036531,3.356352,25.574576
27.15000,4.955719,3.403218,25.319692
27.15500,4.881258,3.455075,25.068088
27.16000,4.813076,3.511717,24.819908
27.16500,4.751095,3.572962,24.575290
27.17000,4.695235,3.638649,24.334364
27.17500,4.645408,3.708643,24.097258
27.18000,4.601529,3.782826,23.864093
27.18500,4.563508,3.861100,23.634990
27.19000,4.531259,3.943389,23.410068
27.19500,4.504692,4.029631,23.189446
27.20000,4.483724,4.119781,22.973245
27.20500,4.468271,4.213812,22.761587
27.21000,4.458252,4.311707,22.554596
27.21500,4.453592,4.413466,22.352401
27.22000,4.454216,4.519099,22.155135
27.22500,4.460058,4.628627,21.962935
27.23000,4.471053,4.742081,21.775945
27.23500,4.487142,4.859501,21.594315
27.24000,4.508271,4.980935,21.418203
27.24500,4.534393,5.106436,21.247774
27.25000,4.565462,5.236064,21.083201
27.25500,4.601441,5.369881,20.924668
27.26000,4.642296,5.507954,20.772368
27.26500,4.687998,5.650352,20.626504
27.27000,4.738524,5.797143,20.487290
27.27500,4.793854,5.948395,20.354952
27.28000,4.853974,6.104173,20.229730
27.28500,4.918871,6.264540,20.111874
27.29000,4.988538,6.429552,20.001648
27.29500,5.062971,6.599261,19.899332
27.30000,5.142167,6.773707,19.805218
27.30500,5.226125,6.952922,19.719613
27.31000,5.314847,7.136925,19.642840
27.31500,5.408334,7.325722,19.575236
27.32000,5.506586,7.519300,19.517153
27.32500,5.609605,7.717630,19.468960
27.33000,5.717388,7.920660,19.431040
27.33500,5.829930,8.128315,19.403789
27.34000,5.947222,8.340492,19.387620
27.34500,6.069251,8.557058,19.382957
27.35000,6.195995,8.777850,19.390238
27.35500,6.327425,9.002667,19.409910
27.36000,6.463505,9.231268,19.442431
27.36500,6.604184,9.463371,19.488265
27.37000,6.749401,9.698647,19.547879
27.37500,6.899080,9.936717,19.621745
27.38000,7.053131,10.177149,19.710330
27.38500,7.211443,10.419454,19.814096
27.39000,7.373885,10.663083,19.933495
27.39500,7.540308,10.907423,20.068962
27.40000,7.710534,11.151796,20.220910
27.40500,7.884362,11.395454,20.389724
27.41000,8.061562,11.637579,20.575752
27.41500,8.241872,11.877279,20.779301
27.42000,8.424999,12.113593,21.000622
27.42500,8.610616,12.345484,21.239907
27.43000,8.798358,12.571843,21.497273
27.43500,8.987824,12.791495,21.772759
27.44000,9.178571,13.003197,22.066308
27.44500,9.370119,13.205648,22.377760
27.45000,9.561943,13.397491,22.706841
27.45500,9.753478,13.577329,23.053150
27.46000,9.944119,13.743726,23.416150
27.46500,10.133216,13.895228,23.795159
27.47000,10.320084,14.030372,24.189340
27.47500,10.503998,14.147706,24.597695
27.48000,10.684196,14.245804,25.019059
27.48500,10.859890,14.323288,25.452096
27.49000,11.030259,14.378848,25.895299
27.49500,11.194466,14.411265,26.346993
27.50000,11.351652,14.419434,26.805337
27.50500,11.500955,14.402387,27.268338
27.51000,11.641507,14.359318,27.733859
27.51500,11.772452,14.289601,28.199636
27.52000,11.892945,14.192815,28.663299
27.52500,12.002172,14.068759,29.122396
27.53000,12.099351,13.917468,29.574415
27.53500,12.183747,13.739227,30.016820
27.54000,12.254683,13.534575,30.447079
27.54500,12.311544,13.304309,30.862695
27.55000,12.353793,13.049483,31.261247
27.55500,12.380976,12.771401,31.640417
27.56000,12.392731,12.471601,31.998027
27.56500,12.388792,12.151840,32.332070
27.57000,12.369000,11.814073,32.640737
27.57500,12.333300,11.460420,32.922444
27.58000,12.281749,11.093142,33.175849
27.58500,12.214513,10.714606,33.399870
27.59000,12.131868,10.327249,33.593697
27.59500,12.034196,9.933540,33.756793
27.60000,11.921980,9.535949,33.888895
27.60500,11.795801,9.136909,33.990009
27.61000,11.656328,8.738784,34.060396
27.61500,11.504309,8.343837,34.100559
27.62000,11.340565,7.954208,34.111225
27.62500,11.165976,7.571884,34.093318
27.63000,10.981473,7.198688,34.047938
27.63500,10.788026,6.836260,33.976333
27.64000,10.586633,6.486048,33.879874
27.64500,10.378308,6.149303,33.760025
27.65000,10.164073,5.827080,33.618320
27.65500,9.944947,5.520236,33.456336
27.66000,9.721934,5.229440,33.275669
27.66500,9.496021,4.955178,33.077917
27.67000,9.268163,4.697766,32.864657
27.67500,9.039282,4.457363,32.637430
27.68000,8.810258,4.233984,32.397727
27.68500,8.581925,4.027514,32.146981
27.69000,8.355070,3.837725,31.886555
27.69500,8.130426,3.664289,31.617734
27.70000,7.908674,3.506795,31.341726
27.70500,7.690438,3.364764,31.059657
27.71000,7.476287,3.237660,30.772567
27.71500,7.266737,3.124904,30.481418
27.72000,7.062249,3.025886,30.187088
27.72500,6.863228,2.939975,29.890379
27.73000,6.670034,2.866530,29.592019
27.73500,6.482973,2.804907,29.292665
27.74000,6.302307,2.754466,28.992910
27.74500,6.128254,2.714579,28.693283
27.75000,5.960992,2.684633,28.394261
27.75500,5.800659,2.664037,28.096267
27.76000,5.647359,2.652224,27.799677
27.76500,5.501164,2.648653,27.504828
27.77000,5.362118,2.652812,27.212015
27.77500,5.230235,2.664222,26.921504
27.78000,5.105510,2.682434,26.633527
27.78500,4.987915,2.707030,26.348294
27.79000,4.877404,2.737626,26.065989
27.79500,4.773914,2.773871,25.786778
27.80000,4.677372,2.815443,25.510811
27.80500,4.587691,2.862054,25.238221
27.81000,4.504775,2.913443,24.969133
27.81500,4.428523,2.969381,24.703658
27.82000,4.358825,3.029666,24.441902
27.82500,4.295569,3.094122,24.183964
27.83000,4.238641,3.162599,23.929937
27.83500,4.187926,3.234973,23.679913
27.84000,4.143308,3.311141,23.433981
27.84500,4.104672,3.391023,23.192227
27.85000,4.071906,3.474558,22.954741
27.85500,4.044901,3.561705,22.721611
27.86000,4.023552,3.652441,22.492930
27.86500,4.007757,3.746761,22.268790
27.87000,3.997421,3.844672,22.049290
27.87500,3.992453,3.946199,21.834531
27.88000,3.992768,4.051378,21.624622
27.88500,3.998289,4.160257,21.419676
27.89000,4.008942,4.272897,21.219811
27.89500,4.024664,4.389367,21.025156
27.90000,4.045394,4.509745,20.835844
27.90500,4.071083,4.634118,20.652019
27.91000,4.101684,4.762578,20.473835
27.91500,4.137161,4.895225,20.301452
27.92000,4.177481,5.032163,20.135045
27.92500,4.222622,5.173497,19.974799
27.93000,4.272564,5.319338,19.820909
27.93500,4.327296,5.469798,19.673585
27.94000,4.386813,5.624986,19.533051
27.94500,4.451115,5.785013,19.399543
27.95000,4.520206,5.949987,19.273314
27.95500,4.594097,6.120011,19.154632
27.96000,4.672803,6.295184,19.043781
27.96500,4.756342,6.475595,18.941063
27.97000,4.844736,6.661327,18.846797
27.97500,4.938009,6.852452,18.761321
27.98000,5.036189,7.049027,18.684992
27.98500,5.139303,7.251094,18.618185
27.99000,5.247378,7.458681,18.561298
27.99500,5.360442,7.671790,18.514745
28.00000,5.478521,7.890404,18.478962
28.00500,5.601637,8.114478,18.454405
28.01000,5.729810,8.343939,18.441550
28.01500,5.863054,8.578679,18.440890
28.02000,6.001374,8.818553,18.452939
28.02500,6.144769,9.063379,18.478225
28.03000,6.293229,9.312926,18.517294
28.03500,6.446729,9.566917,18.570702
28.04000,6.605233,9.825019,18.639019
28.04500,6.768687,10.086841,18.722820
28.05000,6.937021,10.351931,18.822684
28.05500,7.110144,10.619769,18.939190
28.06000,7.287942,10.889760,19.072909
28.06500,7.470275,11.161236,19.224402
28.07000,7.656977,11.433445,19.394210
28.07500,7.847851,11.705552,19.582845
28.08000,8.042665,11.976632,19.790787
28.08500,8.241152,12.245671,20.018467
28.09000,8.443008,12.511561,20.266260
28.09500,8.647885,12.773100,20.534475
28.10000,8.855392,13.028993,20.823338
28.10500,9.065091,13.277854,21.132982
28.11000,9.276498,13.518210,21.463430
28.11500,9.489075,13.748505,21.814585
28.12000,9.702236,13.967109,22.186211
28.12500,9.915340,14.172328,22.577918
28.13000,10.127695,14.362415,22.989153
28.13500,10.338555,14.535588,23.419179
28.14000,10.547125,14.690048,23.867069
28.14500,10.752558,14.823997,24.331690
28.15000,10.953964,14.935662,24.811699
28.15500,11.150410,15.023324,25.305534
28.16000,11.340927,15.085342,25.811416
28.16500,11.524514,15.120187,26.327345
28.17000,11.700150,15.126469,26.851110
28.17500,11.866799,15.102970,27.380299
28.18000,12.023421,15.048677,27.912313
28.18500,12.168983,14.962808,28.444390
28.19000,12.302470,14.844844,28.973630
28.19500,12.422899,14.694551,29.497025
28.20000,12.529330,14.512002,30.011498
28.20500,12.620883,14.297590,30.513938
28.21000,12.696744,14.052042,31.001249
28.21500,12.756185,13.776418,31.470390
28.22000,12.798573,13.472106,31.918426
28.22500,12.823381,13.140815,32.342570
28.23000,12.830200,12.784550,32.740226
28.23500,12.818743,12.405591,33.109036
28.24000,12.788855,12.006456,33.446911
28.24500,12.740519,11.589865,33.752064
28.25000,12.673853,11.158696,34.023035
28.25500,12.589112,10.715938,34.258706
28.26000,12.486688,10.264644,34.458315
28.26500,12.367102,9.807882,34.621455
28.27000,12.231001,9.348685,34.748065
28.27500,12.079142,8.890007,34.838424
28.28000,11.912391,8.434682,34.893125
28.28500,11.731704,7.985386,34.913053
28.29000,11.538117,7.544603,34.899354
28.29500,11.332730,7.114603,34.853401
28.30000,11.116695,6.697417,34.776759
28.30500,10.891203,6.294829,34.671148
28.31000,10.657464,5.908366,34.538407
28.31500,10.416700,5.539297,34.380457
28.32000,10.170128,5.188637,34.199268
28.32500,9.918948,4.857154,33.996830
28.33000,9.664334,4.545384,33.775120
28.33500,9.407425,4.253644,33.536081
28.34000,9.149312,3.982053,33.281601
28.34500,8.891037,3.730544,33.013493
28.35000,8.633581,3.498896,32.733485
28.35500,8.377864,3.286744,32.443206
28.36000,8.124742,3.093604,32.144182
28.36500,7.875001,2.918895,31.837829
28.37000,7.629359,2.761954,31.525453
28.37500,7.388466,2.622056,31.208250
28.38000,7.152901,2.498430,30.887308
28.38500,6.923179,2.390274,30.563610
28.39000,6.699750,2.296769,30.238040
28.39500,6.483000,2.217088,29.911388
28.40000,6.273258,2.150410,29.584357
28.40500,6.070797,2.095926,29.257567
28.41000,5.875836,2.052848,28.931565
28.41500,5.688548,2.020411,28.606829
28.42000,5.509058,1.997885,28.283778
28.42500,5.337452,1.984573,27.962772
28.43000,5.173780,1.979813,27.644126
28.43500,5.018055,1.982986,27.328110
28.44000,4.870263,1.993513,27.014956
28.44500,4.730362,2.010853,26.704862
28.45000,4.598287,2.034510,26.397999
28.45500,4.473953,2.064027,26.094513
28.46000,4.357258,2.098988,25.794527
28.46500,4.248085,2.139016,25.498150
28.47000,4.146307,2.183772,25.205472
28.47500,4.051785,2.232953,24.916575
28.48000,3.964374,2.286293,24.631527
28.48500,3.883926,2.343556,24.350391
28.49000,3.810286,2.404543,24.073223
28.49500,3.743300,2.469080,23.800075
28.50000,3.682812,2.537025,23.530995
28.50500,3.628670,2.608260,23.266031
28.51000,3.580722,2.682696,23.005228
28.51500,3.538819,2.760264,22.748634
28.52000,3.502819,2.840918,22.496295
28.52500,3.472584,2.924634,22.248262
28.53000,3.447981,3.011407,22.004586
28.53500,3.428886,3.101248,21.765325
28.54000,3.415179,3.194186,21.530536
28.54500,3.406751,3.290267,21.300286
28.55000,3.403498,3.389548,21.074644
28.55500,3.405326,3.492102,20.853685
28.56000,3.412148,3.598012,20.637492
28.56500,3.423888,3.707375,20.426153
28.57000,3.440475,3.820296,20.219764
28.57500,3.461851,3.936889,20.018432
28.58000,3.487964,4.057279,19.822268
28.58500,3.518770,4.181598,19.631397
28.59000,3.554236,4.309982,19.445951
28.59500,3.594338,4.442578,19.266075
28.60000,3.639056,4.579534,19.091924
28.60500,3.688384,4.721004,18.923667
28.61000,3.742319,4.867147,18.761485
28.61500,3.800870,5.018121,18.605573
28.62000,3.864051,5.174090,18.456141
28.62500,3.931882,5.335214,18.313416
28.63000,4.004394,5.501656,18.177642
28.63500,4.081621,5.673576,18.049077
28.64000,4.163604,5.851131,17.928003
28.64500,4.250390,6.034473,17.814718
28.65000,4.342031,6.223748,17.709543
28.65500,4.438582,6.419095,17.612819
28.66000,4.540103,6.620642,17.524910
28.66500,4.646657,6.828505,17.446205
28.67000,4.758309,7.042787,17.377117
28.67500,4.875127,7.263572,17.318083
28.68000,4.997176,7.490926,17.269569
28.68500,5.124524,7.724891,17.232064
28.69000,5.257234,7.965483,17.206088
28.69500,5.395368,8.212687,17.192186
28.70000,5.538984,8.466455,17.190930
28.70500,5.688131,8.726699,17.202921
28.71000,5.842854,8.993289,17.228785
28.71500,6.003184,9.266044,17.269173
28.72000,6.169145,9.544732,17.324760
28.72500,6.340743,9.829060,17.396243
28.73000,6.517971,10.118668,17.484337
28.73500,6.700800,10.413125,17.589771
28.74000,6.889183,10.711921,17.713287
28.74500,7.083045,11.014463,17.855629
28.75000,7.282286,11.320062,18.017543
28.75500,7.486773,11.627934,18.199764
28.76000,7.696341,11.937190,18.403009
28.76500,7.910783,12.246827,18.627968
28.77000,8.129856,12.555730,18.875292
28.77500,8.353266,12.862663,19.145579
28.78000,8.580673,13.166263,19.439360
28.78500,8.811684,13.465044,19.757084
28.79000,9.045849,13.757393,20.099099
28.79500,9.282659,14.041574,20.465636
28.80000,9.521539,14.315728,20.856786
28.80500,9.761854,14.577886,21.272482
28.81000,10.002896,14.825973,21.712477
28.81500,10.243891,15.057826,22.176324
28.82000,10.483996,15.271210,22.663354
28.82500,10.722297,15.463840,23.172656
28.83000,10.957812,15.633402,23.703060
28.83500,11.189497,15.777591,24.253124
28.84000,11.416243,15.894136,24.821118
28.84500,11.636890,15.980843,25.405017
28.85000,11.850228,16.035634,26.002501
28.85500,12.055009,16.056586,26.610957
28.86000,12.249957,16.041983,27.227487
28.86500,12.433780,15.990355,27.848930
28.87000,12.605184,15.900524,28.471883
28.87500,12.762891,15.771646,29.092736
28.88000,12.905650,15.603251,29.707712
28.88500,13.032260,15.395270,30.312918
28.89000,13.141585,15.148067,30.904395
28.89500,13.232573,14.862452,31.478182
28.90000,13.304275,14.539687,32.030378
28.90500,13.355859,14.181488,32.557208
28.91000,13.386630,13.790006,33.055089
28.91500,13.396040,13.367801,33.520695
28.92000,13.383705,12.917810,33.951014
28.92500,13.349408,12.443294,34.343401
28.93000,13.293110,11.947788,34.695624
28.93500,13.214953,11.435036,35.005899
28.94000,13.115255,10.908924,35.272909
28.94500,12.994514,10.373411,35.495824
28.95000,12.853394,9.832458,35.674291
28.95500,12.692721,9.289961,35.808430
28.96000,12.513465,8.749684,35.898809
28.96500,12.316731,8.215205,35.946410
28.97000,12.103736,7.689863,35.952594
28.97500,11.875796,7.176715,35.919048
28.98000,11.634303,6.678506,35.847742
28.98500,11.380708,6.197645,35.740870
28.99000,11.116498,5.736191,35.600801
28.99500,10.843181,5.295850,35.430024
29.00000,10.562266,4.877976,35.231100
29.00500,10.275246,4.483586,35.006615
29.01000,9.983581,4.113373,34.759140
29.01500,9.688688,3.767732,34.491194
29.02000,9.391928,3.446781,34.205215
29.02500,9.094593,3.150394,33.903531
29.03000,8.797901,2.878227,33.588348
29.03500,8.502991,2.629750,33.261729
29.04000,8.210913,2.404273,32.925589
29.04500,7.922633,2.200980,32.581687
29.05000,7.639024,2.018952,32.231628
29.05500,7.360873,1.857193,31.876864
29.06000,7.088874,1.714652,31.518694
29.06500,6.823640,1.590245,31.158278
29.07000,6.565697,1.482872,30.796639
29.07500,6.315494,1.391432,30.434674
29.08000,6.073403,1.314837,30.073165
29.08500,5.839727,1.252022,29.712786
29.09000,5.614701,1.201957,29.354116
29.09500,5.398501,1.163650,28.997647
29.10000,5.191247,1.136156,28.643792
29.10500,4.993007,1.118578,28.292898
29.11000,4.803804,1.110073,27.945252
29.11500,4.623622,1.109853,27.601087
29.12000,4.452404,1.117183,27.260594
29.12500,4.290066,1.131385,26.923924
29.13000,4.136494,1.151835,26.591195
29.13500,3.991551,1.177961,26.262497
29.14000,3.855080,1.209244,25.937900
29.14500,3.726907,1.245216,25.617451
29.15000,3.606846,1.285455,25.301185
29.15500,3.494701,1.329586,24.989122
29.16000,3.390266,1.377276,24.681276
29.16500,3.293331,1.428236,24.377649
29.17000,3.203685,1.482212,24.078240
29.17500,3.121113,1.538988,23.783045
29.18000,3.045402,1.598383,23.492057
29.18500,2.976341,1.660244,23.205265
29.19000,2.913724,1.724452,22.922661
29.19500,2.857348,1.790913,22.644237
29.20000,2.807016,1.859557,22.369985
29.20500,2.762540,1.930341,22.099901
29.21000,2.723737,2.003242,21.833980
29.21500,2.690434,2.078257,21.572225
29.22000,2.662466,2.155403,21.314637
29.22500,2.639677,2.234713,21.061224
29.23000,2.621922,2.316236,20.811998
29.23500,2.609065,2.400038,20.566974
29.24000,2.600979,2.486197,20.326172
29.24500,2.597550,2.574803,20.089617
29.25000,2.598671,2.665961,19.857341
29.25500,2.604249,2.759785,19.629381
29.26000,2.614199,2.856398,19.405778
29.26500,2.628446,2.955937,19.186583
29.27000,2.646928,3.058544,18.971851
29.27500,2.669592,3.164372,18.761647
29.28000,2.696394,3.273582,18.556042
29.28500,2.727301,3.386340,18.355116
29.29000,2.762292,3.502823,18.158959
29.29500,2.801352,3.623212,17.967670
29.30000,2.844478,3.747695,17.781358
29.30500,2.891677,3.876467,17.600145
29.31000,2.942964,4.009728,17.424163
29.31500,2.998363,4.147682,17.253556
29.32000,3.057908,4.290539,17.088486
29.32500,3.121642,4.438513,16.929125
29.33000,3.189614,4.591820,16.775663
29.33500,3.261883,4.750682,16.628307
29.34000,3.338517,4.915319,16.487281
29.34500,3.419590,5.085957,16.352829
29.35000,3.505182,5.262820,16.225216
29.35500,3.595384,5.446131,16.104728
29.36000,3.690290,5.636113,15.991673
29.36500,3.790001,5.832984,15.886388
29.37000,3.894625,6.036960,15.789231
29.37500,4.004273,6.248246,15.700593
29.38000,4.119061,6.467044,15.620890
29.38500,4.239111,6.693540,15.550572
29.39000,4.364546,6.927909,15.490121
29.39500,4.495490,7.170309,15.440052
29.40000,4.632070,7.420879,15.400916
29.40500,4.774413,7.679733,15.373303
29.41000,4.922643,7.946956,15.357839
29.41500,5.076884,8.222604,15.355190
29.42000,5.237254,8.506691,15.366062
29.42500,5.403864,8.799191,15.391201
29.43000,5.576820,9.100027,15.431395
29.43500,5.756214,9.409065,15.487472
29.44000,5.942130,9.726107,15.560297
29.44500,6.134631,10.050884,15.650776
29.45000,6.333767,10.383047,15.759846
29.45500,6.539564,10.722154,15.888479
29.46000,6.752022,11.067669,16.037672
29.46500,6.971114,11.418941,16.208442
29.47000,7.196779,11.775205,16.401819
29.47500,7.428917,12.135563,16.618840
29.48000,7.667389,12.498976,16.860532
29.48500,7.912005,12.864257,17.127902
29.49000,8.162524,13.230058,17.421925
29.49500,8.418648,13.594860,17.743520
29.50000,8.680013,13.956972,18.093536
29.50500,8.946188,14.314517,18.472726
29.51000,9.216664,14.665436,18.881722
29.51500,9.490855,15.007484,19.321012
29.52000,9.768088,15.338233,19.790905
29.52500,10.047600,15.655078,20.291503
29.53000,10.328534,15.955253,20.822668
29.53500,10.609938,16.235845,21.383989
29.54000,10.890758,16.493820,21.974747
29.54500,11.169844,16.726048,22.593886
29.55000,11.445946,16.929347,23.239977
29.55500,11.717720,17.100522,23.911201
29.56000,11.983734,17.236416,24.605319
29.56500,12.242471,17.333970,25.319663
29.57000,12.492344,17.390282,26.051126
29.57500,12.731707,17.402681,26.796169
29.58000,12.958872,17.368789,27.550832
29.58500,13.172125,17.286599,28.310767
29.59000,13.369749,17.154546,29.071270
29.59500,13.550045,16.971564,29.827342
29.60000,13.711360,16.737158,30.573754
29.60500,13.852111,16.451441,31.305123
29.61000,13.970817,16.115181,32.016007
29.61500,14.066119,15.729813,32.700999
29.62000,14.136813,15.297451,33.354832
29.62500,14.181873,14.820868,33.972486
29.63000,14.200473,14.303466,34.549286
29.63500,14.192009,13.749218,35.081005
29.64000,14.156111,13.162606,35.563947
29.64500,14.092659,12.548525,35.995023
29.65000,14.001784,11.912191,36.371806
29.65500,13.883871,11.259035,36.692571
29.66000,13.739553,10.594585,36.956312
29.66500,13.569703,9.924358,37.162740
29.67000,13.375420,9.253754,37.312259
29.67500,13.158003,8.587947,37.405932
29.68000,12.918936,7.931804,37.445416
29.68500,12.659859,7.289804,37.432903
29.69000,12.382538,6.665978,37.371032
29.69500,12.088839,6.063867,37.262815
29.70000,11.780695,5.486492,37.111544
29.70500,11.460081,4.936341,36.920709
29.71000,11.128982,4.415375,36.693914
29.71500,10.789373,3.925042,36.434805
29.72000,10.443186,3.466305,36.147002
29.72500,10.092298,3.039672,35.834036
29.73000,9.738509,2.645243,35.499307
29.73500,9.383524,2.282754,35.146038
29.74000,9.028948,1.951623,34.777253
29.74500,8.676269,1.651000,34.395750
29.75000,8.326857,1.379811,34.004093
29.75500,7.981959,1.136808,33.604603
29.76000,7.642695,0.920606,33.199364
29.76500,7.310061,0.729724,32.790224
29.77000,6.984932,0.562619,32.378807
29.77500,6.668062,0.417713,31.966525
29.78000,6.360092,0.293425,31.554593
29.78500,6.061556,0.188185,31.144047
29.79000,5.772883,0.100460,30.735757
29.79500,5.494410,0.028762,30.330444
29.80000,5.226387,-0.028337,29.928702
29.80500,4.968982,-0.072198,29.531006
29.81000,4.722290,-0.104107,29.137731
29.81500,4.486342,-0.125273,28.749166
29.82000,4.261110,-0.136827,28.365527
29.82500,4.046514,-0.139817,27.986963
29.83000,3.842428,-0.135211,27.613575
29.83500,3.648689,-0.123900,27.245418
29.84000,3.465098,-0.106699,26.882511
29.84500,3.291430,-0.084346,26.524847
29.85000,3.127434,-0.057514,26.172392
29.85500,2.972843,-0.026804,25.825098
29.86000,2.827373,0.007241,25.482903
29.86500,2.690730,0.044140,25.145734
29.87000,2.562612,0.083466,24.813511
29.87500,2.442713,0.124846,24.486151
29.88000,2.330722,0.167950,24.163567
29.88500,2.226333,0.212495,23.845674
29.89000,2.129237,0.258239,23.532385
29.89500,2.039133,0.304976,23.223615
29.90000,1.955723,0.352535,22.919280
29.90500,1.878719,0.400774,22.619302
29.91000,1.807836,0.449582,22.323603
29.91500,1.742804,0.498873,22.032110
29.92000,1.683357,0.548585,21.744752
29.92500,1.629244,0.598675,21.461463
29.93000,1.580222,0.649122,21.182180
29.93500,1.536059,0.699922,20.906843
29.94000,1.496537,0.751084,20.635397
29.94500,1.461446,0.802636,20.367789
29.95000,1.430592,0.854613,20.103970
29.95500,1.403789,0.907068,19.843895
29.96000,1.380864,0.960059,19.587519
29.96500,1.361657,1.013657,19.334805
29.97000,1.346016,1.067940,19.085715
29.97500,1.333805,1.122995,18.840217
29.98000,1.324895,1.178916,18.598279
29.98500,1.319170,1.235804,18.359873
29.99000,1.316525,1.293765,18.124977
29.99500,1.316864,1.352912,17.893567
30.00000,1.320103,1.413364,17.665625
30.00500,1.326167,1.475245,17.441137
30.01000,1.334991,1.538683,17.220089
30.01500,1.346519,1.603814,17.002473
30.02000,1.360706,1.670776,16.788284
30.02500,1.377515,1.739714,16.577520
30.03000,1.396918,1.810776,16.370183
30.03500,1.418896,1.884117,16.166280
30.04000,1.443438,1.959897,15.965820
30.04500,1.470543,2.038280,15.768820
30.05000,1.500216,2.119437,15.575300
30.05500,1.532471,2.203543,15.385284
30.06000,1.567332,2.290780,15.198806
30.06500,1.604827,2.381336,15.015901
30.07000,1.644996,2.475405,14.836614
30.07500,1.687885,2.573187,14.660996
30.08000,1.733546,2.674890,14.489107
30.08500,1.782041,2.780728,14.321015
30.09000,1.833439,2.890923,14.156795
30.09500,1.887816,3.005703,13.996534
30.10000,1.945257,3.125306,13.840330
30.10500,2.005853,3.249975,13.688292
30.11000,2.069703,3.379963,13.540541
30.11500,2.136916,3.515531,13.397214
30.12000,2.207604,3.656948,13.258459
30.12500,2.281892,3.804490,13.124444
30.13000,2.359909,3.958444,12.995353
30.13500,2.441793,4.119101,12.871388
30.14000,2.527690,4.286764,12.752774
30.14500,2.617753,4.461740,12.639756
30.15000,2.712143,4.644346,12.532605
30.15500,2.811031,4.834903,12.431618
30.16000,2.914591,5.033739,12.337119
30.16500,3.023008,5.241186,12.249465
30.17000,3.136473,5.457579,12.169044
30.17500,3.255186,5.683256,12.096281
30.18000,3.379350,5.918554,12.031638
30.18500,3.509178,6.163809,11.975621
30.19000,3.644886,6.419349,11.928778
30.19500,3.786699,6.685499,11.891705
30.20000,3.934843,6.962568,11.865050
30.20500,4.089549,7.250853,11.849513
30.21000,4.251052,7.550630,11.845853
30.21500,4.419585,7.862147,11.854888
30.22000,4.595386,8.185622,11.877502
30.22500,4.778686,8.521234,11.914644
30.23000,4.969716,8.869113,11.967333
30.23500,5.168699,9.229335,12.036661
30.24000,5.375850,9.601907,12.123793
30.24500,5.591370,9.986759,12.229970
30.25000,5.815448,10.383730,12.356508
30.25500,6.048251,10.792553,12.504799
30.26000,6.289922,11.212842,12.676307
30.26500,6.540575,11.644074,12.872566
30.27000,6.800292,12.085569,13.095171
30.27500,7.069108,12.536475,13.345774
30.28000,7.347016,12.995744,13.626072
30.28500,7.633949,13.462113,13.937790
30.29000,7.929778,13.934083,14.282668
30.29500,8.234299,14.409895,14.662433
30.30000,8.547227,14.887511,15.078778
30.30500,8.868185,15.364595,15.533328
30.31000,9.196690,15.838494,16.027602
30.31500,9.532147,16.306224,16.562971
30.32000,9.873836,16.764461,17.140610
30.32500,10.220900,17.209538,17.761444
30.33000,10.572340,17.637447,18.426088
30.33500,10.926999,18.043852,19.134784
30.34000,11.283558,18.424117,19.887332
30.34500,11.640531,18.773334,20.683022
30.35000,11.996256,19.086381,21.520567
30.35500,12.348903,19.357984,22.398033
30.36000,12.696469,19.582799,23.312782
30.36500,13.036788,19.755510,24.261421
30.37000,13.367546,19.870946,25.239765
30.37500,13.686292,19.924201,26.242817
30.38000,13.990468,19.910782,27.264772
30.38500,14.277432,19.826750,28.299047
30.39000,14.544499,19.668873,29.338333
30.39500,14.788975,19.434770,30.374687
30.40000,15.008205,19.123046,31.399652
30.40500,15.199623,18.733410,32.404402
30.41000,15.360803,18.266767,33.379924
30.41500,15.489512,17.725275,34.317213
30.42000,15.583763,17.112365,35.207489
30.42500,15.641862,16.432718,36.042414
30.43000,15.662458,15.692197,36.814313
30.43500,15.644578,14.897733,37.516374
30.44000,15.587656,14.057174,38.142829
30.44500,15.491557,13.179091,38.689098
30.45000,15.356583,12.272566,39.151893
30.45500,15.183473,11.346959,39.529276
30.46000,14.973387,10.411669,39.820674
30.46500,14.727884,9.475902,40.026835
30.47000,14.448887,8.548456,40.149752
30.47500,14.138638,7.637530,40.192544
30.48000,13.799655,6.750562,40.159304
30.48500,13.434672,5.894113,40.054933
30.49000,13.046587,5.073781,39.884954
30.49500,12.638406,4.294156,39.655333
30.50000,12.213185,3.558817,39.372293
30.50500,11.773984,2.870351,39.042157
30.51000,11.323815,2.230413,38.671190
30.51500,10.865601,1.639789,38.265480
30.52000,10.402143,1.098494,37.830828
30.52500,9.936090,0.605864,37.372670
30.53000,9.469914,0.160660,36.896019
30.53500,9.005891,-0.238827,36.405430
30.54000,8.546099,-0.594683,35.904978
30.54500,8.092399,-0.909275,35.398261
30.55000,7.646447,-1.185168,34.888409
30.55500,7.209685,-1.425053,34.378103
30.56000,6.783354,-1.631680,33.869606
30.56500,6.368498,-1.807807,33.364796
30.57000,5.965980,-1.956155,32.865203
30.57500,5.576487,-2.079370,32.372045
30.58000,5.200545,-2.179998,31.886265
30.58500,4.838536,-2.260464,31.408572
30.59000,4.490706,-2.323058,30.939467
30.59500,4.157183,-2.369927,30.479282
30.60000,3.837985,-2.403068,30.028206
30.60500,3.533038,-2.424330,29.586307
30.61000,3.242183,-2.435412,29.153563
30.61500,2.965191,-2.437871,28.729875
30.62000,2.701771,-2.433126,28.315086
30.62500,2.451580,-2.422460,27.908996
30.63000,2.214232,-2.407037,27.511376
30.63500,1.989307,-2.387900,27.121976
30.64000,1.776358,-2.365986,26.740532
30.64500,1.574914,-2.342130,26.366777
30.65000,1.384490,-2.317076,26.000443
30.65500,1.204591,-2.291482,25.641265
30.66000,1.034715,-2.265930,25.288989
30.66500,0.874358,-2.240931,24.943366
30.67000,0.723019,-2.216934,24.604162
30.67500,0.580198,-2.194331,24.271154
30.68000,0.445403,-2.173462,23.944132
30.68500,0.318152,-2.154623,23.622900
30.69000,0.197970,-2.138069,23.307274
30.69500,0.084396,-2.124020,22.997085
30.70000,-0.023019,-2.112665,22.692176
30.70500,-0.124712,-2.104165,22.392401
30.71000,-0.221103,-2.098659,22.097627
30.71500,-0.312601,-2.096265,21.807732
30.72000,-0.399598,-2.097085,21.522605
30.72500,-0.482473,-2.101205,21.242144
30.73000,-0.561590,-2.108701,20.966256
30.73500,-0.637298,-2.119639,20.694859
30.74000,-0.709934,-2.134079,20.427878
30.74500,-0.779818,-2.152073,20.165245
30.75000,-0.847260,-2.173671,19.906902
30.75500,-0.912556,-2.198921,19.652795
30.76000,-0.975989,-2.227870,19.402880
30.76500,-1.037833,-2.260566,19.157117
30.77000,-1.098348,-2.297056,18.915474
30.77500,-1.157785,-2.337392,18.677926
30.78000,-1.216387,-2.381630,18.444453
30.78500,-1.274386,-2.429829,18.215041
30.79000,-1.332005,-2.482053,17.989682
30.79500,-1.389461,-2.538371,17.768378
30.80000,-1.446965,-2.598860,17.551132
30.80500,-1.504718,-2.663602,17.337957
30.81000,-1.562918,-2.732689,17.128874
30.81500,-1.621758,-2.806216,16.923907
30.82000,-1.681426,-2.884291,16.723092
30.82500,-1.742105,-2.967026,16.526471
30.83000,-1.803978,-3.054544,16.334093
30.83500,-1.867221,-3.146976,16.146019
30.84000,-1.932012,-3.244462,15.962318
30.84500,-1.998524,-3.347152,15.783069
30.85000,-2.066932,-3.455203,15.608362
30.85500,-2.137409,-3.568784,15.438299
30.86000,-2.210127,-3.688071,15.272994
30.86500,-2.285261,-3.813250,15.112575
30.87000,-2.362984,-3.944516,14.957185
30.87500,-2.443473,-4.082074,14.806980
30.88000,-2.526904,-4.226135,14.662137
30.88500,-2.613456,-4.376922,14.522848
30.89000,-2.703311,-4.534663,14.389324
30.89500,-2.796653,-4.699595,14.261800
30.90000,-2.893668,-4.871959,14.140530
30.90500,-2.994546,-5.052006,14.025795
30.91000,-3.099479,-5.239988,13.917900
30.91500,-3.208662,-5.436164,13.817180
30.92000,-3.322296,-5.640792,13.723997
30.92500,-3.440580,-5.854134,13.638748
30.93000,-3.563720,-6.076447,13.561862
30.93500,-3.691922,-6.307988,13.493807
30.94000,-3.825396,-6.549007,13.435089
30.94500,-3.964354,-6.799742,13.386253
30.95000,-4.109006,-7.060423,13.347892
30.95500,-4.259566,-7.331261,13.320643
30.96000,-4.416246,-7.612447,13.305192
30.96500,-4.579256,-7.904146,13.302277
30.97000,-4.748803,-8.206491,13.312689
30.97500,-4.925091,-8.519577,13.337274
30.98000,-5.108316,-8.843456,13.376936
30.98500,-5.298666,-9.178125,13.432638
30.99000,-5.496319,-9.523518,13.505401
30.99500,-5.701438,-9.879500,13.596307
31.00000,-5.914171,-10.245853,13.706497
31.00500,-6.134645,-10.622263,13.837167
31.01000,-6.362963,-11.008311,13.989570
31.01500,-6.599200,-11.403457,14.165008
31.02000,-6.843397,-11.807026,14.364829
31.02500,-7.095557,-12.218194,14.590414
31.03000,-7.355639,-12.635970,14.843173
31.03500,-7.623550,-13.059180,15.124527
31.04000,-7.899141,-13.486454,15.435896
31.04500,-8.182198,-13.916206,15.778677
31.05000,-8.472434,-14.346620,16.154224
31.05500,-8.769480,-14.775637,16.563818
31.06000,-9.072882,-15.200942,17.008642
31.06500,-9.382085,-15.619956,17.489740
31.07000,-9.696431,-16.029829,18.007983
31.07500,-10.015147,-16.427442,18.564026
31.08000,-10.337342,-16.809410,19.158256
31.08500,-10.661992,-17.172096,19.790753
31.09000,-10.987944,-17.511633,20.461229
31.09500,-11.313907,-17.823950,21.168980
31.10000,-11.638448,-18.104816,21.912834
31.10500,-11.959997,-18.349895,22.691103
31.11000,-12.276846,-18.554800,23.501537
31.11500,-12.587159,-18.715178,24.341287
31.12000,-12.888977,-18.826792,25.206881
31.12500,-13.180236,-18.885619,26.094207
31.13000,-13.458785,-18.887953,26.998517
31.13500,-13.722405,-18.830518,27.914448
31.14000,-13.968840,-18.710578,28.836062
31.14500,-14.195826,-18.526049,29.756909
31.15000,-14.401125,-18.275602,30.670117
31.15500,-14.582564,-17.958754,31.568493
31.16000,-14.738076,-17.575942,32.444659
31.16500,-14.865738,-17.128572,33.291191
31.17000,-14.963816,-16.619049,34.100781
31.17500,-15.030800,-16.050766,34.866400
31.18000,-15.065444,-15.428069,35.581464
31.18500,-15.066797,-14.756186,36.239989
31.19000,-15.034228,-14.041127,36.836740
31.19500,-14.967448,-13.289555,37.367350
31.20000,-14.866519,-12.508634,37.828419
31.20500,-14.731858,-11.705863,38.217577
31.21000,-14.564233,-10.888898,38.533517
31.21500,-14.364747,-10.065373,38.775992
31.22000,-14.134818,-9.242733,38.945779
31.22500,-13.876151,-8.428072,39.044610
31.23000,-13.590700,-7.627995,39.075079
31.23500,-13.280634,-6.848502,39.040533
31.24000,-12.948291,-6.094905,38.944935
31.24500,-12.596134,-5.371762,38.792738
31.25000,-12.226713,-4.682846,38.588741
31.25500,-11.842613,-4.031142,38.337957
31.26000,-11.446425,-3.418862,38.045492
31.26500,-11.040698,-2.847478,37.716428
31.27000,-10.627916,-2.317781,37.355728
31.27500,-10.210461,-1.829942,36.968155
31.28000,-9.790595,-1.383582,36.558207
31.28500,-9.370442,-0.977852,36.130070
31.29000,-8.951965,-0.611507,35.687588
31.29500,-8.536968,-0.282979,35.234242
31.30000,-8.127081,0.009549,34.773143
31.30500,-7.723762,0.268077,34.307038
31.31000,-7.328298,0.494733,33.838324
31.31500,-6.941804,0.691721,33.369061
31.32000,-6.565237,0.861271,32.900998
31.32500,-6.199395,1.005607,32.435599
31.33000,-5.844931,1.126914,31.974068
31.33500,-5.502360,1.227314,31.517379
31.34000,-5.172073,1.308844,31.066299
31.34500,-4.854341,1.373446,30.621419
31.35000,-4.549334,1.422955,30.183178
31.35500,-4.257122,1.459091,29.751882
31.36000,-3.977695,1.483459,29.327729
31.36500,-3.710966,1.497546,28.910824
31.37000,-3.456783,1.502722,28.501200
31.37500,-3.214938,1.500244,28.098828
31.38000,-2.985172,1.491261,27.703634
31.38500,-2.767189,1.476815,27.315506
31.39000,-2.560656,1.457850,26.934304
31.39500,-2.365214,1.435217,26.559872
31.40000,-2.180483,1.409676,26.192036
31.40500,-2.006064,1.381912,25.830619
31.41000,-1.841547,1.352528,25.475437
31.41500,-1.686516,1.322063,25.126306
31.42000,-1.540548,1.290990,24.783045
31.42500,-1.403221,1.259724,24.445478
31.43000,-1.274114,1.228628,24.113433
31.43500,-1.152809,1.198016,23.786745
31.44000,-1.038896,1.168161,23.465258
31.44500,-0.931971,1.139295,23.148821
31.45000,-0.831639,1.111617,22.837292
31.45500,-0.737519,1.085295,22.530538
31.46000,-0.649236,1.060468,22.228433
31.46500,-0.566430,1.037254,21.930857
31.47000,-0.488754,1.015747,21.637698
31.47500,-0.415871,0.996023,21.348853
31.48000,-0.347459,0.978144,21.064222
31.48500,-0.283209,0.962157,20.783712
31.49000,-0.222826,0.948096,20.507236
31.49500,-0.166025,0.935987,20.234713
31.50000,-0.112537,0.925848,19.966065
31.50500,-0.062103,0.917690,19.701219
31.51000,-0.014477,0.911519,19.440107
31.51500,0.030573,0.907336,19.182663
31.52000,0.073271,0.905140,18.928827
31.52500,0.113829,0.904930,18.678539
31.53000,0.152447,0.906700,18.431744
31.53500,0.189316,0.910448,18.188391
31.54000,0.224619,0.916170,17.948428
31.54500,0.258527,0.923864,17.711808
31.55000,0.291206,0.933529,17.478487
31.55500,0.322810,0.945169,17.248420
31.56000,0.353490,0.958787,17.021567
31.56500,0.383386,0.974392,16.797888
31.57000,0.412635,0.991995,16.577347
31.57500,0.441364,1.011611,16.359907
31.58000,0.469700,1.033261,16.145536
31.58500,0.497759,1.056968,15.934203
31.59000,0.525658,1.082760,15.725876
31.59500,0.553506,1.110672,15.520529
31.60000,0.581410,1.140742,15.318134
31.60500,0.609473,1.173014,15.118670
31.61000,0.637797,1.207538,14.922112
31.61500,0.666480,1.244368,14.728442
31.62000,0.695618,1.283568,14.537642
31.62500,0.725306,1.325203,14.349696
31.63000,0.755638,1.369348,14.164591
31.63500,0.786708,1.416083,13.982317
31.64000,0.818607,1.465495,13.802868
31.64500,0.851427,1.517679,13.626237
31.65000,0.885263,1.572736,13.452423
31.65500,0.920206,1.630774,13.281429
31.66000,0.956351,1.691909,13.113261
31.66500,0.993794,1.756267,12.947927
31.67000,1.032631,1.823979,12.785442
31.67500,1.072962,1.895186,12.625824
31.68000,1.114888,1.970037,12.469097
31.68500,1.158512,2.048692,12.315289
31.69000,1.203942,2.131317,12.164436
31.69500,1.251287,2.218090,12.016579
31.70000,1.300660,2.309199,11.871766
31.70500,1.352180,2.404839,11.730053
31.71000,1.405968,2.505220,11.591505
31.71500,1.462148,2.610560,11.456195
31.72000,1.520853,2.721088,11.324206
31.72500,1.582218,2.837046,11.195633
31.73000,1.646384,2.958685,11.070582
31.73500,1.713498,3.086272,10.949171
31.74000,1.783713,3.220083,10.831534
31.74500,1.857189,3.360406,10.717819
31.75000,1.934091,3.507544,10.608193
31.75500,2.014593,3.661811,10.502838
31.76000,2.098875,3.823534,10.401959
31.76500,2.187123,3.993052,10.305783
31.77000,2.279534,4.170717,10.214559
31.77500,2.376310,4.356893,10.128564
31.78000,2.477664,4.551956,10.048104
31.78500,2.583814,4.756292,9.973515
31.79000,2.694989,4.970297,9.905167
31.79500,2.811425,5.194379,9.843468
31.80000,2.933367,5.428950,9.788867
31.80500,3.061069,5.674430,9.741854
31.81000,3.194792,5.931242,9.702970
31.81500,3.334805,6.199811,9.672805
31.82000,3.481386,6.480560,9.652006
31.82500,3.634818,6.773908,9.641278
31.83000,3.795393,7.080261,9.641392
31.83500,3.963405,7.400014,9.653190
31.84000,4.139154,7.733540,9.677584
31.84500,4.322945,8.081182,9.715569
31.85000,4.515079,8.443250,9.768221
31.85500,4.715862,8.820008,9.836706
31.86000,4.925593,9.211665,9.922284
31.86500,5.144566,9.618360,10.026310
31.87000,5.373065,10.040154,10.150241
31.87500,5.611363,10.477007,10.295638
31.88000,5.859711,10.928768,10.464166
31.88500,6.118341,11.395149,10.657596
31.89000,6.387453,11.875708,10.877799
31.89500,6.667215,12.369825,11.126750
31.90000,6.957747,12.876674,11.406511
31.90500,7.259121,13.395197,11.719230
31.91000,7.571347,13.924077,12.067119
31.91500,7.894361,14.461702,12.452440
31.92000,8.228017,15.006138,12.877475
31.92500,8.572075,15.555099,13.344502
31.93000,8.926183,16.105909,13.855748
31.93500,9.289868,16.655480,14.413349
31.94000,9.662516,17.200284,15.019296
31.94500,10.043362,17.736332,15.675366
31.95000,10.431472,18.259162,16.383054
31.95500,10.825726,18.763833,17.143491
31.96000,11.224809,19.244940,17.957356
31.96500,11.627194,19.696630,18.824778
31.97000,12.031132,20.112648,19.745235
31.97500,12.434648,20.486398,20.717458
31.98000,12.835532,20.811026,21.739322
31.98500,13.231346,21.079534,22.807760
31.99000,13.619427,21.284910,23.918678
31.99500,13.996904,21.420292,25.066898
32.00000,14.360718,21.479149,26.246115
32.00500,14.707652,21.455482,27.448898
32.01000,15.034374,21.344046,28.666724
32.01500,15.337478,21.140563,29.890058
32.02000,15.613546,20.841942,31.108479
32.02500,15.859209,20.446482,32.310857
32.03000,16.071216,19.954036,33.485578
32.03500,16.246511,19.366148,34.620812
32.04000,16.382302,18.686125,35.704807
32.04500,16.476140,17.919052,36.726217
32.05000,16.525988,17.071739,37.674423
32.05500,16.530277,16.152594,38.539851
32.06000,16.487962,15.171429,39.314262
32.06500,16.398557,14.139206,39.990991
32.07000,16.262156,13.067733,40.565133
32.07500,16.079438,11.969323,41.033657
32.08000,15.851655,10.856449,41.395447
32.08500,15.580603,9.741386,41.651263
32.09000,15.268577,8.635888,41.803636
32.09500,14.918315,7.550895,41.856700
32.10000,14.532928,6.496293,41.815968
32.10500,14.115832,5.480730,41.688085
32.11000,13.670660,4.511494,41.480552
32.11500,13.201191,3.594452,41.201452
32.12000,12.711272,2.734048,40.859184
32.12500,12.204742,1.933346,40.462219
32.13000,11.685372,1.194120,40.018884
32.13500,11.156806,0.516972,39.537185
32.14000,10.622512,-0.098532,39.024661
32.14500,10.085748,-0.653709,38.488281
32.15000,9.549529,-1.150605,37.934373
32.15500,9.016608,-1.591846,37.368588
32.16000,8.489464,-1.980497,36.795886
32.16500,7.970299,-2.319929,36.220548
32.17000,7.461037,-2.613711,35.646206
32.17500,6.963331,-2.865507,35.075884
32.18000,6.478576,-3.078994,34.512049
32.18500,6.007917,-3.257798,33.956664
32.19000,5.552273,-3.405439,33.411250
32.19500,5.112347,-3.525288,32.876936
32.20000,4.688649,-3.620547,32.354522
32.20500,4.281511,-3.694219,31.844525
32.21000,3.891109,-3.749107,31.347226
32.21500,3.517479,-3.787801,30.862720
32.22000,3.160533,-3.812684,30.390943
32.22500,2.820077,-3.825934,29.931716
32.23000,2.495823,-3.829529,29.484766
32.23500,2.187408,-3.825262,29.049755
32.24000,1.894403,-3.814749,28.626298
32.24500,1.616324,-3.799436,28.213979
32.25000,1.352645,-3.780620,27.812369
32.25500,1.102806,-3.759454,27.421033
32.26000,0.866220,-3.736961,27.039540
32.26500,0.642284,-3.714048,26.667471
32.27000,0.430380,-3.691512,26.304421
32.27500,0.229887,-3.670054,25.950007
32.28000,0.040178,-3.650290,25.603867
32.28500,-0.139367,-3.632755,25.265662
32.29000,-0.309365,-3.617918,24.935079
32.29500,-0.470423,-3.606184,24.611827
32.30000,-0.623137,-3.597904,24.295643
32.30500,-0.768091,-3.593382,23.986287
32.31000,-0.905853,-3.592880,23.683541
32.31500,-1.036975,-3.596624,23.387211
32.32000,-1.161994,-3.604807,23.097124
32.32500,-1.281427,-3.617598,22.813128
32.33000,-1.395775,-3.635142,22.535090
32.33500,-1.505521,-3.657564,22.262896
32.34000,-1.611131,-3.684974,21.996449
32.34500,-1.713052,-3.717470,21.735670
32.35000,-1.811713,-3.755138,21.480494
32.35500,-1.907529,-3.798059,21.230875
32.36000,-2.000896,-3.846305,20.986778
32.36500,-2.092194,-3.899946,20.748184
32.37000,-2.181790,-3.959050,20.515088
32.37500,-2.270035,-4.023683,20.287498
32.38000,-2.357265,-4.093912,20.065437
32.38500,-2.443805,-4.169805,19.848938
32.39000,-2.529967,-4.251434,19.638052
32.39500,-2.616050,-4.338870,19.432840
32.40000,-2.702344,-4.432192,19.233378
32.40500,-2.789126,-4.531480,19.039755
32.41000,-2.876667,-4.636819,18.852077
32.41500,-2.965227,-4.748298,18.670461
32.42000,-3.055057,-4.866010,18.495043
32.42500,-3.146402,-4.990053,18.325972
32.43000,-3.239500,-5.120528,18.163416
32.43500,-3.334581,-5.257539,18.007558
32.44000,-3.431870,-5.401195,17.858602
32.44500,-3.531586,-5.551604,17.716768
32.45000,-3.633942,-5.708877,17.582298
32.45500,-3.739148,-5.873125,17.455455
32.46000,-3.847407,-6.044458,17.336523
32.46500,-3.958919,-6.222983,17.225809
32.47000,-4.073877,-6.408803,17.123646
32.47500,-4.192474,-6.602015,17.030389
32.48000,-4.314893,-6.802709,16.946422
32.48500,-4.441315,-7.010962,16.872155
32.49000,-4.571915,-7.226841,16.808028
32.49500,-4.706863,-7.450395,16.754507
32.50000,-4.846321,-7.681654,16.712092
32.50500,-4.990447,-7.920625,16.681310
32.51000,-5.139387,-8.167289,16.662723
32.51500,-5.293282,-8.421596,16.656922
32.52000,-5.452260,-8.683459,16.664531
32.52500,-5.616439,-8.952751,16.686203
32.53000,-5.785923,-9.229298,16.722624
32.53500,-5.960803,-9.512874,16.774509
32.54000,-6.141152,-9.803193,16.842599
32.54500,-6.327022,-10.099906,16.927662
32.55000,-6.518447,-10.402590,17.030485
32.55500,-6.715435,-10.710741,17.151874
32.56000,-6.917967,-11.023769,17.292648
32.56500,-7.125993,-11.340989,17.453633
32.57000,-7.339433,-11.661612,17.635650
32.57500,-7.558165,-11.984738,17.839513
32.58000,-7.782029,-12.309351,18.066015
32.58500,-8.010821,-12.634308,18.315917
32.59000,-8.244285,-12.958336,18.589932
32.59500,-8.482114,-13.280025,18.888713
32.60000,-8.723944,-13.597825,19.212836
32.60500,-8.969350,-13.910046,19.562779
32.61000,-9.217839,-14.214854,19.938901
32.61500,-9.468853,-14.510276,20.341425
32.62000,-9.721758,-14.794207,20.770410
32.62500,-9.975849,-15.064414,21.225729
32.63000,-10.230340,-15.318555,21.707044
32.63500,-10.484370,-15.554193,22.213782
32.64000,-10.736996,-15.768815,22.745113
32.64500,-10.987199,-15.959864,23.299923
32.65000,-11.233885,-16.124766,23.876801
32.65500,-11.475887,-16.260968,24.474015
32.66000,-11.711972,-16.365979,25.089508
32.66500,-11.940848,-16.437412,25.720886
32.67000,-12.161174,-16.473037,26.365419
32.67500,-12.371569,-16.470830,27.020050
32.68000,-12.570628,-16.429023,27.681412
32.68500,-12.756936,-16.346160,28.345848
32.69000,-12.929084,-16.221141,29.009451
32.69500,-13.085687,-16.053277,29.668105
32.70000,-13.225406,-15.842322,30.317538
32.70500,-13.346966,-15.588511,30.953383
32.71000,-13.449180,-15.292581,31.571245
32.71500,-13.530965,-14.955786,32.166775
32.72000,-13.591367,-14.579893,32.735745
32.72500,-13.629574,-14.167173,33.274126
32.73000,-13.644939,-13.720372,33.778161
32.73500,-13.636991,-13.242672,34.244437
32.74000,-13.605445,-12.737639,34.669949
32.74500,-13.550214,-12.209162,35.052150
32.75000,-13.471411,-11.661380,35.388999
32.75500,-13.369349,-11.098605,35.678983
32.76000,-13.244539,-10.525240,35.921141
32.76500,-13.097684,-9.945699,36.115058
32.77000,-12.929663,-9.364327,36.260857
32.77500,-12.741525,-8.785324,36.359171
32.78000,-12.534465,-8.212676,36.411107
32.78500,-12.309808,-7.650098,36.418200
32.79000,-12.068988,-7.100984,36.382360
32.79500,-11.813527,-6.568371,36.305809
32.80000,-11.545010,-6.054910,36.191023
32.80500,-11.265064,-5.562851,36.040669
32.81000,-10.975339,-5.094044,35.857545
32.81500,-10.677482,-4.649937,35.644520
32.82000,-10.373123,-4.231595,35.404482
32.82500,-10.063853,-3.839721,35.140294
32.83000,-9.751213,-3.474678,34.854747
32.83500,-9.436679,-3.136524,34.550534
32.84000,-9.121651,-2.825046,34.230213
32.84500,-8.807442,-2.539788,33.896195
32.85000,-8.495277,-2.280094,33.550724
32.85500,-8.186283,-2.045137,33.195870
32.86000,-7.881489,-1.833954,32.833522
32.86500,-7.581823,-1.645473,32.465393
32.87000,-7.288114,-1.478548,32.093019
32.87500,-7.001094,-1.331977,31.717766
32.88000,-6.721399,-1.204530,31.340841
32.88500,-6.449574,-1.094967,30.963299
32.89000,-6.186077,-1.002052,30.586057
32.89500,-5.931284,-0.924571,30.209901
32.90000,-5.685493,-0.861343,29.835504
32.90500,-5.448933,-0.811228,29.463432
32.91000,-5.221766,-0.773134,29.094159
32.91500,-5.004095,-0.746026,28.728077
32.92000,-4.795967,-0.728924,28.365504
32.92500,-4.597383,-0.720912,28.006698
32.93000,-4.408299,-0.721132,27.651861
32.93500,-4.228633,-0.728793,27.301150
32.94000,-4.058271,-0.743163,26.954682
32.94500,-3.897070,-0.763570,26.612542
32.95000,-3.744862,-0.789403,26.274786
32.95500,-3.601459,-0.820107,25.941451
32.96000,-3.466656,-0.855182,25.612553
32.96500,-3.340237,-0.894179,25.288095
32.97000,-3.221973,-0.936699,24.968067
32.97500,-3.111630,-0.982390,24.652453
32.98000,-3.008969,-1.030942,24.341228
32.98500,-2.913747,-1.082089,24.034364
32.99000,-2.825722,-1.135599,23.731830
32.99500,-2.744655,-1.191280,23.433593
33.00000,-2.670306,-1.248970,23.139620
33.00500,-2.602444,-1.308539,22.849877
33.01000,-2.540841,-1.369884,22.564333
33.01500,-2.485276,-1.432931,22.282958
33.02000,-2.435537,-1.497626,22.005724
33.02500,-2.391419,-1.563941,21.732606
33.03000,-2.352726,-1.631867,21.463582
33.03500,-2.319272,-1.701413,21.198632
33.04000,-2.290883,-1.772606,20.937741
33.04500,-2.267391,-1.845492,20.680897
33.05000,-2.248643,-1.920126,20.428093
33.05500,-2.234493,-1.996582,20.179324
33.06000,-2.224809,-2.074943,19.934592
33.06500,-2.219468,-2.155306,19.693901
33.07000,-2.218358,-2.237778,19.457261
33.07500,-2.221378,-2.322478,19.224688
33.08000,-2.228439,-2.409530,18.996202
33.08500,-2.239463,-2.499073,18.771827
33.09000,-2.254380,-2.591251,18.551597
33.09500,-2.273132,-2.686216,18.335549
33.10000,-2.295674,-2.784129,18.123726
33.10500,-2.321967,-2.885159,17.916182
33.11000,-2.351986,-2.989480,17.712975
33.11500,-2.385713,-3.097275,17.514172
33.12000,-2.423141,-3.208733,17.319849
33.12500,-2.464275,-3.324049,17.130092
33.13000,-2.509125,-3.443425,16.944994
33.13500,-2.557713,-3.567069,16.764662
33.14000,-2.610072,-3.695195,16.589213
33.14500,-2.666241,-3.828021,16.418775
33.15000,-2.726268,-3.965774,16.253493
33.15500,-2.790212,-4.108682,16.093521
33.16000,-2.858138,-4.256982,15.939033
33.16500,-2.930122,-4.410912,15.790216
33.17000,-3.006246,-4.570716,15.647277
33.17500,-3.086601,-4.736641,15.510441
33.18000,-3.171284,-4.908936,15.379952
33.18500,-3.260402,-5.087853,15.256078
33.19000,-3.354068,-5.273645,15.139109
33.19500,-3.452401,-5.466564,15.029359
33.20000,-3.555528,-5.666861,14.927172
33.20500,-3.663580,-5.874785,14.832917
33.21000,-3.776695,-6.090580,14.746994
33.21500,-3.895016,-6.314483,14.669836
33.22000,-4.018691,-6.546722,14.601910
33.22500,-4.147870,-6.787514,14.543718
33.23000,-4.282707,-7.037061,14.495801
33.23500,-4.423358,-7.295546,14.458740
33.24000,-4.569978,-7.563133,14.433158
33.24500,-4.722725,-7.839957,14.419719
33.25000,-4.881753,-8.126122,14.419136
33.25500,-5.047212,-8.421696,14.432167
33.26000,-5.219249,-8.726703,14.459616
33.26500,-5.398002,-9.041118,14.502338
33.27000,-5.583602,-9.364858,14.561236
33.27500,-5.776165,-9.697775,14.637260
33.28000,-5.975794,-10.039646,14.731409
33.28500,-6.182575,-10.390165,14.844726
33.29000,-6.396570,-10.748928,14.978298
33.29500,-6.617819,-11.115430,15.133248
33.30000,-6.846329,-11.489043,15.310734
33.30500,-7.082076,-11.869014,15.511937
33.31000,-7.324994,-12.254443,15.738056
33.31500,-7.574976,-12.644277,15.990293
33.32000,-7.831862,-13.037296,16.269844
33.32500,-8.095438,-13.432095,16.577878
33.33000,-8.365425,-13.827081,16.915520
33.33500,-8.641476,-14.220454,17.283831
33.34000,-8.923168,-14.610205,17.683780
33.34500,-9.209996,-14.994106,18.116217
33.35000,-9.501365,-15.369706,18.581843
33.35500,-9.796583,-15.734336,19.081171
33.36000,-10.094858,-16.085106,19.614496
33.36500,-10.395290,-16.418926,20.181850
33.37000,-10.696866,-16.732513,20.782964
33.37500,-10.998460,-17.022425,21.417226
33.38000,-11.298828,-17.285083,22.083642
33.38500,-11.596613,-17.516820,22.780794
33.39000,-11.890339,-17.713928,23.506808
33.39500,-12.178427,-17.872715,24.259321
33.40000,-12.459191,-17.989576,25.035465
33.40500,-12.730860,-18.061062,25.831846
33.41000,-12.991584,-18.083970,26.644553
33.41500,-13.239455,-18.055421,27.469162
33.42000,-13.472528,-17.972954,28.300770
33.42500,-13.688845,-17.834610,29.134039
33.43000,-13.886462,-17.639020,29.963255
33.43500,-14.063478,-17.385475,30.782411
33.44000,-14.218069,-17.073994,31.585301
33.44500,-14.348520,-16.705372,32.365626
33.45000,-14.453256,-16.281207,33.117119
33.45500,-14.530880,-15.803908,33.833669
33.46000,-14.580198,-15.276683,34.509454
33.46500,-14.600250,-14.703491,35.139066
33.47000,-14.590333,-14.088984,35.717635
33.47500,-14.550021,-13.438414,36.240933
33.48000,-14.479176,-12.757529,36.705467
33.48500,-14.377959,-12.052448,37.108548
33.49000,-14.246826,-11.329527,37.448331
33.49500,-14.086526,-10.595220,37.723842
33.50000,-13.898082,-9.855941,37.934962
33.50500,-13.682781,-9.117930,38.082399
33.51000,-13.442140,-8.387130,38.167632
33.51500,-13.177886,-7.669082,38.192838
33.52000,-12.891919,-6.968832,38.160798
33.52500,-12.586278,-6.290869,38.074803
33.53000,-12.263107,-5.639069,37.938542
33.53500,-11.924620,-5.016678,37.756000
33.54000,-11.573065,-4.426298,37.531348
33.54500,-11.210691,-3.869901,37.268849
33.55000,-10.839719,-3.348857,36.972768
33.55500,-10.462315,-2.863969,36.647291
33.56000,-10.080564,-2.415526,36.296462
33.56500,-9.696455,-2.003354,35.924129
33.57000,-9.311858,-1.626879,35.533900
33.57500,-8.928516,-1.285182,35.129119
33.58000,-8.548036,-0.977061,34.712842
33.58500,-8.171882,-0.701087,34.287835
33.59000,-7.801372,-0.455658,33.856567
33.59500,-7.437678,-0.239046,33.421221
33.60000,-7.081828,-0.049442,32.983705
33.60500,-6.734712,0.115008,32.545664
33.61000,-6.397086,0.256166,32.108505
33.61500,-6.069576,0.375881,31.673410
33.62000,-5.752690,0.475962,31.241363
33.62500,-5.446825,0.558160,30.813167
33.63000,-5.152273,0.624156,30.389467
33.63500,-4.869233,0.675549,29.970770
33.64000,-4.597819,0.713850,29.557463
33.64500,-4.338067,0.740477,29.149829
33.65000,-4.089944,0.756750,28.748064
33.65500,-3.853357,0.763897,28.352294
33.66000,-3.628161,0.763048,27.962580
33.66500,-3.414165,0.755240,27.578938
33.67000,-3.211138,0.741421,27.201342
33.67500,-3.018817,0.722453,26.829738
33.68000,-2.836910,0.699115,26.464043
33.68500,-2.665107,0.672109,26.104161
33.69000,-2.503077,0.642066,25.749981
33.69500,-2.350477,0.609545,25.401383
33.70000,-2.206956,0.575047,25.058241
33.70500,-2.072157,0.539009,24.720429
33.71000,-1.945719,0.501819,24.387818
33.71500,-1.827283,0.463812,24.060281
33.72000,-1.716491,0.425281,23.737695
33.72500,-1.612989,0.386474,23.419937
33.73000,-1.516430,0.347605,23.106891
33.73500,-1.426474,0.308852,22.798445
33.74000,-1.342789,0.270362,22.494492
33.74500,-1.265053,0.232257,22.194928
33.75000,-1.192956,0.194630,21.899657
33.75500,-1.126196,0.157557,21.608585
33.76000,-1.064486,0.121090,21.321625
33.76500,-1.007548,0.085265,21.038693
33.77000,-0.955119,0.050103,20.759708
33.77500,-0.906944,0.015611,20.484597
33.78000,-0.862785,-0.018217,20.213288
33.78500,-0.822414,-0.051397,19.945711
33.79000,-0.785614,-0.083952,19.681804
33.79500,-0.752181,-0.115918,19.421503
33.80000,-0.721925,-0.147334,19.164750
33.80500,-0.694664,-0.178245,18.911488
33.81000,-0.670229,-0.208704,18.661664
33.81500,-0.648460,-0.238765,18.415226
33.82000,-0.629212,-0.268490,18.172123
33.82500,-0.612344,-0.297940,17.932309
33.83000,-0.597730,-0.327182,17.695738
33.83500,-0.585251,-0.356283,17.462364
33.84000,-0.574798,-0.385314,17.232146
33.84500,-0.566271,-0.414348,17.005042
33.85000,-0.559577,-0.443457,16.781011
33.85500,-0.554632,-0.472717,16.560017
33.86000,-0.551361,-0.502205,16.342021
33.86500,-0.549695,-0.531999,16.126987
33.87000,-0.549572,-0.562177,15.914881
33.87500,-0.550938,-0.592821,15.705668
33.88000,-0.553746,-0.624011,15.499318
33.88500,-0.557952,-0.655830,15.295799
33.89000,-0.563523,-0.688364,15.095080
33.89500,-0.570427,-0.721698,14.897133
33.90000,-0.578643,-0.755919,14.701931
33.90500,-0.588150,-0.791117,14.509447
33.91000,-0.598936,-0.827383,14.319657
33.91500,-0.610993,-0.864811,14.132537
33.92000,-0.624318,-0.903497,13.948066
33.92500,-0.638912,-0.943538,13.766223
33.93000,-0.654783,-0.985037,13.586989
33.93500,-0.671942,-1.028097,13.410348
33.94000,-0.690405,-1.072826,13.236284
33.94500,-0.710192,-1.119336,13.064783
33.95000,-0.731328,-1.167741,12.895835
33.95500,-0.753844,-1.218160,12.729432
33.96000,-0.777772,-1.270717,12.565565
33.96500,-0.803152,-1.325541,12.404232
33.97000,-0.830026,-1.382765,12.245432
33.97500,-0.858442,-1.442528,12.089166
33.98000,-0.888453,-1.504974,11.935440
33.98500,-0.920114,-1.570255,11.784262
33.99000,-0.953488,-1.638529,11.635646
33.99500,-0.988641,-1.709958,11.489608
34.00000,-1.025644,-1.784716,11.346170
34.00500,-1.064575,-1.862981,11.205358
34.01000,-1.105513,-1.944942,11.067205
34.01500,-1.148547,-2.030793,10.931748
34.02000,-1.193770,-2.120740,10.799032
34.02500,-1.241278,-2.214999,10.669109
34.03000,-1.291177,-2.313792,10.542038
34.03500,-1.343577,-2.417354,10.417887
34.04000,-1.398595,-2.525931,10.296734
34.04500,-1.456353,-2.639779,10.178666
34.05000,-1.516982,-2.759166,10.063782
34.05500,-1.580618,-2.884372,9.952194
34.06000,-1.647407,-3.015689,9.844025
34.06500,-1.717498,-3.153421,9.739416
34.07000,-1.791053,-3.297888,9.638522
34.07500,-1.868239,-3.449419,9.541517
34.08000,-1.949231,-3.608359,9.448593
34.08500,-2.034215,-3.775067,9.359965
34.09000,-2.123383,-3.949913,9.275870
34.09500,-2.216937,-4.133283,9.196572
34.10000,-2.315089,-4.325575,9.122363
34.10500,-2.418061,-4.527201,9.053563
34.11000,-2.526082,-4.738583,8.990529
34.11500,-2.639392,-4.960156,8.933653
34.12000,-2.758243,-5.192367,8.883368
34.12500,-2.882893,-5.435669,8.840148
34.13000,-3.013612,-5.690523,8.804518
34.13500,-3.150679,-5.957397,8.777052
34.14000,-3.294381,-6.236759,8.758381
34.14500,-3.445017,-6.529077,8.749199
34.15000,-3.602890,-6.834814,8.750261
34.15500,-3.768315,-7.154425,8.762398
34.16000,-3.941609,-7.488347,8.786514
34.16500,-4.123097,-7.836996,8.823596
34.17000,-4.313109,-8.200762,8.874718
34.17500,-4.511973,-8.579992,8.941050
34.18000,-4.720020,-8.974988,9.023856
34.18500,-4.937578,-9.385989,9.124509
34.19000,-5.164967,-9.813161,9.244489
34.19500,-5.402499,-10.256582,9.385387
34.20000,-5.650472,-10.716220,9.548913
34.20500,-5.909163,-11.191917,9.736895
34.21000,-6.178827,-11.683368,9.951279
34.21500,-6.459685,-12.190091,10.194129
34.22000,-6.751921,-12.711407,10.467621
34.22500,-7.055670,-13.246404,10.774034
34.23000,-7.371010,-13.793913,11.115741
34.23500,-7.697951,-14.352464,11.495192
34.24000,-8.036423,-14.920262,11.914889
34.24500,-8.386264,-15.495143,12.377360
34.25000,-8.747202,-16.074540,12.885122
34.25500,-9.118845,-16.655448,13.440635
34.26000,-9.500660,-17.234391,14.046248
34.26500,-9.891961,-17.807391,14.704138
34.27000,-10.291886,-18.369950,15.416231
34.27500,-10.699383,-18.917030,16.184119
34.28000,-11.113195,-19.443059,17.008966
34.28500,-11.531837,-19.941937,17.891401
34.29000,-11.953590,-20.407072,18.831409
34.29500,-12.376486,-20.831431,19.828209
34.30000,-12.798300,-21.207623,20.880144
34.30500,-13.216548,-21.527996,21.984559
34.31000,-13.628490,-21.784782,23.137703
34.31500,-14.031143,-21.970257,24.334639
34.32000,-14.421296,-22.076938,25.569183
34.32500,-14.795541,-22.097803,26.833874
34.33000,-15.150310,-22.026531,28.119987
34.33500,-15.481923,-21.857756,29.417594
34.34000,-15.786646,-21.587324,30.715680
34.34500,-16.060760,-21.212533,32.002315
34.35000,-16.300636,-20.732351,33.264886
34.35500,-16.502815,-20.147594,34.490383
34.36000,-16.664097,-19.461043,35.665725
34.36500,-16.781621,-18.677497,36.778127
34.37000,-16.852950,-17.803743,37.815471
34.37500,-16.876143,-16.848449,38.766688
34.38000,-16.849818,-15.821965,39.622098
34.38500,-16.773205,-14.736054,40.373718
34.39000,-16.646167,-13.603562,41.015498
34.39500,-16.469225,-12.438030,41.543483
34.40000,-16.243541,-11.253296,41.955884
34.40500,-15.970893,-10.063084,42.253063
34.41000,-15.653634,-8.880611,42.437427
34.41500,-15.294624,-7.718246,42.513249
34.42000,-14.897161,-6.587208,42.486425
34.42500,-14.464896,-5.497345,42.364187
34.43000,-14.001747,-4.456979,42.154788
34.43500,-13.511804,-3.472825,41.867185
34.44000,-12.999249,-2.549976,41.510722
34.44500,-12.468266,-1.691953,41.094850
34.45000,-11.922972,-0.900805,40.628869
34.45500,-11.367349,-0.177237,40.121717
34.46000,-10.805189,0.479222,39.581805
34.46500,-10.240052,1.070048,39.016890
34.47000,-9.675230,1.597544,38.433995
34.47500,-9.113726,2.064662,37.839368
34.48000,-8.558240,2.474843,37.238466
34.48500,-8.011163,2.831866,36.635974
34.49000,-7.474581,3.139718,36.035838
34.49500,-6.950280,3.402480,35.441315
34.50000,-6.439759,3.624239,34.855032
34.50500,-5.944246,3.809004,34.279056
34.51000,-5.464719,3.960658,33.714954
34.51500,-5.001920,4.082907,33.163866
34.52000,-4.556380,4.179253,32.626563
34.52500,-4.128440,4.252972,32.103511
34.53000,-3.718269,4.307108,31.594922
34.53500,-3.325885,4.344465,31.100803
34.54000,-2.951176,4.367610,30.621001
34.54500,-2.593914,4.378881,30.155237
34.55000,-2.253773,4.380397,29.703141
34.55500,-1.930349,4.374065,29.264275
34.56000,-1.623163,4.361601,28.838160
34.56500,-1.331687,4.344536,28.424291
34.57000,-1.055343,4.324234,28.022151
34.57500,-0.793521,4.301907,27.631228
34.58000,-0.545585,4.278624,27.251017
34.58500,-0.310880,4.255329,26.881032
34.59000,-0.088741,4.232850,26.520810
34.59500,0.121503,4.211913,26.169913
34.60000,0.320524,4.193151,25.827931
34.60500,0.508987,4.177114,25.494486
34.61000,0.687555,4.164281,25.169228
34.61500,0.856874,4.155062,24.851837
34.62000,1.017583,4.149816,24.542024
34.62500,1.170302,4.148846,24.239529
34.63000,1.315636,4.152417,23.944118
34.63500,1.454173,4.160752,23.655585
34.64000,1.586481,4.174044,23.373751
34.64500,1.713109,4.192457,23.098458
34.65000,1.834589,4.216131,22.829573
34.65500,1.951430,4.245189,22.566984
34.66000,2.064125,4.279734,22.310601
34.66500,2.173145,4.319856,22.060353
34.67000,2.278944,4.365637,21.816188
34.67500,2.381957,4.417148,21.578070
34.68000,2.482599,4.474454,21.345984
34.68500,2.581272,4.537616,21.119930
34.69000,2.678359,4.606690,20.899922
34.69500,2.774225,4.681733,20.685995
34.70000,2.869224,4.762798,20.478196
34.70500,2.963693,4.849940,20.276589
34.71000,3.057955,4.943215,20.081254
34.71500,3.152320,5.042679,19.892285
34.72000,3.247088,5.148389,19.709794
34.72500,3.342544,5.260405,19.533908
34.73000,3.438964,5.378789,19.364772
34.73500,3.536613,5.503601,19.202546
34.74000,3.635746,5.634906,19.047408
34.74500,3.736609,5.772767,18.899554
34.75000,3.839439,5.917247,18.759200
34.75500,3.944465,6.068410,18.626579
34.76000,4.051906,6.226314,18.501945
34.76500,4.161975,6.391017,18.385573
34.77000,4.274877,6.562570,18.277758
34.77500,4.390809,6.741019,18.178818
34.78000,4.509960,6.926400,18.089092
34.78500,4.632512,7.118740,18.008945
34.79000,4.758639,7.318052,17.938763
34.79500,4.888507,7.524334,17.878959
34.80000,5.022273,7.737566,17.829968
34.80500,5.160084,7.957707,17.792253
34.81000,5.302079,8.184691,17.766299
34.81500,5.448386,8.418423,17.752618
34.82000,5.599120,8.658775,17.751747
34.82500,5.754384,8.905586,17.764244
34.83000,5.914267,9.158649,17.790693
34.83500,6.078844,9.417713,17.831697
34.84000,6.248170,9.682477,17.887880
34.84500,6.422284,9.952581,17.959880
34.85000,6.601202,10.227605,18.048352
34.85500,6.784918,10.507058,18.153958
34.86000,6.973401,10.790379,18.277365
34.86500,7.166591,11.076925,18.419239
34.87000,7.364399,11.365966,18.580241
34.87500,7.566701,11.656685,18.761012
34.88000,7.773338,11.948164,18.962175
34.88500,7.984110,12.239388,19.184314
34.89000,8.198777,12.529232,19.427971
34.89500,8.417052,12.816468,19.693629
34.90000,8.638599,13.099754,19.981701
34.90500,8.863030,13.377637,20.292512
34.91000,9.089903,13.648556,20.626287
34.91500,9.318719,13.910841,20.983131
34.92000,9.548918,14.162723,21.363014
34.92500,9.779882,14.402338,21.765748
34.93000,10.010926,14.627741,22.190975
34.93500,10.241304,14.836917,22.638144
34.94000,10.470207,15.027801,23.106495
34.94500,10.696763,15.198298,23.595046
34.95000,10.920040,15.346307,24.102571
34.95500,11.139051,15.469750,24.627599
34.96000,11.352755,15.566600,25.168397
34.96500,11.560066,15.634921,25.722971
34.97000,11.759860,15.672897,26.289063
34.97500,11.950981,15.678875,26.864160
34.98000,12.132256,15.651405,27.445507
34.98500,12.302502,15.589274,28.030119
34.99000,12.460543,15.491545,28.614816
34.99500,12.605221,15.357596,29.196247
35.00000,12.735413,15.187146,29.770931
35.00500,12.850046,14.980282,30.335303
35.01000,12.948113,14.737480,30.885761
35.01500,13.028690,14.459615,31.418721
35.02000,13.090948,14.147962,31.930674
35.02500,13.134173,13.804195,32.418240
35.03000,13.157776,13.430366,32.878227
35.03500,13.161306,13.028884,33.307687
35.04000,13.144458,12.602476,33.703961
35.04500,13.107084,12.154148,34.064728
35.05000,13.049195,11.687137,34.388038
35.05500,12.970963,11.204849,34.672343
35.06000,12.872721,10.710809,34.916513
35.06500,12.754961,10.208593,35.119845
35.07000,12.618323,9.701773,35.282063
35.07500,12.463589,9.193853,35.403304
35.08000,12.291674,8.688220,35.484100
35.08500,12.103605,8.188089,35.525346
35.09000,11.900515,7.696463,35.528272
35.09500,11.683618,7.216095,35.494394
35.10000,11.454200,6.749463,35.425481
35.10500,11.213596,6.298748,35.323497
35.11000,10.963176,5.865821,35.190566
35.11500,10.704324,5.452243,35.028920
35.12000,10.438429,5.059266,34.840861
35.12500,10.166862,4.687841,34.628715
35.13000,9.890969,4.338631,34.394803
35.13500,9.612056,4.012036,34.141404
35.14000,9.331376,3.708208,33.870729
35.14500,9.050127,3.427077,33.584902
35.15000,8.769436,3.168378,33.285939
35.15500,8.490361,2.931675,32.975737
35.16000,8.213881,2.716388,32.656063
35.16500,7.940898,2.521817,32.328551
35.17000,7.672233,2.347165,31.994700
35.17500,7.408625,2.191562,31.655872
35.18000,7.150734,2.054085,31.313297
35.18500,6.899141,1.933772,30.968080
35.19000,6.654353,1.829647,30.621203
35.19500,6.416803,1.740724,30.273537
35.20000,6.186856,1.666028,29.925846
35.20500,5.964810,1.604599,29.578797
35.21000,5.750904,1.555504,29.232968
35.21500,5.545322,1.517843,28.888860
35.22000,5.348192,1.490755,28.546899
35.22500,5.159598,1.473421,28.207449
35.23000,4.979581,1.465067,27.870817
35.23500,4.808141,1.464969,27.537260
35.24000,4.645247,1.472450,27.206993
35.24500,4.490836,1.486881,26.880193
35.25000,4.344818,1.507685,26.557005
35.25500,4.207082,1.534331,26.237547
35.26000,4.077496,1.566336,25.921916
35.26500,3.955915,1.603263,25.610186
35.27000,3.842176,1.644718,25.302419
35.27500,3.736111,1.690351,24.998662
35.28000,3.637540,1.739851,24.698952
35.28500,3.546280,1.792945,24.403320
35.29000,3.462143,1.849397,24.111787
35.29500,3.384942,1.909005,23.824373
35.30000,3.314487,1.971598,23.541094
35.30500,3.250591,2.037037,23.261963
35.31000,3.193071,2.105209,22.986995
35.31500,3.141746,2.176029,22.716202
35.32000,3.096442,2.249436,22.449600
35.32500,3.056990,2.325390,22.187205
35.33000,3.023229,2.403876,21.929035
35.33500,2.995005,2.484895,21.675113
35.34000,2.972171,2.568467,21.425464
35.34500,2.954590,2.654632,21.180117
35.35000,2.942134,2.743441,20.939106
35.35500,2.934683,2.834963,20.702470
35.36000,2.932127,2.929280,20.470253
35.36500,2.934366,3.026486,20.242505
35.37000,2.941310,3.126686,20.019281
35.37500,2.952879,3.229997,19.800645
35.38000,2.969000,3.336547,19.586666
35.38500,2.989615,3.446470,19.377423
35.39000,3.014671,3.559913,19.173001
35.39500,3.044127,3.677028,18.973496
35.40000,3.077952,3.797976,18.779011
35.40500,3.116123,3.922923,18.589662
35.41000,3.158629,4.052043,18.405574
35.41500,3.205465,4.185516,18.226883
35.42000,3.256637,4.323524,18.053741
35.42500,3.312160,4.466257,17.886308
35.43000,3.372056,4.613908,17.724764
35.43500,3.436357,4.766671,17.569298
35.44000,3.505102,4.924743,17.420121
35.44500,3.578338,5.088325,17.277457
35.45000,3.656120,5.257615,17.141551
35.45500,3.738509,5.432813,17.012665
35.46000,3.825574,5.614115,16.891084
35.46500,3.917389,5.801716,16.777114
35.47000,4.014035,5.995804,16.671084
35.47500,4.115596,6.196564,16.573348
35.48000,4.222162,6.404170,16.484285
35.48500,4.333828,6.618788,16.404301
35.49000,4.450691,6.840569,16.333833
35.49500,4.572849,7.069650,16.273345
35.50000,4.700405,7.306151,16.223332
35.50500,4.833458,7.550168,16.184323
35.51000,4.972109,7.801774,16.156877
35.51500,5.116456,8.061012,16.141589
35.52000,5.266595,8.327891,16.139088
35.52500,5.422615,8.602383,16.150037
35.53000,5.584598,8.884413,16.175133
35.53500,5.752619,9.173860,16.215108
35.54000,5.926741,9.470545,16.270728
35.54500,6.107014,9.774227,16.342787
35.55000,6.293471,10.084594,16.432113
35.55500,6.486128,10.401259,16.539557
35.56000,6.684978,10.723748,16.665992
35.56500,6.889990,11.051492,16.812310
35.57000,7.101103,11.383822,16.979412
35.57500,7.318225,11.719958,17.168204
35.58000,7.541227,12.058997,17.379584
35.58500,7.769938,12.399912,17.614435
35.59000,8.004145,12.741538,17.873609
35.59500,8.243581,13.082567,18.157917
35.60000,8.487927,13.421541,18.468108
35.60500,8.736805,13.756848,18.804854
35.61000,8.989773,14.086718,19.168727
35.61500,9.246318,14.409223,19.560180
35.62000,9.505856,14.722278,19.979521
35.62500,9.767726,15.023646,20.426886
35.63000,10.031187,15.310947,20.902217
35.63500,10.295413,15.581671,21.405228
35.64000,10.559495,15.833198,21.935384
35.64500,10.822437,16.062816,22.491869
35.65000,11.083159,16.267753,23.073562
35.65500,11.340495,16.445210,23.679015
35.66000,11.593203,16.592400,24.306432
35.66500,11.839964,16.706593,24.953653
35.67000,12.079394,16.785169,25.618150
35.67500,12.310053,16.825667,26.297020
35.68000,12.530454,16.825846,26.986995
35.68500,12.739083,16.783741,27.684460
35.69000,12.934409,16.697725,28.385474
35.69500,13.114909,16.566564,29.085815
35.70000,13.279081,16.389473,29.781021
35.70500,13.425473,16.166155,30.466456
35.71000,13.552702,15.896848,31.137371
35.71500,13.659475,15.582348,31.788987
35.72000,13.744619,15.224021,32.416571
35.72500,13.807095,14.823808,33.015527
35.73000,13.846026,14.384208,33.581481
35.73500,13.860711,13.908246,34.110365
35.74000,13.850644,13.399430,34.598498
35.74500,13.815525,12.861691,35.042654
35.75000,13.755269,12.299312,35.440126
35.75500,13.670011,11.716843,35.788770
35.76000,13.560107,11.119017,36.087037
35.76500,13.426128,10.510655,36.333988
35.77000,13.268853,9.896575,36.529295
35.77500,13.089256,9.281500,36.673219
35.78000,12.888490,8.669978,36.766585
35.78500,12.667867,8.066303,36.810734
35.79000,12.428838,7.474451,36.807466
35.79500,12.172967,6.898029,36.758982
35.80000,11.901908,6.340238,36.667813
35.80500,11.617381,5.803839,36.536749
35.81000,11.321145,5.291150,36.368772
35.81500,11.014974,4.804035,36.166982
35.82000,10.700637,4.343922,35.934539
35.82500,10.379877,3.911817,35.674602
35.83000,10.054387,3.508331,35.390281
35.83500,9.725804,3.133713,35.084588
35.84000,9.395684,2.787885,34.760407
35.84500,9.065499,2.470482,34.420465
35.85000,8.736624,2.180891,34.067307
35.85500,8.410332,1.918290,33.703292
35.86000,8.087791,1.681687,33.330573
35.86500,7.770056,1.469953,32.951106
35.87000,7.458078,1.281860,32.566645
35.87500,7.152697,1.116108,32.178753
35.88000,6.854647,0.971352,31.788806
35.88500,6.564562,0.846229,31.398007
35.89000,6.282977,0.739373,31.007399
35.89500,6.010334,0.649436,30.617872
35.90000,5.746992,0.575103,30.230187
35.90500,5.493225,0.515100,29.844978
35.91000,5.249235,0.468206,29.462776
35.91500,5.015156,0.433256,29.084011
35.92000,4.791059,0.409153,28.709034
35.92500,4.576962,0.394861,28.338121
35.93000,4.372830,0.389418,27.971485
35.93500,4.178588,0.391927,27.609289
35.94000,3.994120,0.401561,27.251647
35.94500,3.819278,0.417559,26.898638
35.95000,3.653885,0.439228,26.550309
35.95500,3.497742,0.465937,26.206682
35.96000,3.350629,0.497114,25.867759
35.96500,3.212310,0.532248,25.533524
35.97000,3.082538,0.570879,25.203951
35.97500,2.961057,0.612601,24.879003
35.98000,2.847604,0.657055,24.558635
35.98500,2.741913,0.703930,24.242799
35.99000,2.643717,0.752952,23.931444
35.99500,2.552748,0.803890,23.624515
36.00000,2.468744,0.856548,23.321960
36.00500,2.391443,0.910764,23.023725
36.01000,2.320592,0.966406,22.729758
36.01500,2.255943,1.023371,22.440008
36.02000,2.197256,1.081581,22.154428
36.02500,2.144300,1.140984,21.872974
36.03000,2.096852,1.201546,21.595602
36.03500,2.054700,1.263258,21.322273
36.04000,2.017642,1.326126,21.052953
36.04500,1.985487,1.390174,20.787607
36.05000,1.958053,1.455441,20.526209
36.05500,1.935171,1.521980,20.268732
36.06000,1.916683,1.589859,20.015156
36.06500,1.902441,1.659154,19.765462
36.07000,1.892311,1.729956,19.519638
36.07500,1.886166,1.802364,19.277672
36.08000,1.883894,1.876488,19.039561
36.08500,1.885393,1.952445,18.805302
36.09000,1.890571,2.030363,18.574899
36.09500,1.899347,2.110376,18.348360
36.10000,1.911652,2.192626,18.125698
36.10500,1.927427,2.277263,17.906931
36.11000,1.946621,2.364443,17.692081
36.11500,1.969198,2.454330,17.481179
36.12000,1.995127,2.547094,17.274260
36.12500,2.024390,2.642911,17.071365
36.13000,2.056977,2.741965,16.872544
36.13500,2.092890,2.844445,16.677852
36.14000,2.132138,2.950547,16.487355
36.14500,2.174739,3.060474,16.301125
36.15000,2.220722,3.174433,16.119245
36.15500,2.270124,3.292641,15.941806
36.16000,2.322991,3.415318,15.768913
36.16500,2.379376,3.542691,15.600680
36.17000,2.439345,3.674996,15.437234
36.17500,2.502967,3.812472,15.278715
36.18000,2.570323,3.955364,15.125281
36.18500,2.641502,4.103925,14.977100
36.19000,2.716599,4.258411,14.834362
36.19500,2.795719,4.419087,14.697273
36.20000,2.878974,4.586217,14.566059
36.20500,2.966484,4.760075,14.440967
36.21000,3.058377,4.940935,14.322267
36.21500,3.154786,5.129075,14.210255
36.22000,3.255854,5.324775,14.105250
36.22500,3.361729,5.528314,14.007603
36.23000,3.472565,5.739971,13.917693
36.23500,3.588524,5.960023,13.835932
36.24000,3.709772,6.188741,13.762766
36.24500,3.836479,6.426391,13.698680
36.25000,3.968822,6.673228,13.644196
36.25500,4.106980,6.929494,13.599879
36.26000,4.251134,7.195415,13.566336
36.26500,4.401469,7.471199,13.544223
36.27000,4.558169,7.757026,13.534242
36.27500,4.721416,8.053047,13.537148
36.28000,4.891391,8.359378,13.553747
36.28500,5.068272,8.676092,13.584901
36.29000,5.252229,9.003212,13.631526
36.29500,5.443423,9.340703,13.694597
36.30000,5.642005,9.688463,13.775144
36.30500,5.848112,10.046312,13.874256
36.31000,6.061861,10.413984,13.993074
36.31500,6.283352,10.791113,14.132795
36.32000,6.512657,11.177219,14.294666
36.32500,6.749817,11.571698,14.479975
36.33000,6.994841,11.973806,14.690049
36.33500,7.247696,12.382643,14.926244
36.34000,7.508301,12.797139,15.189931
36.34500,7.776526,13.216039,15.482484
36.35000,8.052178,13.637886,15.805262
36.35500,8.334998,14.061007,16.159591
36.36000,8.624654,14.483500,16.546734
36.36500,8.920730,14.903220,16.967872
36.37000,9.222719,15.317773,17.424064
36.37500,9.530017,15.724504,17.916218
36.38000,9.841912,16.120499,18.445048
36.38500,10.157581,16.502590,19.011031
36.39000,10.476077,16.867356,19.614364
36.39500,10.796330,17.211149,20.254914
36.40000,11.117136,17.530113,20.932166
36.40500,11.437160,17.820222,21.645178
36.41000,11.754930,18.077322,22.392531
36.41500,12.068842,18.297189,23.172282
36.42000,12.377166,18.475597,23.981932
36.42500,12.678049,18.608393,24.818388
36.43000,12.969530,18.691586,25.677953
36.43500,13.249556,18.721445,26.556314
36.44000,13.516000,18.694602,27.448557
36.44500,13.766685,18.608155,28.349195
36.45000,13.999413,18.459779,29.252221
36.45500,14.211997,18.247827,30.151177
36.46000,14.402293,17.971420,31.039249
36.46500,14.568240,17.630530,31.909379
36.47000,14.707899,17.226037,32.754394
36.47500,14.819491,16.759767,33.567156
36.48000,14.901437,16.234501,34.340710
36.48500,14.952392,15.653956,35.068446
36.49000,14.971283,15.022734,35.744253
36.49500,14.957330,14.346241,36.362660
36.50000,14.910076,13.630579,36.918970
36.50500,14.829396,12.882412,37.409365
36.51000,14.715507,12.108815,37.830982
36.51500,14.568969,11.317111,38.181963
36.52000,14.390673,10.514700,38.461473
36.52500,14.181825,9.708894,38.669679
36.53000,13.943925,8.906755,38.807707
36.53500,13.678736,8.114954,38.877565
36.54000,13.388245,7.339648,38.882046
36.54500,13.074629,6.586380,38.824615
36.55000,12.740215,5.860004,38.709283
36.55500,12.387432,5.164642,38.540477
36.56000,12.018775,4.503659,38.322910
36.56500,11.636760,3.879666,38.061457
36.57000,11.243894,3.294544,37.761043
36.57500,10.842634,2.749487,37.426536
36.58000,10.435358,2.245051,37.062664
36.58500,10.024342,1.781222,36.673941
36.59000,9.611740,1.357485,36.264614
36.59500,9.199562,0.972895,35.838620
36.60000,8.789667,0.626151,35.399563
36.60500,8.383749,0.315666,34.950695
36.61000,7.983341,0.039632,34.494918
36.61500,7.589805,-0.203919,34.034790
36.62000,7.204341,-0.417061,33.572535
36.62500,6.827984,-0.601929,33.110063
36.63000,6.461618,-0.760673,32.648994
36.63500,6.105976,-0.895429,32.190680
36.64000,5.761654,-1.008288,31.736234
36.64500,5.429117,-1.101277,31.286552
36.65000,5.108711,-1.176338,30.842343
36.65500,4.800673,-1.235320,30.404150
36.66000,4.505142,-1.279964,29.972375
36.66500,4.222165,-1.311904,29.547298
36.67000,3.951712,-1.332662,29.129101
36.67500,3.693683,-1.343647,28.717879
36.68000,3.447916,-1.346156,28.313660
36.68500,3.214197,-1.341379,27.916417
36.69000,2.992265,-1.330401,27.526078
36.69500,2.781825,-1.314207,27.142539
36.70000,2.582548,-1.293688,26.765671
36.70500,2.394080,-1.269646,26.395326
36.71000,2.216048,-1.242800,26.031345
36.71500,2.048064,-1.213793,25.673560
36.72000,1.889728,-1.183194,25.321800
36.72500,1.740636,-1.151508,24.975896
36.73000,1.600377,-1.119179,24.635677
36.73500,1.468544,-1.086596,24.300979
36.74000,1.344728,-1.054096,23.971641
36.74500,1.228528,-1.021975,23.647510
36.75000,1.119547,-0.990483,23.328438
36.75500,1.017397,-0.959836,23.014284
36.76000,0.921699,-0.930215,22.704915
36.76500,0.832085,-0.901775,22.400205
36.77000,0.748196,-0.874641,22.100034
36.77500,0.669688,-0.848916,21.804290
36.78000,0.596227,-0.824684,21.512867
36.78500,0.527492,-0.802010,21.225664
36.79000,0.463176,-0.780944,20.942588
36.79500,0.402984,-0.761523,20.663549
36.80000,0.346634,-0.743771,20.388464
36.80500,0.293856,-0.727705,20.117253
36.81000,0.244394,-0.713332,19.849841
36.81500,0.198004,-0.700652,19.586158
36.82000,0.154453,-0.689663,19.326134
36.82500,0.113521,-0.680355,19.069708
36.83000,0.074997,-0.672718,18.816817
36.83500,0.038685,-0.666736,18.567403
36.84000,0.004394,-0.662396,18.321410
36.84500,-0.028052,-0.659682,18.078785
36.85000,-0.058823,-0.658577,17.839477
36.85500,-0.088079,-0.659068,17.603437
36.86000,-0.115971,-0.661139,17.370617
36.86500,-0.142643,-0.664780,17.140972
36.87000,-0.168229,-0.669978,16.914459
36.87500,-0.192859,-0.676727,16.691033
36.88000,-0.216655,-0.685020,16.470656
36.88500,-0.239733,-0.694855,16.253287
36.89000,-0.262203,-0.706233,16.038888
36.89500,-0.284170,-0.719157,15.827423
36.90000,-0.305735,-0.733635,15.618856
36.90500,-0.326992,-0.749679,15.413152
36.91000,-0.348033,-0.767302,15.210279
36.91500,-0.368947,-0.786525,15.010205
36.92000,-0.389819,-0.807371,14.812899
36.92500,-0.410729,-0.829867,14.618332
36.93000,-0.431759,-0.854046,14.426476
36.93500,-0.452984,-0.879945,14.237305
36.94000,-0.474480,-0.907604,14.050792
36.94500,-0.496320,-0.937071,13.866916
36.95000,-0.518579,-0.968397,13.685652
36.95500,-0.541326,-1.001638,13.506980
36.96000,-0.564633,-1.036856,13.330882
36.96500,-0.588572,-1.074120,13.157339
36.97000,-0.613212,-1.113500,12.986336
36.97500,-0.638624,-1.155077,12.817860
36.98000,-0.664881,-1.198936,12.651900
36.98500,-0.692054,-1.245166,12.488445
36.99000,-0.720217,-1.293866,12.327490
36.99500,-0.749444,-1.345139,12.169030
37.00000,-0.779812,-1.399097,12.013064
37.00500,-0.811399,-1.455857,11.859593
37.01000,-0.844285,-1.515544,11.708623
37.01500,-0.878553,-1.578293,11.560162
37.02000,-0.914288,-1.644242,11.414223
37.02500,-0.951578,-1.713543,11.270822
37.03000,-0.990515,-1.786352,11.129981
37.03500,-1.031194,-1.862837,10.991727
37.04000,-1.073713,-1.943173,10.856090
37.04500,-1.118175,-2.027545,10.723109
37.05000,-1.164687,-2.116150,10.592828
37.05500,-1.213359,-2.209193,10.465298
37.06000,-1.264310,-2.306891,10.340579
37.06500,-1.317659,-2.409472,10.218740
37.07000,-1.373534,-2.517174,10.099856
37.07500,-1.432068,-2.630250,9.984015
37.08000,-1.493400,-2.748963,9.871317
37.08500,-1.557674,-2.873588,9.761872
37.09000,-1.625043,-3.004416,9.655806
37.09500,-1.695665,-3.141748,9.553256
37.10000,-1.769708,-3.285901,9.454381
37.10500,-1.847344,-3.437205,9.359352
37.11000,-1.928756,-3.596003,9.268363
37.11500,-2.014133,-3.762654,9.181629
37.12000,-2.103676,-3.937530,9.099388
37.12500,-2.197590,-4.121017,9.021904
37.13000,-2.296092,-4.313516,8.949469
37.13500,-2.399409,-4.515440,8.882407
37.14000,-2.507775,-4.727215,8.821074
37.14500,-2.621436,-4.949280,8.765864
37.15000,-2.740646,-5.182085,8.717211
37.15500,-2.865670,-5.426087,8.675595
37.16000,-2.996781,-5.681754,8.641540
37.16500,-3.134263,-5.949558,8.615625
37.17000,-3.278409,-6.229974,8.598486
37.17500,-3.429522,-6.523477,8.590819
37.18000,-3.587910,-6.830537,8.593388
37.18500,-3.753891,-7.151615,8.607027
37.19000,-3.927791,-7.487158,8.632649
37.19500,-4.109939,-7.837590,8.671249
37.20000,-4.300668,-8.203308,8.723912
37.20500,-4.500315,-8.584669,8.791818
37.21000,-4.709215,-8.981984,8.876245
37.21500,-4.927702,-9.395500,8.978579
37.22000,-5.156103,-9.825392,9.100316
37.22500,-5.394735,-10.271744,9.243068
37.23000,-5.643902,-10.734533,9.408564
37.23500,-5.903889,-11.213607,9.598657
37.24000,-6.174956,-11.708664,9.815317
37.24500,-6.457330,-12.219226,10.060636
37.25000,-6.751201,-12.744612,10.336823
37.25500,-7.056709,-13.283910,10.646191
37.26000,-7.373938,-13.835940,10.991149
37.26500,-7.702902,-14.399226,11.374188
37.27000,-8.043533,-14.971954,11.797851
37.27500,-8.395673,-15.551937,12.264711
37.28000,-8.759050,-16.136580,12.777330
37.28500,-9.133272,-16.722841,13.338215
37.29000,-9.517804,-17.307195,13.949761
37.29500,-9.911953,-17.885611,14.614189
37.30000,-10.314849,-18.453521,15.333468
37.30500,-10.725432,-19.005813,16.109227
37.31000,-11.142426,-19.536821,16.942659
37.31500,-11.564331,-20.040347,17.834413
37.32000,-11.989405,-20.509686,18.784482
37.32500,-12.415651,-20.937683,19.792079
37.33000,-12.840812,-21.316816,20.855519
37.33500,-13.262367,-21.639299,21.972103
37.34000,-13.677535,-21.897225,23.138009
37.34500,-14.083285,-22.082734,24.348203
37.35000,-14.476357,-22.188216,25.596378
37.35500,-14.853287,-22.206534,26.874922
37.36000,-15.210450,-22.131270,28.174934
37.36500,-15.544109,-21.956991,29.486284
37.37000,-15.850472,-21.679506,30.797737
37.37500,-16.125764,-21.296114,32.097127
37.38000,-16.366303,-20.805829,33.371601
37.38500,-16.568586,-20.209556,34.607911
37.39000,-16.729372,-19.510213,35.792752
37.39500,-16.845773,-18.712780,36.913134
37.40000,-16.915334,-17.824266,37.956773
37.40500,-16.936109,-16.853592,38.912471
37.41000,-16.906725,-15.811385,39.770469
37.41500,-16.826432,-14.709702,40.522760
37.42000,-16.695130,-13.561677,41.163323
37.42500,-16.513386,-12.381134,41.688287
37.43000,-16.282419,-11.182169,42.095997
37.43500,-16.004077,-9.978729,42.386990
37.44000,-15.680784,-8.784218,42.563883
37.44500,-15.315479,-7.611144,42.631180
37.45000,-14.911542,-6.470820,42.595025
37.45500,-14.472701,-5.373138,42.462896
37.46000,-14.002951,-4.326420,42.243287
37.46500,-13.506456,-3.337341,41.945376
37.47000,-12.987461,-2.410922,41.578713
37.47500,-12.450209,-1.550585,41.152923
37.48000,-11.898868,-0.758257,40.677450
37.48500,-11.337460,-0.034513,40.161349
37.49000,-10.769811,0.621259,39.613119
37.49500,-10.199504,1.210673,39.040574
37.50000,-9.629848,1.736167,38.450775
37.50500,-9.063856,2.200823,37.849982
37.51000,-8.504229,2.608197,37.243648
37.51500,-7.953357,2.962177,36.636438
37.52000,-7.413317,3.266843,36.032269
37.52500,-6.885883,3.526358,35.434359
37.53000,-6.372541,3.744876,34.845294
37.53500,-5.874502,3.926465,34.267093
37.54000,-5.392723,4.075052,33.701276
37.54500,-4.927928,4.194382,33.148935
37.55000,-4.480629,4.287983,32.610796
37.55500,-4.051144,4.359154,32.087280
37.56000,-3.639622,4.410951,31.578560
37.56500,-3.246063,4.446188,31.084604
37.57000,-2.870333,4.467436,30.605226
37.57500,-2.512187,4.477034,30.140115
37.58000,-2.171282,4.477099,29.688873
37.58500,-1.847195,4.469535,29.251039
37.59000,-1.539436,4.456050,28.826112
37.59500,-1.247457,4.438171,28.413568
37.60000,-0.970670,4.417253,28.012876
37.60500,-0.708452,4.394500,27.623507
37.61000,-0.460156,4.370973,27.244947
37.61500,-0.225116,4.347608,26.876700
37.62000,-0.002657,4.325224,26.518295
37.62500,0.207899,4.304539,26.169288
37.63000,0.407232,4.286179,25.829264
37.63500,0.596017,4.270686,25.497840
37.64000,0.774920,4.258531,25.174663
37.64500,0.944595,4.250120,24.859414
37.65000,1.105683,4.245803,24.551800
37.65500,1.258812,4.245881,24.251562
37.66000,1.404590,4.250609,23.958467
37.66500,1.543608,4.260209,23.672309
37.67000,1.676438,4.274868,23.392911
37.67500,1.803632,4.294745,23.120116
37.68000,1.925723,4.319977,22.853796
37.68500,2.043225,4.350683,22.593840
37.69000,2.156630,4.386962,22.340162
37.69500,2.266413,4.428902,22.092694
37.70000,2.373028,4.476581,21.851388
37.70500,2.476910,4.530066,21.616214
37.71000,2.578480,4.589421,21.387160
37.71500,2.678135,4.654702,21.164231
37.72000,2.776261,4.725963,20.947450
37.72500,2.873225,4.803256,20.736853
37.73000,2.969379,4.886634,20.532496
37.73500,3.065061,4.976145,20.334449
37.74000,3.160593,5.071843,20.142797
37.74500,3.256287,5.173779,19.957644
37.75000,3.352440,5.282005,19.779109
37.75500,3.449337,5.396577,19.607325
37.76000,3.547253,5.517550,19.442446
37.76500,3.646453,5.644979,19.284641
37.77000,3.747189,5.778920,19.134096
37.77500,3.849706,5.919430,18.991017
37.78000,3.954238,6.066563,18.855628
37.78500,4.061012,6.220372,18.728171
37.79000,4.170245,6.380905,18.608911
37.79500,4.282146,6.548208,18.498131
37.80000,4.396917,6.722319,18.396137
37.80500,4.514750,6.903268,18.303255
37.81000,4.635829,7.091075,18.219835
37.81500,4.760331,7.285749,18.146251
37.82000,4.888425,7.487284,18.082897
37.82500,5.020269,7.695655,18.030194
37.83000,5.156012,7.910820,17.988587
37.83500,5.295794,8.132710,17.958542
37.84000,5.439745,8.361231,17.940552
37.84500,5.587980,8.596259,17.935132
37.85000,5.740605,8.837632,17.942822
37.85500,5.897711,9.085152,17.964181
37.86000,6.059372,9.338575,17.999790
37.86500,6.225647,9.597610,18.050248
37.87000,6.396578,9.861911,18.116171
37.87500,6.572184,10.131072,18.198186
37.88000,6.752462,10.404625,18.296932
37.88500,6.937387,10.682030,18.413051
37.89000,7.126904,10.962671,18.547185
37.89500,7.320931,11.245850,18.699968
37.90000,7.519352,11.530785,18.872024
37.90500,7.722018,11.816599,19.063950
37.91000,7.928741,12.102322,19.276315
37.91500,8.139293,12.386880,19.509644
37.92000,8.353402,12.669098,19.764409
37.92500,8.570748,12.947696,20.041016
37.93000,8.790965,13.221286,20.339790
37.93500,9.013631,13.488375,20.660959
37.94000,9.238272,13.747368,21.004642
37.94500,9.464354,13.996571,21.370828
37.95000,9.691286,14.234201,21.759360
37.95500,9.918418,14.458393,22.169920
37.96000,10.145036,14.667215,22.602008
37.96500,10.370368,14.858681,23.054928
37.97000,10.593580,15.030775,23.527770
37.97500,10.813781,15.181468,24.019400
37.98000,11.030024,15.308748,24.528445
37.98500,11.241313,15.410648,25.053285
37.99000,11.446603,15.485276,25.592051
37.99500,11.644814,15.530852,26.142620
38.00000,11.834832,15.545739,26.702623
38.00500,12.015524,15.528487,27.269455
38.01000,12.185746,15.477863,27.840289
38.01500,12.344356,15.392891,28.412101
38.02000,12.490228,15.272886,28.981697
38.02500,12.622263,15.117481,29.545746
38.03000,12.739407,14.926656,30.100825
38.03500,12.840667,14.700760,30.643464
38.04000,12.925124,14.440517,31.170190
38.04500,12.991946,14.147038,31.677589
38.05000,13.040410,13.821816,32.162351
38.05500,13.069905,13.466713,32.621331
38.06000,13.079953,13.083938,33.051599
38.06500,13.070214,12.676019,33.450487
38.07000,13.040494,12.245766,33.815637
38.07500,12.990753,11.796223,34.145035
38.08000,12.921105,11.330620,34.437039
38.08500,12.831820,10.852317,34.690407
38.09000,12.723321,10.364747,34.904301
38.09500,12.596177,9.871360,35.078291
38.10000,12.451098,9.375563,35.212350
38.10500,12.288924,8.880671,35.306837
38.11000,12.110610,8.389853,35.362470
38.11500,11.917217,7.906092,35.380302
38.12000,11.709894,7.432145,35.361675
38.12500,11.489860,6.970516,35.308191
38.13000,11.258393,6.523434,35.221661
38.13500,11.016808,6.092835,35.104064
38.14000,10.766444,5.680361,34.957507
38.14500,10.508648,5.287354,34.784176
38.15000,10.244758,4.914866,34.586306
38.15500,9.976093,4.563666,34.366136
38.16000,9.703937,4.234264,34.125883
38.16500,9.429531,3.926921,33.867714
38.17000,9.154063,3.641675,33.593717
38.17500,8.878657,3.378367,33.305891
38.18000,8.604375,3.136661,33.006124
38.18500,8.332203,2.916070,32.696187
38.19000,8.063053,2.715981,32.377726
38.19500,7.797761,2.535678,32.052256
38.20000,7.537084,2.374362,31.721166
38.20500,7.281703,2.231172,31.385715
38.21000,7.032220,2.105206,31.047040
38.21500,6.789166,1.995532,30.706157
38.22000,6.552998,1.901210,30.363973
38.22500,6.324106,1.821296,30.021287
38.23000,6.102815,1.754861,29.678805
38.23500,5.889389,1.700994,29.337139
38.24000,5.684035,1.658813,28.996824
38.24500,5.486910,1.627470,28.658320
38.25000,5.298120,1.606154,28.322022
38.25500,5.117728,1.594099,27.988266
38.26000,4.945758,1.590580,27.657337
38.26500,4.782201,1.594922,27.329476
38.27000,4.627012,1.606495,27.004884
38.27500,4.480121,1.624715,26.683729
38.28000,4.341436,1.649047,26.366149
38.28500,4.210841,1.679001,26.052259
38.29000,4.088206,1.714132,25.742150
38.29500,3.973383,1.754039,25.435901
38.30000,3.866217,1.798360,25.133573
38.30500,3.766541,1.846777,24.835216
38.31000,3.674182,1.899008,24.540873
38.31500,3.588964,1.954806,24.250577
38.32000,3.510706,2.013960,23.964357
38.32500,3.439229,2.076291,23.682239
38.33000,3.374353,2.141650,23.404246
38.33500,3.315900,2.209916,23.130400
38.34000,3.263697,2.280995,22.860722
38.34500,3.217575,2.354817,22.595233
38.35000,3.177368,2.431337,22.333958
38.35500,3.142920,2.510530,22.076922
38.36000,3.114080,2.592391,21.824154
38.36500,3.090705,2.676935,21.575685
38.37000,3.072659,2.764192,21.331551
38.37500,3.059817,2.854210,21.091792
38.38000,3.052061,2.947051,20.856453
38.38500,3.049282,3.042792,20.625584
38.39000,3.051380,3.141522,20.399240
38.39500,3.058268,3.243341,20.177486
38.40000,3.069863,3.348361,19.960388
38.40500,3.086095,3.456704,19.748025
38.41000,3.106905,3.568503,19.540481
38.41500,3.132240,3.683897,19.337848
38.42000,3.162058,3.803034,19.140229
38.42500,3.196328,3.926070,18.947735
38.43000,3.235026,4.053168,18.760489
38.43500,3.278139,4.184496,18.578623
38.44000,3.325662,4.320228,18.402283
38.44500,3.377599,4.460542,18.231626
38.45000,3.433962,4.605621,18.066825
38.45500,3.494773,4.755650,17.908064
38.46000,3.560061,4.910817,17.755545
38.46500,3.629862,5.071314,17.609486
38.47000,3.704222,5.237329,17.470122
38.47500,3.783191,5.409054,17.337707
38.48000,3.866829,5.586676,17.212513
38.48500,3.955198,5.770382,17.094835
38.49000,4.048371,5.960353,16.984990
38.49500,4.146423,6.156764,16.883316
38.50000,4.249433,6.359784,16.790179
38.50500,4.357487,6.569571,16.705967
38.51000,4.470671,6.786271,16.631098
38.51500,4.589077,7.010016,16.566016
38.52000,4.712796,7.240920,16.511196
38.52500,4.841920,7.479078,16.467141
38.53000,4.976542,7.724560,16.434387
38.53500,5.116752,7.977410,16.413501
38.54000,5.262636,8.237637,16.405083
38.54500,5.414278,8.505216,16.409765
38.55000,5.571754,8.780082,16.428212
38.55500,5.735132,9.062121,16.461122
38.56000,5.904471,9.351166,16.509222
38.56500,6.079815,9.646994,16.573270
38.57000,6.261196,9.949312,16.654054
38.57500,6.448628,10.257758,16.752382
38.58000,6.642103,10.571889,16.869088
38.58500,6.841592,10.891174,17.005021
38.59000,7.047038,11.214983,17.161039
38.59500,7.258352,11.542587,17.338005
38.60000,7.475415,11.873142,17.536778
38.60500,7.698065,12.205683,17.758202
38.61000,7.926102,12.539120,18.003094
38.61500,8.159276,12.872225,18.272234
38.62000,8.397288,13.203633,18.566346
38.62500,8.639782,13.531831,18.886083
38.63000,8.886344,13.855159,19.232009
38.63500,9.136492,14.171805,19.604577
38.64000,9.389680,14.479810,20.004108
38.64500,9.645286,14.777070,20.430768
38.65000,9.902614,15.061344,20.884541
38.65500,10.160888,15.330265,21.365203
38.66000,10.419253,15.581354,21.872300
38.66500,10.676772,15.812043,22.405119
38.67000,10.932427,16.019700,22.962664
38.67500,11.185120,16.201658,23.543637
38.68000,11.433677,16.355249,24.146412
38.68500,11.676850,16.477848,24.769026
38.69000,11.913329,16.566920,25.409168
38.69500,12.141745,16.620061,26.064173
38.70000,12.360683,16.635062,26.731027
38.70500,12.568696,16.609955,27.406382
38.71000,12.764318,16.543072,28.086574
38.71500,12.946084,16.433100,28.767658
38.72000,13.112541,16.279129,29.445449
38.72500,13.262280,16.080700,30.115570
38.73000,13.393944,15.837844,30.773518
38.73500,13.506260,15.551110,31.414730
38.74000,13.598057,15.221583,32.034659
38.74500,13.668286,14.850892,32.628851
38.75000,13.716042,14.441198,33.193030
38.75500,13.740583,13.995175,33.723175
38.76000,13.741344,13.515973,34.215597
38.76500,13.717955,13.007166,34.667014
38.77000,13.670243,12.472690,35.074603
38.77500,13.598247,11.916774,35.436058
38.78000,13.502213,11.343855,35.749622
38.78500,13.382597,10.758499,36.014107
38.79000,13.240055,10.165307,36.228905
38.79500,13.075436,9.568837,36.393974
38.80000,12.889765,8.973518,36.509822
38.80500,12.684232,8.383574,36.577464
38.81000,12.460165,7.802965,36.598381
38.81500,12.219013,7.235325,36.574462
38.82000,11.962326,6.683922,36.507944
38.82500,11.691724,6.151626,36.401350
38.83000,11.408880,5.640891,36.257415
38.83500,11.115494,5.153745,36.079030
38.84000,10.813273,4.691796,35.869174
38.84500,10.503906,4.256246,35.630860
38.85000,10.189052,3.847904,35.367080
38.85500,9.870317,3.467224,35.080764
38.86000,9.549245,3.114328,34.774741
38.86500,9.227300,2.789042,34.451707
38.87000,8.905864,2.490936,34.114202
38.87500,8.586220,2.219360,33.764594
38.88000,8.269556,1.973476,33.405069
38.88500,7.956956,1.752299,33.037624
38.89000,7.649400,1.554728,32.664067
38.89500,7.347764,1.379571,32.286020
38.90000,7.052822,1.225582,31.904925
38.90500,6.765248,1.091477,31.522056
38.91000,6.485622,0.975959,31.138523
38.91500,6.214430,0.877736,30.755290
38.92000,5.952072,0.795536,30.373183
38.92500,5.698870,0.728120,29.992904
38.93000,5.455067,0.674291,29.615046
38.93500,5.220840,0.632903,29.240102
38.94000,4.996301,0.602865,28.868475
38.94500,4.781506,0.583150,28.500494
38.95000,4.576459,0.572791,28.136422
38.95500,4.381118,0.570889,27.776463
38.96000,4.195402,0.576608,27.420772
38.96500,4.019194,0.589178,27.069465
38.97000,3.852347,0.607891,26.722622
38.97500,3.694687,0.632103,26.380293
38.98000,3.546021,0.661228,26.042507
38.98500,3.406135,0.694737,25.709274
38.99000,3.274803,0.732157,25.380586
38.99500,3.151790,0.773064,25.056427
39.00000,3.036848,0.817084,24.736770
39.00500,2.929729,0.863890,24.421582
39.01000,2.830180,0.913195,24.110825
39.01500,2.737946,0.964753,23.804458
39.02000,2.652777,1.018355,23.502439
39.02500,2.574422,1.073827,23.204726
39.03000,2.502637,1.131025,22.911277
39.03500,2.437182,1.189836,22.622051
39.04000,2.377826,1.250172,22.337009
39.04500,2.324343,1.311973,22.056113
39.05000,2.276518,1.375199,21.779329
39.05500,2.234144,1.439833,21.506627
39.06000,2.197023,1.505876,21.237978
39.06500,2.164969,1.573347,20.973358
39.07000,2.137804,1.642282,20.712745
39.07500,2.115363,1.712731,20.456122
39.08000,2.097491,1.784758,20.203475
39.08500,2.084043,1.858442,19.954795
39.09000,2.074888,1.933871,19.710077
39.09500,2.069903,2.011145,19.469319
39.10000,2.068977,2.090375,19.232526
39.10500,2.072011,2.171680,18.999705
39.11000,2.078916,2.255190,18.770870
39.11500,2.089615,2.341041,18.546039
39.12000,2.104038,2.429380,18.325236
39.12500,2.122132,2.520360,18.108492
39.13000,2.143848,2.614142,17.895842
39.13500,2.169151,2.710894,17.687328
39.14000,2.198015,2.810790,17.483001
39.14500,2.230425,2.914013,17.282916
39.15000,2.266374,3.020751,17.087141
39.15500,2.305865,3.131198,16.895747
39.16000,2.348913,3.245556,16.708818
39.16500,2.395538,3.364032,16.526446
39.17000,2.445774,3.486841,16.348736
39.17500,2.499660,3.614202,16.175801
39.18000,2.557246,3.746340,16.007768
39.18500,2.618590,3.883487,15.844779
39.19000,2.683760,4.025881,15.686987
39.19500,2.752829,4.173762,15.534564
39.20000,2.825882,4.327378,15.387694
39.20500,2.903010,4.486981,15.246583
39.21000,2.984314,4.652827,15.111454
39.21500,3.069899,4.825175,14.982551
39.22000,3.159881,5.004286,14.860140
39.22500,3.254381,5.190424,14.744510
39.23000,3.353529,5.383854,14.635978
39.23500,3.457460,5.584840,14.534886
39.24000,3.566315,5.793643,14.441604
39.24500,3.680243,6.010524,14.356535
39.25000,3.799395,6.235734,14.280116
39.25500,3.923930,6.469519,14.212815
39.26000,4.054008,6.712114,14.155142
39.26500,4.189796,6.963741,14.107644
39.27000,4.331459,7.224603,14.070908
39.27500,4.479166,7.494885,14.045569
39.28000,4.633087,7.774745,14.032302
39.28500,4.793388,8.064310,14.031834
39.29000,4.960233,8.363674,14.044940
39.29500,5.133784,8.672886,14.072444
39.30000,5.314193,8.991947,14.115223
39.30500,5.501606,9.320802,14.174206
39.31000,5.696155,9.659328,14.250374
39.31500,5.897960,10.007330,14.344759
39.32000,6.107123,10.364526,14.458444
39.32500,6.323724,10.730541,14.592559
39.33000,6.547819,11.104890,14.748277
39.33500,6.779434,11.486968,14.926809
39.34000,7.018563,11.876039,15.129399
39.34500,7.265159,12.271219,15.357310
39.35000,7.519131,12.671462,15.611820
39.35500,7.780336,13.075551,15.894201
39.36000,8.048576,13.482077,16.205710
39.36500,8.323587,13.889431,16.547562
39.37000,8.605037,14.295792,16.920913
39.37500,8.892512,14.699112,17.326835
39.38000,9.185516,15.097115,17.766280
39.38500,9.483459,15.487283,18.240055
39.39000,9.785651,15.866865,18.748781
39.39500,10.091297,16.232872,19.292855
39.40000,10.399487,16.582093,19.872407
39.40500,10.709195,16.911106,20.487261
39.41000,11.019275,17.216306,21.136883
39.41500,11.328454,17.493935,21.820341
39.42000,11.635337,17.740123,22.536264
39.42500,11.938406,17.950944,23.282795
39.43000,12.236026,18.122471,24.057567
39.43500,12.526451,18.250852,24.857668
39.44000,12.807836,18.332386,25.679630
39.44500,13.078250,18.363613,26.519423
39.45000,13.335697,18.341406,27.372467
39.45500,13.578135,18.263067,28.233660
39.46000,13.803503,18.126422,29.097419
39.46500,14.009748,17.929913,29.957750
39.47000,14.194859,17.672686,30.808327
39.47500,14.356901,17.354656,31.642594
39.48000,14.494048,16.976566,32.453885
39.48500,14.604621,16.540023,33.235548
39.49000,14.687122,16.047506,33.981085
39.49500,14.740270,15.502351,34.684299
39.50000,14.763028,14.908714,35.339424
39.50500,14.754631,14.271493,35.941266
39.51000,14.714608,13.596244,36.485318
39.51500,14.642793,12.889057,36.967857
39.52000,14.539337,12.156427,37.386022
39.52500,14.404710,11.405107,37.737865
39.53000,14.239687,10.641954,38.022367
39.53500,14.045342,9.873783,38.239436
39.54000,13.823024,9.107215,38.389863
39.54500,13.574333,8.348552,38.475269
39.55000,13.301086,7.603652,38.498018
39.55500,13.005284,6.877843,38.461124
39.56000,12.689079,6.175841,38.368132
39.56500,12.354728,5.501704,38.223012
39.57000,12.004562,4.858808,38.030035
39.57500,11.640943,4.249835,37.793664
39.58000,11.266235,3.676794,37.518444
39.58500,10.882767,3.141048,37.208909
39.59000,10.492806,2.643359,36.869496
39.59500,10.098532,2.183942,36.504475
39.60000,9.702018,1.762528,36.117897
39.60500,9.305210,1.378423,35.713546
39.61000,8.909919,1.030579,35.294914
39.61500,8.517806,0.717657,34.865179
39.62000,8.130382,0.438084,34.427205
39.62500,7.749002,0.190114,33.983534
39.63000,7.374868,-0.028120,33.536404
39.63500,7.009028,-0.218564,33.087756
39.64000,6.652385,-0.383200,32.639256
39.64500,6.305700,-0.524012,32.192314
39.65000,5.969602,-0.642961,31.748108
39.65500,5.644592,-0.741957,31.307606
39.66000,5.331057,-0.822845,30.871590
39.66500,5.029278,-0.887388,30.440678
39.67000,4.739436,-0.937261,30.015346
39.67500,4.461626,-0.974040,29.595947
39.68000,4.195862,-0.999201,29.182730
39.68500,3.942090,-1.014114,28.775857
39.69000,3.700193,-1.020051,28.375416
39.69500,3.470001,-1.018178,27.981436
39.70000,3.251296,-1.009565,27.593900
39.70500,3.043824,-0.995188,27.212751
39.71000,2.847294,-0.975931,26.837902
39.71500,2.661392,-0.952593,26.469247
39.72000,2.485780,-0.925892,26.106660
39.72500,2.320104,-0.896472,25.750007
39.73000,2.163999,-0.864905,25.399146
39.73500,2.017088,-0.831700,25.053931
39.74000,1.878993,-0.797303,24.714216
39.74500,1.749331,-0.762109,24.379856
39.75000,1.627722,-0.726460,24.050708
39.75500,1.513788,-0.690653,23.726634
39.76000,1.407155,-0.654943,23.407499
39.76500,1.307457,-0.619547,23.093176
39.77000,1.214337,-0.584648,22.783541
39.77500,1.127444,-0.550401,22.478477
39.78000,1.046441,-0.516930,22.177873
39.78500,0.971000,-0.484337,21.881623
39.79000,0.900804,-0.452700,21.589628
39.79500,0.835550,-0.422082,21.301791
39.80000,0.774946,-0.392525,21.018024
39.80500,0.718712,-0.364057,20.738241
39.81000,0.666582,-0.336696,20.462362
39.81500,0.618301,-0.310446,20.190309
39.82000,0.573629,-0.285301,19.922010
39.82500,0.532334,-0.261250,19.657396
39.83000,0.494200,-0.238271,19.396401
39.83500,0.459020,-0.216338,19.138961
39.84000,0.426601,-0.195422,18.885016
39.84500,0.396759,-0.175487,18.634508
39.85000,0.369321,-0.156496,18.387381
39.85500,0.344125,-0.138407,18.143582
39.86000,0.321018,-0.121179,17.903059
39.86500,0.299859,-0.104768,17.665762
39.87000,0.280513,-0.089128,17.431642
39.87500,0.262855,-0.074216,17.200652
39.88000,0.246768,-0.059984,16.972748
39.88500,0.232144,-0.046389,16.747883
39.89000,0.218882,-0.033384,16.526016
39.89500,0.206887,-0.020926,16.307102
39.90000,0.196073,-0.008969,16.091103
39.90500,0.186357,0.002528,15.877975
39.91000,0.177666,0.013610,15.667682
39.91500,0.169929,0.024316,15.460182
39.92000,0.163084,0.034689,15.255439
39.92500,0.157071,0.044767,15.053415
39.93000,0.151836,0.054589,14.854073
39.93500,0.147331,0.064194,14.657377
39.94000,0.143508,0.073617,14.463292
39.94500,0.140328,0.082895,14.271783
39.95000,0.137753,0.092064,14.082816
39.95500,0.135749,0.101158,13.896357
39.96000,0.134284,0.110209,13.712373
39.96500,0.133333,0.119252,13.530831
39.97000,0.132869,0.128320,13.351699
39.97500,0.132871,0.137443,13.174946
39.98000,0.133320,0.146654,13.000540
39.98500,0.134199,0.155984,12.828450
39.99000,0.135494,0.165464,12.658647
39.99500,0.137192,0.175126,12.491101
